ano_campeonato;data;horario;rodada;publico;time_man;time_vis;gols_man;gols_vis
2007;03/05/2007;12:00;1;26469;América-RN;Vasco da Gama;0;1
2007;03/05/2007;12:00;1;5116;Atlético-MG;Náutico;2;1
2007;03/05/2007;12:00;1;5806;Corinthians;Juventude;1;0
2007;03/05/2007;12:00;1;6222;Figueirense;Atlético-PR;3;6
2007;03/05/2007;12:00;1;7801;Flamengo;Palmeiras;2;4
2007;03/05/2007;12:00;1;12132;Fluminense;Cruzeiro;2;2
2007;03/05/2007;12:00;1;11870;Internacional;Botafogo;2;3
2007;03/05/2007;12:00;1;3568;Paraná;Grêmio;3;0
2007;03/05/2007;12:00;1;0;São Paulo;Goiás;2;0
2007;03/05/2007;12:00;1;23273;Sport;Santos;4;1
2007;20/05/2007;12:00;2;3093;Santos;América-RN;2;3
2007;20/05/2007;12:00;2;18512;Náutico;São Paulo;1;0
2007;20/05/2007;12:00;2;19047;Palmeiras;Figueirense;2;1
2007;20/05/2007;12:00;2;16682;Vasco da Gama;Sport;3;1
2007;20/05/2007;12:00;2;8932;Atlético-PR;Internacional;2;1
2007;20/05/2007;12:00;2;5991;Botafogo;Atlético-MG;2;1
2007;20/05/2007;12:00;2;17702;Cruzeiro;Corinthians;0;3
2007;20/05/2007;12:00;2;21971;Goiás;Flamengo;1;3
2007;20/05/2007;12:00;2;14968;Grêmio;Fluminense;2;0
2007;20/05/2007;12:00;2;3366;Juventude;Paraná;1;2
2007;27/05/2007;12:00;3;11107;América-RN;Figueirense;0;1
2007;27/05/2007;12:00;3;13311;Atlético-PR;Santos;0;1
2007;27/05/2007;12:00;3;21580;Corinthians;Atlético-MG;0;0
2007;27/05/2007;12:00;3;9092;Cruzeiro;Paraná;3;4
2007;27/05/2007;12:00;3;12321;Flamengo;Botafogo;2;2
2007;27/05/2007;12:00;3;4291;Fluminense;Internacional;3;0
2007;27/05/2007;12:00;3;9127;Goiás;Juventude;3;1
2007;27/05/2007;12:00;3;31606;Grêmio;Sport;1;0
2007;27/05/2007;12:00;3;15503;Náutico;Vasco da Gama;2;2
2007;27/05/2007;12:00;3;20873;São Paulo;Palmeiras;0;0
2007;03/06/2007;12:00;4;4038;Juventude;América-RN;3;0
2007;03/06/2007;12:00;4;11398;Atlético-MG;Atlético-PR;1;1
2007;03/06/2007;12:00;4;12681;Botafogo;Grêmio;3;0
2007;03/06/2007;12:00;4;10989;Figueirense;Goiás;2;1
2007;03/06/2007;12:00;4;12286;Internacional;Náutico;2;0
2007;03/06/2007;12:00;4;13381;Palmeiras;Cruzeiro;1;3
2007;03/06/2007;12:00;4;10795;Paraná;São Paulo;0;1
2007;03/06/2007;12:00;4;10736;Santos;Corinthians;1;1
2007;03/06/2007;12:00;4;33767;Sport;Flamengo;2;2
2007;03/06/2007;12:00;4;12693;Vasco da Gama;Fluminense;1;1
2007;10/06/2007;12:00;5;20208;América-RN;Corinthians;1;2
2007;10/06/2007;12:00;5;7196;Atlético-PR;Goiás;0;3
2007;10/06/2007;12:00;5;8038;Cruzeiro;Juventude;2;3
2007;10/06/2007;12:00;5;14363;Figueirense;Flamengo;4;0
2007;10/06/2007;12:00;5;35848;Fluminense;Sport;3;0
2007;10/06/2007;12:00;5;3220;Internacional;Santos;1;0
2007;10/06/2007;12:00;5;11226;Náutico;Paraná;4;4
2007;10/06/2007;12:00;5;21322;Palmeiras;Botafogo;1;1
2007;10/06/2007;12:00;5;22996;São Paulo;Atlético-MG;0;1
2007;10/06/2007;12:00;5;15519;Vasco da Gama;Grêmio;4;0
2007;17/06/2007;12:00;6;21067;Sport;América-RN;2;2
2007;17/06/2007;12:00;6;15554;Atlético-MG;Figueirense;4;1
2007;17/06/2007;12:00;6;7574;Atlético-PR;Fluminense;1;1
2007;17/06/2007;12:00;6;25967;Botafogo;Náutico;3;1
2007;17/06/2007;12:00;6;40182;Corinthians;Paraná;0;0
2007;17/06/2007;12:00;6;15358;Flamengo;Internacional;2;2
2007;17/06/2007;12:00;6;10523;Goiás;Palmeiras;3;1
2007;17/06/2007;12:00;6;9599;Grêmio;Cruzeiro;0;2
2007;17/06/2007;12:00;6;5011;Juventude;Santos;0;2
2007;17/06/2007;12:00;6;9065;São Paulo;Vasco da Gama;2;0
2007;24/06/2007;12:00;7;10061;América-RN;Fluminense;0;1
2007;24/06/2007;12:00;7;36746;Cruzeiro;Atlético-MG;4;2
2007;24/06/2007;12:00;7;30372;Internacional;Grêmio;0;2
2007;24/06/2007;12:00;7;4656;Juventude;Figueirense;1;1
2007;24/06/2007;12:00;7;10397;Náutico;Goiás;0;2
2007;24/06/2007;12:00;7;17552;Palmeiras;Atlético-PR;0;2
2007;24/06/2007;12:00;7;11259;Paraná;Sport;1;0
2007;24/06/2007;12:00;7;8703;Santos;São Paulo;0;2
2007;15/08/2007;12:00;7;13736;Botafogo;Corinthians;2;3
2007;18/10/2007;09:45;7;44473;Vasco da Gama;Flamengo;1;2
2007;30/06/2007;12:00;8;5712;América-RN;Goiás;0;3
2007;30/06/2007;12:00;8;28395;Corinthians;Palmeiras;0;1
2007;30/06/2007;12:00;8;37667;Cruzeiro;Vasco da Gama;3;1
2007;30/06/2007;12:00;8;11605;Figueirense;São Paulo;0;0
2007;30/06/2007;12:00;8;43810;Fluminense;Botafogo;1;2
2007;30/06/2007;12:00;8;11475;Internacional;Atlético-MG;1;1
2007;30/06/2007;12:00;8;6462;Paraná;Atlético-PR;2;2
2007;30/06/2007;12:00;8;3824;Santos;Grêmio;0;0
2007;30/06/2007;12:00;8;22704;Sport;Náutico;4;1
2007;23/08/2007;12:00;8;16845;Flamengo;Juventude;4;0
2007;04/07/2007;12:00;9;13049;Palmeiras;América-RN;2;0
2007;04/07/2007;12:00;9;21370;Atlético-MG;Flamengo;1;1
2007;04/07/2007;12:00;9;6156;Atlético-PR;Náutico;1;1
2007;04/07/2007;12:00;9;7570;Figueirense;Cruzeiro;2;1
2007;04/07/2007;12:00;9;4397;Fluminense;Paraná;0;0
2007;04/07/2007;12:00;9;22835;Goiás;Botafogo;1;1
2007;04/07/2007;12:00;9;13603;Grêmio;Juventude;3;1
2007;04/07/2007;12:00;9;11423;São Paulo;Internacional;1;0
2007;04/07/2007;12:00;9;32337;Sport;Corinthians;2;1
2007;04/07/2007;12:00;9;2379;Vasco da Gama;Santos;4;0
2007;07/07/2007;12:00;10;3790;Paraná;América-RN;0;1
2007;07/07/2007;12:00;10;13458;Atlético-MG;Grêmio;0;1
2007;07/07/2007;12:00;10;24923;Botafogo;Atlético-PR;2;0
2007;07/07/2007;12:00;10;8684;Corinthians;Fluminense;1;1
2007;07/07/2007;12:00;10;16797;São Paulo;Flamengo;0;0
2007;07/07/2007;12:00;10;9336;Goiás;Sport;3;2
2007;07/07/2007;12:00;10;7271;Internacional;Figueirense;2;1
2007;07/07/2007;12:00;10;4326;Juventude;Vasco da Gama;2;0
2007;07/07/2007;12:00;10;11015;Náutico;Palmeiras;0;1
2007;07/07/2007;12:00;10;3414;Santos;Cruzeiro;4;1
2007;14/07/2007;12:00;11;14402;América-RN;Internacional;1;2
2007;14/07/2007;12:00;11;19831;Corinthians;São Paulo;1;1
2007;14/07/2007;12:00;11;26857;Cruzeiro;Goiás;2;1
2007;14/07/2007;12:00;11;19567;Grêmio;Palmeiras;1;1
2007;14/07/2007;12:00;11;2544;Juventude;Náutico;1;1
2007;14/07/2007;12:00;11;3419;Paraná;Figueirense;1;2
2007;14/07/2007;12:00;11;12554;Santos;Botafogo;3;0
2007;14/07/2007;12:00;11;24595;Sport;Atlético-MG;2;0
2007;14/07/2007;12:00;11;2182;Vasco da Gama;Atlético-PR;1;0
2007;16/08/2007;08:30;11;49828;Fluminense;Flamengo;0;1
2007;14/06/2007;12:00;12;25287;Botafogo;Vasco da Gama;4;0
2007;18/07/2007;12:00;12;5851;Figueirense;Sport;0;1
2007;19/07/2007;12:00;12;7434;Atlético-MG;América-RN;4;1
2007;19/07/2007;12:00;12;5242;Atlético-PR;Juventude;4;0
2007;19/07/2007;12:00;12;16376;Internacional;Corinthians;3;0
2007;19/07/2007;12:00;12;9525;Náutico;Cruzeiro;1;4
2007;19/07/2007;12:00;12;5072;São Paulo;Fluminense;0;1
2007;20/07/2007;12:00;12;45000;Flamengo;Paraná;1;2
2007;20/07/2007;12:00;12;9011;Goiás;Grêmio;0;0
2007;20/07/2007;12:00;12;18662;Palmeiras;Santos;2;2
2007;21/07/2007;12:00;13;7077;América-RN;Atlético-PR;2;1
2007;21/07/2007;12:00;13;8517;Juventude;Internacional;2;0
2007;21/07/2007;12:00;13;5607;Vasco da Gama;Atlético-MG;4;0
2007;22/07/2007;12:00;13;17937;Corinthians;Náutico;0;3
2007;22/07/2007;12:00;13;32999;Cruzeiro;São Paulo;1;2
2007;22/07/2007;12:00;13;10171;Fluminense;Goiás;3;0
2007;22/07/2007;12:00;13;13246;Grêmio;Flamengo;1;0
2007;22/07/2007;12:00;13;7882;Paraná;Palmeiras;1;0
2007;22/07/2007;12:00;13;4984;Santos;Figueirense;3;1
2007;22/07/2007;12:00;13;27570;Sport;Botafogo;3;3
2007;25/07/2007;12:00;14;5818;Atlético-PR;Cruzeiro;2;2
2007;25/07/2007;12:00;14;7498;Goiás;Santos;1;0
2007;26/07/2007;12:00;14;7047;Figueirense;Corinthians;2;2
2007;26/07/2007;12:00;14;10854;Flamengo;América-RN;3;1
2007;26/07/2007;12:00;14;10808;Internacional;Paraná;1;0
2007;26/07/2007;12:00;14;13009;Náutico;Grêmio;0;2
2007;26/07/2007;12:00;14;6389;Palmeiras;Vasco da Gama;3;2
2007;27/07/2007;12:00;14;11382;Atlético-MG;Fluminense;3;0
2007;27/07/2007;12:00;14;0;Botafogo;Juventude;3;1
2007;27/07/2007;12:00;14;7236;São Paulo;Sport;3;1
2007;28/07/2007;12:00;15;27377;Grêmio;Atlético-PR;1;1
2007;28/07/2007;12:00;15;20581;Vasco da Gama;Goiás;4;1
2007;29/07/2007;12:00;15;23013;América-RN;São Paulo;0;1
2007;29/07/2007;12:00;15;5458;Corinthians;Flamengo;2;2
2007;29/07/2007;12:00;15;13302;Cruzeiro;Botafogo;3;2
2007;29/07/2007;12:00;15;6654;Fluminense;Figueirense;1;1
2007;29/07/2007;12:00;15;5140;Juventude;Palmeiras;1;1
2007;29/07/2007;12:00;15;11800;Paraná;Atlético-MG;1;3
2007;29/07/2007;12:00;15;8321;Santos;Náutico;1;2
2007;29/07/2007;12:00;15;24992;Sport;Internacional;1;5
2007;02/08/2007;12:00;16;22038;Atlético-MG;Santos;1;2
2007;02/08/2007;12:00;16;9889;Atlético-PR;Corinthians;2;2
2007;02/08/2007;12:00;16;13314;Botafogo;América-RN;4;2
2007;02/08/2007;12:00;16;6586;Figueirense;Grêmio;1;0
2007;02/08/2007;12:00;16;3521;Goiás;Paraná;2;0
2007;02/08/2007;12:00;16;22084;Internacional;Vasco da Gama;0;2
2007;02/08/2007;12:00;16;11635;Náutico;Fluminense;0;0
2007;02/08/2007;12:00;16;12009;Palmeiras;Sport;1;2
2007;02/08/2007;12:00;16;7177;São Paulo;Juventude;3;1
2007;13/09/2007;12:00;16;11640;Flamengo;Cruzeiro;3;1
2007;04/08/2007;12:00;17;5280;América-RN;Náutico;1;5
2007;04/08/2007;12:00;17;4255;Corinthians;Goiás;1;0
2007;04/08/2007;12:00;17;12063;Paraná;Botafogo;0;0
2007;04/08/2007;12:00;17;22923;Sport;Atlético-PR;3;2
2007;04/08/2007;12:00;17;11612;Vasco da Gama;Figueirense;2;2
2007;05/08/2007;12:00;17;20463;Cruzeiro;Internacional;3;2
2007;05/08/2007;12:00;17;10669;Fluminense;Palmeiras;0;1
2007;05/08/2007;12:00;17;21051;Grêmio;São Paulo;0;2
2007;05/08/2007;12:00;17;6818;Juventude;Atlético-MG;1;2
2007;05/08/2007;12:00;17;6663;Santos;Flamengo;3;0
2007;08/08/2007;12:00;18;16932;Cruzeiro;Sport;2;0
2007;08/08/2007;12:00;18;6944;Juventude;Fluminense;0;0
2007;09/08/2007;12:00;18;8617;Atlético-PR;Flamengo;2;0
2007;09/08/2007;12:00;18;40067;Botafogo;São Paulo;0;2
2007;09/08/2007;12:00;18;4107;Goiás;Atlético-MG;3;2
2007;09/08/2007;12:00;18;11208;Náutico;Figueirense;4;2
2007;09/08/2007;12:00;18;17386;Vasco da Gama;Corinthians;2;0
2007;10/08/2007;12:00;18;12244;Grêmio;América-RN;3;0
2007;10/08/2007;12:00;18;15436;Palmeiras;Internacional;1;1
2007;10/08/2007;12:00;18;5602;Santos;Paraná;2;0
2007;11/08/2007;12:00;19;34457;Flamengo;Náutico;2;1
2007;11/08/2007;12:00;19;36520;São Paulo;Atlético-PR;2;0
2007;11/08/2007;12:00;19;18646;Sport;Juventude;3;0
2007;12/08/2007;12:00;19;5952;América-RN;Cruzeiro;1;2
2007;12/08/2007;12:00;19;15867;Atlético-MG;Palmeiras;1;2
2007;12/08/2007;12:00;19;6298;Corinthians;Grêmio;2;1
2007;12/08/2007;12:00;19;12281;Figueirense;Botafogo;1;1
2007;12/08/2007;12:00;19;6002;Fluminense;Santos;3;0
2007;12/08/2007;12:00;19;33686;Internacional;Goiás;1;0
2007;12/08/2007;12:00;19;4410;Paraná;Vasco da Gama;0;0
2007;18/08/2007;12:00;20;7978;Atlético-PR;Figueirense;1;1
2007;18/08/2007;12:00;20;20814;Grêmio;Paraná;2;0
2007;18/08/2007;12:00;20;12429;Santos;Sport;2;0
2007;19/08/2007;12:00;20;21688;Botafogo;Internacional;1;1
2007;19/08/2007;12:00;20;17046;Cruzeiro;Fluminense;4;2
2007;19/08/2007;12:00;20;30110;Goiás;São Paulo;0;0
2007;19/08/2007;12:00;20;10347;Juventude;Corinthians;2;2
2007;19/08/2007;12:00;20;13432;Náutico;Atlético-MG;0;1
2007;19/08/2007;12:00;20;23550;Palmeiras;Flamengo;2;1
2007;19/08/2007;12:00;20;23000;Vasco da Gama;América-RN;2;0
2007;25/08/2007;06:10;21;32431;Corinthians;Cruzeiro;0;3
2007;25/08/2007;06:10;21;12025;Fluminense;Grêmio;1;1
2007;25/08/2007;06:10;21;13548;Internacional;Atlético-PR;1;0
2007;26/08/2007;04:00;21;11527;Paraná;Juventude;3;1
2007;26/08/2007;04:00;21;9204;Figueirense;Palmeiras;1;2
2007;26/08/2007;04:00;21;19828;Atlético-MG;Botafogo;1;2
2007;26/08/2007;04:00;21;40029;São Paulo;Náutico;5;0
2007;26/08/2007;06:10;21;25453;Sport;Vasco da Gama;0;0
2007;26/08/2007;06:10;21;7962;América-RN;Santos;1;4
2007;26/08/2007;06:10;21;52106;Flamengo;Goiás;3;1
2007;29/08/2007;07:30;22;5631;Juventude;Goiás;2;0
2007;29/08/2007;07:30;22;3823;Paraná;Cruzeiro;2;2
2007;29/08/2007;08:30;22;16124;Palmeiras;São Paulo;0;1
2007;29/08/2007;08:30;22;44212;Botafogo;Flamengo;1;1
2007;29/08/2007;09:45;22;3752;Figueirense;América-RN;3;1
2007;29/08/2007;09:45;22;7703;Atlético-MG;Corinthians;5;2
2007;29/08/2007;09:45;22;14475;Internacional;Fluminense;1;4
2007;29/08/2007;09:45;22;18444;Sport;Grêmio;2;0
2007;30/09/2007;08:30;22;2784;Santos;Atlético-PR;3;1
2007;30/09/2007;08:30;22;9619;Vasco da Gama;Náutico;4;1
2007;01/09/2007;06:10;23;51552;Flamengo;Sport;1;1
2007;01/09/2007;06:10;23;36496;São Paulo;Paraná;6;0
2007;01/09/2007;06:10;23;1446;América-RN;Juventude;0;3
2007;02/09/2007;04:00;23;10438;Corinthians;Santos;2;0
2007;02/09/2007;04:00;23;14653;Atlético-PR;Atlético-MG;1;0
2007;02/09/2007;04:00;23;31064;Cruzeiro;Palmeiras;5;0
2007;02/09/2007;04:00;23;25515;Grêmio;Botafogo;3;0
2007;02/09/2007;06:10;23;9240;Goiás;Figueirense;2;1
2007;02/09/2007;06:10;23;8895;Náutico;Internacional;1;1
2007;02/09/2007;06:10;23;40871;Fluminense;Vasco da Gama;1;1
2007;05/09/2007;07:30;24;18445;Corinthians;América-RN;1;0
2007;05/09/2007;07:30;24;3490;Goiás;Atlético-PR;2;3
2007;05/09/2007;08:30;24;11169;Juventude;Cruzeiro;1;0
2007;05/09/2007;08:30;24;11263;Flamengo;Figueirense;4;1
2007;05/09/2007;09:45;24;16118;Atlético-MG;São Paulo;0;0
2007;05/09/2007;09:45;24;3233;Santos;Internacional;2;1
2007;05/09/2007;09:45;24;18147;Grêmio;Vasco da Gama;3;1
2007;06/09/2007;08:30;24;25376;Sport;Fluminense;0;2
2007;06/09/2007;08:30;24;3531;Paraná;Náutico;2;4
2007;06/09/2007;08:30;24;8634;Botafogo;Palmeiras;1;1
2007;08/09/2007;04:00;25;8849;Figueirense;Atlético-MG;2;1
2007;08/09/2007;04:00;25;20110;Vasco da Gama;São Paulo;0;2
2007;08/09/2007;04:00;25;20161;Internacional;Flamengo;3;0
2007;08/09/2007;06:10;25;35645;Cruzeiro;Grêmio;2;0
2007;08/09/2007;06:10;25;16055;Santos;Juventude;1;0
2007;09/09/2007;07:00;25;7264;Paraná;Corinthians;1;0
2007;09/09/2007;07:00;25;14574;Fluminense;Atlético-PR;2;0
2007;09/09/2007;07:00;25;4979;América-RN;Sport;1;1
2007;09/09/2007;07:00;25;18576;Palmeiras;Goiás;2;0
2007;09/09/2007;07:00;25;10622;Náutico;Botafogo;4;1
2007;15/09/2007;06:10;26;2742;Goiás;Náutico;0;3
2007;15/09/2007;06:10;26;33865;São Paulo;Santos;2;1
2007;15/09/2007;06:10;26;13984;Fluminense;América-RN;2;0
2007;16/09/2007;04:00;26;7794;Corinthians;Botafogo;0;1
2007;16/09/2007;04:00;26;44323;Atlético-MG;Cruzeiro;3;4
2007;16/09/2007;04:00;26;23115;Atlético-PR;Palmeiras;2;1
2007;16/09/2007;04:00;26;21139;Sport;Paraná;3;1
2007;16/09/2007;06:10;26;6510;Figueirense;Juventude;4;1
2007;16/09/2007;06:10;26;32873;Grêmio;Internacional;1;0
2007;16/09/2007;06:10;26;49495;Flamengo;Vasco da Gama;1;1
2007;22/09/2007;06:10;27;43783;São Paulo;Figueirense;2;0
2007;22/09/2007;06:10;27;9199;Goiás;América-RN;1;1
2007;22/09/2007;06:10;27;22832;Grêmio;Santos;1;0
2007;23/09/2007;04:00;27;6069;Juventude;Flamengo;2;2
2007;23/09/2007;04:00;27;0;Náutico;Sport;2;0
2007;23/09/2007;04:00;27;31518;Atlético-MG;Internacional;2;2
2007;23/09/2007;04:00;27;18591;Palmeiras;Corinthians;1;0
2007;23/09/2007;06:10;27;19213;Vasco da Gama;Cruzeiro;0;2
2007;23/09/2007;06:10;27;26040;Botafogo;Fluminense;0;2
2007;23/09/2007;06:10;27;26661;Atlético-PR;Paraná;2;1
2007;29/09/2007;06:10;28;30065;Corinthians;Sport;1;2
2007;29/09/2007;06:10;28;41783;Flamengo;Atlético-MG;1;0
2007;29/09/2007;06:10;28;14129;Náutico;Atlético-PR;5;0
2007;30/09/2007;04:00;28;7736;Botafogo;Goiás;0;3
2007;30/09/2007;04:00;28;33378;Internacional;São Paulo;1;2
2007;30/09/2007;04:00;28;20156;Juventude;Grêmio;1;2
2007;30/09/2007;04:00;28;9158;Santos;Vasco da Gama;1;0
2007;30/09/2007;06:10;28;36052;Cruzeiro;Figueirense;1;2
2007;30/09/2007;06:10;28;9592;América-RN;Palmeiras;0;0
2007;30/09/2007;06:10;28;13024;Paraná;Fluminense;3;1
2007;03/10/2007;07:30;29;8980;Palmeiras;Náutico;2;1
2007;03/10/2007;07:30;29;23372;Sport;Goiás;4;0
2007;03/10/2007;08:30;29;3526;Vasco da Gama;Juventude;0;1
2007;03/10/2007;08:30;29;24463;Grêmio;Atlético-MG;2;2
2007;03/10/2007;09:45;29;12413;Atlético-PR;Botafogo;2;0
2007;03/10/2007;09:45;29;8110;Cruzeiro;Santos;0;1
2007;03/10/2007;09:45;29;5476;Fluminense;Corinthians;1;1
2007;04/10/2007;08:30;29;2400;América-RN;Paraná;3;2
2007;04/10/2007;08:30;29;59098;Flamengo;São Paulo;1;0
2007;04/10/2007;08:30;29;12038;Figueirense;Internacional;0;0
2007;06/10/2007;06:10;30;22667;Palmeiras;Grêmio;2;0
2007;06/10/2007;06:10;30;7918;Botafogo;Santos;1;2
2007;06/10/2007;06:10;30;12391;Náutico;Juventude;4;1
2007;07/10/2007;04:00;30;24736;Atlético-PR;Vasco da Gama;1;0
2007;07/10/2007;04:00;30;14508;Internacional;América-RN;2;0
2007;07/10/2007;04:00;30;38194;São Paulo;Corinthians;0;1
2007;07/10/2007;04:00;30;37038;Atlético-MG;Sport;3;1
2007;07/10/2007;06:10;30;8417;Figueirense;Paraná;4;0
2007;07/10/2007;06:10;30;12626;Goiás;Cruzeiro;0;0
2007;07/10/2007;06:10;30;73616;Flamengo;Fluminense;0;2
2007;12/10/2007;06:10;31;26727;Cruzeiro;Náutico;2;2
2007;12/10/2007;06:10;31;23672;Sport;Figueirense;0;0
2007;12/10/2007;06:10;31;5954;Juventude;Atlético-PR;0;0
2007;13/10/2007;04:00;31;24696;Corinthians;Internacional;1;1
2007;13/10/2007;04:00;31;32406;Fluminense;São Paulo;1;1
2007;13/10/2007;04:00;31;11135;Paraná;Flamengo;0;1
2007;13/10/2007;06:10;31;4440;América-RN;Atlético-MG;0;1
2007;13/10/2007;06:10;31;22067;Grêmio;Goiás;2;1
2007;13/10/2007;06:10;31;16206;Santos;Palmeiras;1;1
2007;14/10/2007;04:00;31;17406;Vasco da Gama;Botafogo;2;1
2007;20/10/2007;06:10;32;11595;Goiás;Fluminense;5;3
2007;20/10/2007;06:10;32;26739;Palmeiras;Paraná;3;0
2007;20/10/2007;06:10;32;15560;Botafogo;Sport;3;1
2007;21/10/2007;04:00;32;60378;São Paulo;Cruzeiro;1;0
2007;21/10/2007;04:00;32;48704;Atlético-MG;Vasco da Gama;1;0
2007;21/10/2007;04:00;32;19890;Náutico;Corinthians;1;0
2007;21/10/2007;05:00;32;14912;Atlético-PR;América-RN;2;0
2007;21/10/2007;06:10;32;35576;Internacional;Juventude;3;0
2007;21/10/2007;06:10;32;9517;Figueirense;Santos;1;0
2007;21/10/2007;06:10;32;63189;Flamengo;Grêmio;2;0
2007;27/10/2007;06:10;33;14538;Fluminense;Atlético-MG;1;1
2007;27/10/2007;06:10;33;24676;Cruzeiro;Atlético-PR;1;1
2007;27/10/2007;06:10;33;13058;Santos;Goiás;3;0
2007;28/10/2007;04:00;33;35000;América-RN;Flamengo;0;1
2007;28/10/2007;04:00;33;36348;Sport;São Paulo;1;2
2007;28/10/2007;04:00;33;36101;Grêmio;Náutico;4;3
2007;28/10/2007;05:00;33;21971;Corinthians;Figueirense;2;1
2007;28/10/2007;06:10;33;7104;Juventude;Botafogo;1;1
2007;28/10/2007;06:10;33;6710;Paraná;Internacional;1;0
2007;28/10/2007;06:10;33;6182;Vasco da Gama;Palmeiras;2;2
2007;31/10/2007;04:00;34;23112;Atlético-PR;Grêmio;2;0
2007;31/10/2007;04:00;34;15951;Goiás;Vasco da Gama;2;3
2007;31/10/2007;04:00;34;15252;Náutico;Santos;1;2
2007;31/10/2007;04:00;34;34879;Atlético-MG;Paraná;0;0
2007;31/10/2007;04:00;34;68874;São Paulo;América-RN;3;0
2007;31/10/2007;04:00;34;7914;Figueirense;Fluminense;0;2
2007;31/10/2007;04:00;34;62026;Flamengo;Corinthians;2;1
2007;01/11/2007;04:00;34;16577;Palmeiras;Juventude;0;1
2007;01/11/2007;04:00;34;13495;Botafogo;Cruzeiro;4;1
2007;01/11/2007;04:00;34;13655;Internacional;Sport;0;0
2007;03/11/2007;04:00;35;13997;Fluminense;Náutico;2;1
2007;03/11/2007;04:00;35;12077;Paraná;Goiás;1;0
2007;03/11/2007;04:00;35;21437;Grêmio;Figueirense;1;2
2007;04/11/2007;04:00;35;32106;Corinthians;Atlético-PR;2;2
2007;04/11/2007;04:00;35;26531;Sport;Palmeiras;3;1
2007;04/11/2007;04:00;35;26294;Cruzeiro;Flamengo;3;1
2007;04/11/2007;04:00;35;5177;América-RN;Botafogo;1;1
2007;04/11/2007;04:00;35;7063;Santos;Atlético-MG;2;2
2007;04/11/2007;04:00;35;13144;Juventude;São Paulo;2;0
2007;04/11/2007;04:00;35;20935;Vasco da Gama;Internacional;1;2
2007;10/11/2007;04:00;36;9916;Botafogo;Paraná;3;2
2007;10/11/2007;04:00;36;14998;Náutico;América-RN;4;0
2007;10/11/2007;04:00;36;24751;Internacional;Cruzeiro;1;0
2007;11/11/2007;04:00;36;81844;Flamengo;Santos;1;0
2007;11/11/2007;04:00;36;14358;Atlético-PR;Sport;0;0
2007;11/11/2007;04:00;36;39773;Goiás;Corinthians;1;1
2007;11/11/2007;04:00;36;24714;São Paulo;Grêmio;1;0
2007;11/11/2007;04:00;36;11566;Figueirense;Vasco da Gama;3;3
2007;11/11/2007;04:00;36;39393;Atlético-MG;Juventude;4;1
2007;14/11/2007;04:00;36;24693;Palmeiras;Fluminense;1;0
2007;24/11/2007;04:00;37;8267;Fluminense;Juventude;3;2
2007;24/11/2007;04:00;37;0;América-RN;Grêmio;0;3
2007;25/11/2007;04:00;37;31119;Sport;Cruzeiro;1;0
2007;25/11/2007;04:00;37;15406;Paraná;Santos;2;3
2007;25/11/2007;04:00;37;82044;Flamengo;Atlético-PR;2;0
2007;25/11/2007;04:00;37;25302;Internacional;Palmeiras;2;1
2007;25/11/2007;04:00;37;30530;São Paulo;Botafogo;2;2
2007;28/11/2007;04:00;37;40743;Atlético-MG;Goiás;4;1
2007;28/11/2007;04:00;37;34168;Corinthians;Vasco da Gama;0;1
2007;28/11/2007;04:00;37;12516;Figueirense;Náutico;2;0
2007;02/12/2007;04:00;38;23534;Palmeiras;Atlético-MG;1;3
2007;02/12/2007;04:00;38;23055;Atlético-PR;São Paulo;2;1
2007;02/12/2007;04:00;38;29611;Cruzeiro;América-RN;2;0
2007;02/12/2007;04:00;38;17988;Náutico;Flamengo;1;0
2007;02/12/2007;04:00;38;34215;Goiás;Internacional;2;1
2007;02/12/2007;04:00;38;8581;Botafogo;Figueirense;1;1
2007;02/12/2007;04:00;38;34453;Grêmio;Corinthians;1;1
2007;02/12/2007;04:00;38;14387;Santos;Fluminense;2;4
2007;02/12/2007;04:00;38;796;Juventude;Sport;2;1
2007;02/12/2007;04:00;38;21685;Vasco da Gama;Paraná;3;0
2008;10/05/2008;06:10;1;14620;Náutico;Goiás;2;1
2008;10/05/2008;06:10;1;7929;São Paulo;Grêmio;0;1
2008;10/05/2008;06:10;1;14679;Vitória;Cruzeiro;0;2
2008;11/05/2008;04:00;1;2562;Botafogo;Sport;2;0
2008;11/05/2008;04:00;1;286;Ipatinga;Atlético-PR;0;1
2008;11/05/2008;04:00;1;31660;Coritiba;Palmeiras;2;0
2008;11/05/2008;04:00;1;25744;Internacional;Vasco da Gama;1;0
2008;11/05/2008;06:10;1;10619;Atlético-MG;Fluminense;0;0
2008;11/05/2008;06:10;1;0;Flamengo;Santos;3;1
2008;11/05/2008;06:10;1;2495;Portuguesa;Figueirense;5;5
2008;17/05/2008;06:10;2;14296;Cruzeiro;Botafogo;1;0
2008;17/05/2008;06:10;2;19104;Sport;Vitória;0;0
2008;17/05/2008;06:10;2;6033;Vasco da Gama;Portuguesa;3;1
2008;18/05/2008;04:00;2;38564;Grêmio;Flamengo;0;0
2008;18/05/2008;04:00;2;3931;Goiás;Atlético-MG;1;1
2008;18/05/2008;04:00;2;8555;Fluminense;Náutico;0;2
2008;18/05/2008;04:00;2;21569;Atlético-PR;São Paulo;1;1
2008;18/05/2008;06:10;2;2396;Santos;Ipatinga;4;0
2008;18/05/2008;06:10;2;7139;Figueirense;Coritiba;2;1
2008;18/05/2008;06:10;2;10081;Palmeiras;Internacional;2;1
2008;24/05/2008;06:10;3;27031;Flamengo;Internacional;2;1
2008;24/05/2008;06:10;3;12027;Vitória;Figueirense;4;0
2008;24/05/2008;06:10;3;23685;Grêmio;Náutico;2;0
2008;25/05/2008;04:00;3;5027;São Paulo;Coritiba;1;1
2008;25/05/2008;04:00;3;19291;Cruzeiro;Santos;4;0
2008;25/05/2008;04:00;3;1773;Goiás;Ipatinga;1;1
2008;25/05/2008;04:00;3;16933;Sport;Fluminense;2;1
2008;25/05/2008;06:10;3;14741;Atlético-PR;Atlético-MG;1;1
2008;25/05/2008;06:10;3;6428;Portuguesa;Palmeiras;1;1
2008;25/05/2008;06:10;3;14677;Botafogo;Vasco da Gama;1;1
2008;31/05/2008;06:10;4;3402;Vasco da Gama;Grêmio;2;1
2008;31/05/2008;06:10;4;5027;Figueirense;Goiás;0;0
2008;31/05/2008;06:10;4;23456;Internacional;Sport;1;1
2008;01/06/2008;04:00;4;0;Ipatinga;Vitória;2;0
2008;01/06/2008;04:00;4;17436;Náutico;Botafogo;3;0
2008;01/06/2008;04:00;4;0;Coritiba;Cruzeiro;1;1
2008;01/06/2008;04:00;4;7298;Santos;São Paulo;0;0
2008;01/06/2008;04:00;4;0;Palmeiras;Atlético-PR;1;0
2008;01/06/2008;06:10;4;9522;Atlético-MG;Portuguesa;2;0
2008;01/06/2008;06:10;4;19441;Fluminense;Flamengo;0;1
2008;07/06/2008;06:10;5;22002;Flamengo;Figueirense;5;0
2008;07/06/2008;06:10;5;2875;Ipatinga;Náutico;0;0
2008;07/06/2008;06:10;5;7609;São Paulo;Atlético-MG;5;1
2008;08/06/2008;04:00;5;23176;Grêmio;Fluminense;2;1
2008;08/06/2008;04:00;5;3415;Portuguesa;Internacional;3;1
2008;08/06/2008;04:00;5;14721;Atlético-PR;Goiás;5;0
2008;08/06/2008;04:00;5;0;Sport;Palmeiras;2;0
2008;08/06/2008;06:10;5;6008;Botafogo;Coritiba;2;1
2008;08/06/2008;06:10;5;0;Vitória;Santos;1;0
2008;08/06/2008;06:10;5;20278;Cruzeiro;Vasco da Gama;1;0
2008;12/06/2008;08:30;6;6539;Fluminense;Santos;1;1
2008;12/06/2008;08:30;6;5357;Atlético-MG;Ipatinga;4;2
2008;12/06/2008;08:30;6;0;Palmeiras;Cruzeiro;5;2
2008;14/06/2008;04:10;6;20694;Internacional;Botafogo;2;1
2008;14/06/2008;04:10;6;55238;Flamengo;São Paulo;2;4
2008;14/06/2008;04:10;6;5100;Figueirense;Sport;3;1
2008;14/06/2008;06:20;6;0;Portuguesa;Atlético-PR;1;0
2008;14/06/2008;06:20;6;0;Goiás;Grêmio;0;3
2008;14/06/2008;06:20;6;0;Coritiba;Vitória;0;0
2008;14/06/2008;06:20;6;0;Náutico;Vasco da Gama;1;1
2008;21/06/2008;06:10;7;11560;São Paulo;Sport;1;0
2008;21/06/2008;06:10;7;15323;Coritiba;Fluminense;2;1
2008;21/06/2008;06:10;7;5230;Botafogo;Portuguesa;0;1
2008;21/06/2008;06:10;7;8988;Cruzeiro;Figueirense;3;0
2008;22/06/2008;04:00;7;0;Vitória;Internacional;2;1
2008;22/06/2008;04:00;7;5348;Vasco da Gama;Palmeiras;0;2
2008;22/06/2008;04:00;7;13260;Ipatinga;Flamengo;1;3
2008;22/06/2008;06:10;7;21438;Grêmio;Atlético-PR;3;0
2008;22/06/2008;06:10;7;3848;Santos;Goiás;0;4
2008;22/06/2008;06:10;7;15104;Náutico;Atlético-MG;2;1
2008;28/06/2008;06:20;8;13089;Vitória;Goiás;3;0
2008;28/06/2008;06:20;8;0;Portuguesa;Santos;0;0
2008;28/06/2008;06:20;8;2724;Vasco da Gama;Ipatinga;4;2
2008;29/06/2008;04:00;8;0;Atlético-PR;Coritiba;1;1
2008;29/06/2008;04:00;8;0;Sport;Flamengo;1;2
2008;29/06/2008;04:00;8;0;Figueirense;Atlético-MG;1;1
2008;29/06/2008;04:00;8;37115;Cruzeiro;São Paulo;1;1
2008;29/06/2008;06:10;8;0;Grêmio;Internacional;1;1
2008;29/06/2008;06:20;8;0;Fluminense;Botafogo;0;0
2008;29/06/2008;06:20;8;0;Palmeiras;Náutico;2;0
2008;05/07/2008;06:10;9;0;Atlético-PR;Santos;1;0
2008;05/07/2008;06:10;9;18732;Sport;Cruzeiro;1;0
2008;05/07/2008;06:10;9;44434;Flamengo;Náutico;3;0
2008;06/07/2008;04:00;9;27528;Internacional;Coritiba;3;0
2008;06/07/2008;04:00;9;4420;Portuguesa;Vitória;1;2
2008;06/07/2008;04:00;9;0;Figueirense;Vasco da Gama;2;1
2008;06/07/2008;04:00;9;0;Atlético-MG;Palmeiras;1;1
2008;06/07/2008;06:10;9;0;Botafogo;Grêmio;2;0
2008;06/07/2008;06:10;9;0;Goiás;Fluminense;1;0
2008;06/07/2008;06:10;9;13421;São Paulo;Ipatinga;1;1
2008;09/07/2008;07:30;10;26535;Internacional;Goiás;1;0
2008;09/07/2008;07:30;10;0;Coritiba;Portuguesa;4;0
2008;09/07/2008;08:30;10;11466;Fluminense;Atlético-PR;3;0
2008;09/07/2008;08:30;10;26560;Vitória;Botafogo;5;2
2008;09/07/2008;09:45;10;0;Santos;Grêmio;1;1
2008;09/07/2008;09:45;10;0;Náutico;São Paulo;2;1
2008;09/07/2008;09:45;10;0;Atlético-MG;Flamengo;1;1
2008;10/07/2008;08:30;10;6703;Vasco da Gama;Sport;4;0
2008;10/07/2008;08:30;10;0;Ipatinga;Cruzeiro;2;2
2008;10/07/2008;08:30;10;0;Palmeiras;Figueirense;1;1
2008;12/07/2008;06:10;11;13860;Fluminense;Vitória;2;1
2008;12/07/2008;06:10;11;0;Goiás;Coritiba;2;2
2008;13/07/2008;04:00;11;0;Santos;Botafogo;2;2
2008;13/07/2008;04:00;11;0;Atlético-PR;Internacional;1;1
2008;13/07/2008;04:00;11;0;Ipatinga;Figueirense;0;1
2008;13/07/2008;04:00;11;0;Cruzeiro;Atlético-MG;2;1
2008;13/07/2008;04:00;11;22235;São Paulo;Palmeiras;2;1
2008;13/07/2008;06:10;11;63611;Flamengo;Vasco da Gama;3;1
2008;13/07/2008;06:10;11;0;Grêmio;Portuguesa;2;1
2008;13/07/2008;06:10;11;0;Náutico;Sport;0;2
2008;16/07/2008;07:30;12;10007;Botafogo;Ipatinga;4;0
2008;16/07/2008;07:30;12;0;Sport;Grêmio;2;2
2008;16/07/2008;08:30;12;0;Portuguesa;Náutico;3;2
2008;16/07/2008;08:30;12;0;Figueirense;Santos;3;0
2008;16/07/2008;09:45;12;35000;Vitória;São Paulo;1;3
2008;16/07/2008;09:45;12;0;Cruzeiro;Atlético-PR;1;0
2008;16/07/2008;09:45;12;0;Palmeiras;Fluminense;3;1
2008;17/07/2008;08:30;12;24343;Internacional;Atlético-MG;1;0
2008;17/07/2008;08:30;12;0;Coritiba;Flamengo;1;0
2008;17/07/2008;08:30;12;0;Vasco da Gama;Goiás;1;1
2008;19/07/2008;06:10;13;0;Fluminense;Figueirense;1;0
2008;19/07/2008;06:10;13;28217;Grêmio;Cruzeiro;1;0
2008;19/07/2008;06:10;13;0;Ipatinga;Portuguesa;4;1
2008;20/07/2008;04:00;13;0;Goiás;Palmeiras;3;2
2008;20/07/2008;04:00;13;0;Santos;Sport;1;0
2008;20/07/2008;04:00;13;0;Atlético-PR;Vasco da Gama;3;1
2008;20/07/2008;04:00;13;0;Náutico;Internacional;1;1
2008;20/07/2008;06:10;13;41827;Flamengo;Vitória;0;1
2008;20/07/2008;06:10;13;0;Atlético-MG;Coritiba;3;2
2008;20/07/2008;06:10;13;0;São Paulo;Botafogo;2;1
2008;23/07/2008;07:30;14;12734;Coritiba;Ipatinga;1;0
2008;23/07/2008;07:30;14;0;Cruzeiro;Goiás;0;1
2008;23/07/2008;08:30;14;0;Vitória;Náutico;2;0
2008;23/07/2008;08:30;14;0;Botafogo;Atlético-MG;4;0
2008;23/07/2008;09:45;14;41674;Internacional;São Paulo;2;0
2008;23/07/2008;09:45;14;0;Portuguesa;Flamengo;2;2
2008;23/07/2008;09:45;14;0;Vasco da Gama;Fluminense;3;3
2008;24/07/2008;08:30;14;0;Sport;Atlético-PR;1;0
2008;24/07/2008;08:30;14;0;Figueirense;Grêmio;1;7
2008;24/07/2008;08:30;14;0;Palmeiras;Santos;4;2
2008;26/07/2008;06:10;15;0;Fluminense;Cruzeiro;1;3
2008;26/07/2008;06:10;15;0;Náutico;Coritiba;1;2
2008;26/07/2008;06:10;15;0;Ipatinga;Internacional;1;0
2008;27/07/2008;04:00;15;0;Grêmio;Palmeiras;1;1
2008;27/07/2008;04:00;15;0;Goiás;Sport;1;2
2008;27/07/2008;04:00;15;0;Santos;Vasco da Gama;5;2
2008;27/07/2008;04:00;15;17528;Atlético-PR;Figueirense;0;0
2008;27/07/2008;06:10;15;0;Flamengo;Botafogo;0;0
2008;27/07/2008;06:10;15;0;Atlético-MG;Vitória;2;1
2008;27/07/2008;06:10;15;0;São Paulo;Portuguesa;3;1
2008;30/07/2008;07:30;16;0;Vitória;Atlético-PR;2;1
2008;30/07/2008;07:30;16;19209;Cruzeiro;Náutico;4;2
2008;30/07/2008;08:30;16;0;Botafogo;Goiás;2;0
2008;30/07/2008;08:30;16;0;Portuguesa;Fluminense;3;1
2008;30/07/2008;09:45;16;22228;Internacional;Santos;0;1
2008;30/07/2008;09:45;16;0;Figueirense;São Paulo;1;1
2008;30/07/2008;09:45;16;26854;Palmeiras;Flamengo;1;0
2008;31/07/2008;08:30;16;0;Coritiba;Grêmio;0;1
2008;31/07/2008;08:30;16;0;Sport;Ipatinga;3;1
2008;31/07/2008;08:30;16;4810;Vasco da Gama;Atlético-MG;6;1
2008;02/08/2008;06:10;17;10092;Fluminense;Internacional;1;2
2008;02/08/2008;06:10;17;0;Goiás;Portuguesa;4;0
2008;02/08/2008;06:10;17;0;Náutico;Figueirense;1;2
2008;03/08/2008;04:00;17;0;Grêmio;Vitória;2;0
2008;03/08/2008;04:00;17;37210;Flamengo;Cruzeiro;1;2
2008;03/08/2008;04:00;17;0;Ipatinga;Palmeiras;1;2
2008;03/08/2008;04:00;17;0;São Paulo;Vasco da Gama;4;0
2008;03/08/2008;06:10;17;10261;Santos;Coritiba;1;3
2008;03/08/2008;06:10;17;16966;Atlético-PR;Botafogo;0;3
2008;03/08/2008;06:10;17;0;Atlético-MG;Sport;2;1
2008;06/08/2008;07:30;18;0;Grêmio;Ipatinga;1;0
2008;06/08/2008;07:30;18;0;Vasco da Gama;Coritiba;0;2
2008;06/08/2008;08:30;18;0;Atlético-PR;Náutico;2;0
2008;06/08/2008;08:30;18;0;Sport;Portuguesa;2;0
2008;06/08/2008;09:50;18;0;Fluminense;São Paulo;3;1
2008;06/08/2008;09:50;18;39200;Goiás;Flamengo;2;1
2008;06/08/2008;09:50;18;0;Santos;Atlético-MG;2;3
2008;07/08/2008;08:30;18;8570;Figueirense;Botafogo;1;2
2008;07/08/2008;08:30;18;30861;Cruzeiro;Internacional;2;0
2008;07/08/2008;08:30;18;0;Palmeiras;Vitória;3;0
2008;09/08/2008;06:10;19;0;Flamengo;Atlético-PR;1;0
2008;09/08/2008;06:10;19;0;Atlético-MG;Grêmio;0;4
2008;09/08/2008;06:10;19;0;São Paulo;Goiás;2;1
2008;10/08/2008;04:00;19;29379;Botafogo;Palmeiras;1;0
2008;10/08/2008;04:00;19;0;Vitória;Vasco da Gama;5;0
2008;10/08/2008;04:00;19;0;Portuguesa;Cruzeiro;2;1
2008;10/08/2008;04:00;19;20077;Coritiba;Sport;3;0
2008;10/08/2008;06:10;19;25659;Internacional;Figueirense;1;1
2008;10/08/2008;06:10;19;13711;Náutico;Santos;1;0
2008;10/08/2008;06:10;19;0;Ipatinga;Fluminense;2;1
2008;16/08/2008;06:20;20;16678;Cruzeiro;Vitória;2;1
2008;16/08/2008;06:20;20;0;Figueirense;Portuguesa;2;1
2008;16/08/2008;06:20;20;0;Atlético-PR;Ipatinga;5;0
2008;17/08/2008;04:00;20;0;Goiás;Náutico;3;0
2008;17/08/2008;04:00;20;5387;Vasco da Gama;Internacional;4;0
2008;17/08/2008;04:00;20;15359;Santos;Flamengo;2;2
2008;17/08/2008;04:00;20;40256;Grêmio;São Paulo;1;0
2008;17/08/2008;06:10;20;0;Sport;Botafogo;0;1
2008;17/08/2008;06:10;20;0;Palmeiras;Coritiba;1;0
2008;17/08/2008;06:10;20;0;Fluminense;Atlético-MG;1;0
2008;20/08/2008;07:30;21;12360;Coritiba;Figueirense;3;0
2008;20/08/2008;07:30;21;7618;Vitória;Sport;0;0
2008;20/08/2008;08:30;21;0;Botafogo;Cruzeiro;1;0
2008;20/08/2008;08:30;21;0;São Paulo;Atlético-PR;3;1
2008;20/08/2008;10:00;21;0;Náutico;Fluminense;1;3
2008;20/08/2008;10:00;21;0;Ipatinga;Santos;1;1
2008;20/08/2008;10:00;21;14470;Internacional;Palmeiras;4;1
2008;21/08/2008;08:30;21;31716;Flamengo;Grêmio;2;1
2008;21/08/2008;08:30;21;0;Portuguesa;Vasco da Gama;0;1
2008;21/08/2008;08:30;21;0;Atlético-MG;Goiás;1;1
2008;23/08/2008;06:20;22;4301;Figueirense;Vitória;1;2
2008;23/08/2008;06:20;22;11442;Fluminense;Sport;1;1
2008;24/08/2008;04:00;22;0;Ipatinga;Goiás;1;0
2008;24/08/2008;04:00;22;0;Santos;Cruzeiro;2;0
2008;24/08/2008;04:00;22;0;Coritiba;São Paulo;2;2
2008;24/08/2008;04:00;22;8180;Palmeiras;Portuguesa;4;2
2008;24/08/2008;04:00;22;29329;Internacional;Flamengo;1;1
2008;24/08/2008;06:10;22;0;Atlético-MG;Atlético-PR;4;0
2008;24/08/2008;06:10;22;12325;Náutico;Grêmio;1;1
2008;24/08/2008;06:10;22;0;Vasco da Gama;Botafogo;1;1
2008;30/08/2008;06:20;23;0;Goiás;Figueirense;2;0
2008;30/08/2008;06:20;23;0;Vitória;Ipatinga;0;0
2008;30/08/2008;06:20;23;0;Botafogo;Náutico;1;1
2008;31/08/2008;04:00;23;0;São Paulo;Santos;0;0
2008;31/08/2008;04:00;23;0;Grêmio;Vasco da Gama;2;1
2008;31/08/2008;04:00;23;0;Atlético-PR;Palmeiras;1;2
2008;31/08/2008;04:00;23;21030;Sport;Internacional;1;0
2008;31/08/2008;06:10;23;0;Flamengo;Fluminense;2;2
2008;31/08/2008;06:10;23;0;Cruzeiro;Coritiba;1;1
2008;31/08/2008;06:10;23;0;Portuguesa;Atlético-MG;1;1
2008;03/09/2008;07:30;24;3833;Goiás;Atlético-PR;4;0
2008;03/09/2008;10:00;24;15372;Figueirense;Flamengo;2;3
2008;03/09/2008;10:00;24;0;Santos;Vitória;2;0
2008;03/09/2008;10:00;24;0;Atlético-MG;São Paulo;1;1
2008;04/09/2008;08:30;24;15992;Palmeiras;Sport;0;3
2008;04/09/2008;08:30;24;0;Vasco da Gama;Cruzeiro;1;3
2008;06/09/2008;06:20;24;9349;Internacional;Portuguesa;1;0
2008;06/09/2008;06:20;24;0;Coritiba;Botafogo;0;1
2008;06/09/2008;06:20;24;0;Náutico;Ipatinga;2;0
2008;06/09/2008;06:20;24;0;Fluminense;Grêmio;0;0
2008;13/09/2008;06:20;25;0;Grêmio;Goiás;1;2
2008;13/09/2008;06:20;25;0;Ipatinga;Atlético-MG;3;2
2008;13/09/2008;06:20;25;15638;Atlético-PR;Portuguesa;2;0
2008;14/09/2008;04:00;25;21355;Sport;Figueirense;5;0
2008;14/09/2008;04:00;25;29325;São Paulo;Flamengo;2;0
2008;14/09/2008;04:00;25;0;Cruzeiro;Palmeiras;0;1
2008;14/09/2008;04:00;25;10450;Vasco da Gama;Náutico;1;3
2008;14/09/2008;06:10;25;0;Vitória;Coritiba;1;0
2008;14/09/2008;06:10;25;25196;Botafogo;Internacional;1;2
2008;14/09/2008;06:10;25;0;Santos;Fluminense;2;1
2008;20/09/2008;06:20;26;0;Goiás;Santos;4;1
2008;20/09/2008;06:20;26;0;Fluminense;Coritiba;2;3
2008;20/09/2008;06:20;26;0;Atlético-MG;Náutico;2;1
2008;21/09/2008;04:00;26;20052;Atlético-PR;Grêmio;0;0
2008;21/09/2008;04:00;26;0;Sport;São Paulo;0;0
2008;21/09/2008;04:00;26;0;Portuguesa;Botafogo;3;1
2008;21/09/2008;04:00;26;0;Figueirense;Cruzeiro;3;4
2008;21/09/2008;06:10;26;19493;Internacional;Vitória;1;0
2008;21/09/2008;06:10;26;0;Palmeiras;Vasco da Gama;2;0
2008;21/09/2008;06:10;26;0;Flamengo;Ipatinga;1;0
2008;27/09/2008;06:20;27;0;Goiás;Vitória;3;0
2008;27/09/2008;06:20;27;0;Flamengo;Sport;2;1
2008;27/09/2008;06:20;27;19738;Atlético-MG;Figueirense;0;0
2008;28/09/2008;04:00;27;0;Ipatinga;Vasco da Gama;3;1
2008;28/09/2008;04:00;27;32718;Coritiba;Atlético-PR;1;1
2008;28/09/2008;04:00;27;0;Náutico;Palmeiras;0;0
2008;28/09/2008;04:00;27;20688;São Paulo;Cruzeiro;2;0
2008;28/09/2008;06:10;27;0;Botafogo;Fluminense;1;1
2008;28/09/2008;06:10;27;37388;Internacional;Grêmio;4;1
2008;28/09/2008;06:10;27;73680;Santos;Portuguesa;1;1
2008;01/10/2008;08:30;28;14582;Fluminense;Goiás;1;1
2008;02/10/2008;08:30;28;8931;Cruzeiro;Sport;1;0
2008;02/10/2008;08:30;28;0;Vitória;Portuguesa;3;1
2008;04/10/2008;04:00;28;0;Ipatinga;São Paulo;1;3
2008;04/10/2008;04:00;28;25319;Palmeiras;Atlético-MG;3;1
2008;04/10/2008;04:00;28;0;Grêmio;Botafogo;2;1
2008;04/10/2008;06:20;28;18001;Náutico;Flamengo;0;2
2008;04/10/2008;06:20;28;0;Vasco da Gama;Figueirense;2;4
2008;04/10/2008;06:20;28;10053;Santos;Atlético-PR;4;0
2008;04/10/2008;06:20;28;0;Coritiba;Internacional;4;2
2008;08/10/2008;10:00;29;0;Sport;Vasco da Gama;2;2
2008;08/10/2008;10:00;29;14553;Figueirense;Palmeiras;0;0
2008;08/10/2008;10:00;29;0;Grêmio;Santos;2;0
2008;09/10/2008;08:30;29;0;São Paulo;Náutico;1;0
2008;09/10/2008;08:30;29;12915;Cruzeiro;Ipatinga;1;0
2008;09/10/2008;08:30;29;6049;Botafogo;Vitória;3;1
2008;11/10/2008;06:20;29;0;Atlético-PR;Fluminense;1;3
2008;11/10/2008;06:20;29;0;Portuguesa;Coritiba;0;0
2008;11/10/2008;06:20;29;0;Goiás;Internacional;1;1
2008;11/10/2008;06:20;29;0;Flamengo;Atlético-MG;0;3
2008;18/10/2008;06:20;30;0;Botafogo;Santos;0;1
2008;18/10/2008;06:20;30;0;Figueirense;Ipatinga;1;1
2008;18/10/2008;06:20;30;15813;Internacional;Atlético-PR;2;1
2008;19/10/2008;04:00;30;0;Vitória;Fluminense;2;2
2008;19/10/2008;04:00;30;26676;Palmeiras;São Paulo;2;2
2008;19/10/2008;04:00;30;0;Coritiba;Goiás;1;1
2008;19/10/2008;04:00;30;0;Atlético-MG;Cruzeiro;0;2
2008;19/10/2008;06:10;30;28831;Sport;Náutico;2;2
2008;19/10/2008;06:10;30;0;Portuguesa;Grêmio;2;0
2008;19/10/2008;06:10;30;0;Vasco da Gama;Flamengo;0;1
2008;22/10/2008;10:00;31;7984;Goiás;Vasco da Gama;2;4
2008;23/10/2008;08:30;31;0;Grêmio;Sport;1;0
2008;23/10/2008;08:30;31;17111;São Paulo;Vitória;2;1
2008;23/10/2008;08:30;31;28648;Flamengo;Coritiba;5;0
2008;25/10/2008;04:00;31;0;Ipatinga;Botafogo;0;3
2008;25/10/2008;04:00;31;0;Fluminense;Palmeiras;3;0
2008;25/10/2008;06:20;31;0;Santos;Figueirense;3;0
2008;25/10/2008;06:20;31;0;Atlético-MG;Internacional;2;2
2008;25/10/2008;06:20;31;0;Atlético-PR;Cruzeiro;1;0
2008;25/10/2008;06:20;31;0;Náutico;Portuguesa;1;1
2008;29/10/2008;07:30;32;7622;Coritiba;Atlético-MG;2;1
2008;29/10/2008;07:30;32;3225;Portuguesa;Ipatinga;2;0
2008;29/10/2008;08:30;32;0;Palmeiras;Goiás;1;0
2008;29/10/2008;08:30;32;14464;Internacional;Náutico;1;1
2008;29/10/2008;09:50;32;35560;Cruzeiro;Grêmio;3;0
2008;29/10/2008;09:50;32;12356;Botafogo;São Paulo;1;2
2008;29/10/2008;09:50;32;0;Vitória;Flamengo;0;0
2008;30/10/2008;08:30;32;0;Sport;Santos;1;1
2008;30/10/2008;08:30;32;22743;Vasco da Gama;Atlético-PR;2;2
2008;05/11/2008;08:30;32;0;Figueirense;Fluminense;0;1
2008;01/11/2008;06:30;33;0;Ipatinga;Coritiba;2;0
2008;01/11/2008;06:30;33;0;Flamengo;Portuguesa;2;2
2008;01/11/2008;06:30;33;0;Náutico;Vitória;1;0
2008;02/11/2008;05:00;33;8273;Goiás;Cruzeiro;3;0
2008;02/11/2008;05:00;33;0;Atlético-MG;Botafogo;2;1
2008;02/11/2008;05:00;33;0;Atlético-PR;Sport;1;0
2008;02/11/2008;05:00;33;0;Santos;Palmeiras;1;2
2008;02/11/2008;07:10;33;0;São Paulo;Internacional;3;0
2008;02/11/2008;07:10;33;0;Fluminense;Vasco da Gama;0;1
2008;02/11/2008;07:10;33;0;Grêmio;Figueirense;1;1
2008;08/11/2008;06:30;34;0;Figueirense;Atlético-PR;0;2
2008;08/11/2008;06:30;34;0;Vasco da Gama;Santos;1;0
2008;08/11/2008;06:30;34;0;Portuguesa;São Paulo;2;3
2008;09/11/2008;05:00;34;25945;Palmeiras;Grêmio;0;1
2008;09/11/2008;05:00;34;0;Cruzeiro;Fluminense;1;0
2008;09/11/2008;05:00;34;9747;Coritiba;Náutico;0;0
2008;09/11/2008;05:00;34;0;Sport;Goiás;2;1
2008;09/11/2008;07:10;34;27038;Botafogo;Flamengo;0;1
2008;09/11/2008;07:10;34;0;Vitória;Atlético-MG;0;1
2008;09/11/2008;07:10;34;8131;Internacional;Ipatinga;4;0
2008;12/11/2008;10:00;35;42182;Atlético-MG;Vasco da Gama;4;1
2008;15/11/2008;06:30;35;40364;Fluminense;Portuguesa;3;1
2008;15/11/2008;06:30;35;0;Náutico;Cruzeiro;5;2
2008;15/11/2008;06:30;35;0;Ipatinga;Sport;3;0
2008;16/11/2008;05:00;35;0;São Paulo;Figueirense;3;1
2008;16/11/2008;05:00;35;0;Goiás;Botafogo;3;1
2008;16/11/2008;05:00;35;59678;Flamengo;Palmeiras;5;2
2008;16/11/2008;07:10;35;0;Grêmio;Coritiba;2;1
2008;16/11/2008;07:10;35;0;Atlético-PR;Vitória;2;1
2008;16/11/2008;07:10;35;0;Santos;Internacional;1;0
2008;20/11/2008;08:30;36;0;Figueirense;Náutico;4;3
2008;22/11/2008;06:30;36;0;Portuguesa;Goiás;0;0
2008;22/11/2008;06:30;36;0;Botafogo;Atlético-PR;2;2
2008;22/11/2008;06:30;36;0;Coritiba;Santos;5;1
2008;23/11/2008;05:00;36;0;Vasco da Gama;São Paulo;1;2
2008;23/11/2008;05:00;36;0;Vitória;Grêmio;4;2
2008;23/11/2008;05:00;36;0;Cruzeiro;Flamengo;3;2
2008;23/11/2008;07:10;36;0;Sport;Atlético-MG;3;0
2008;23/11/2008;07:10;36;7481;Internacional;Fluminense;0;2
2008;23/11/2008;07:10;36;0;Palmeiras;Ipatinga;2;0
2008;30/11/2008;05:00;37;0;Ipatinga;Grêmio;1;4
2008;30/11/2008;05:00;37;0;Náutico;Atlético-PR;2;1
2008;30/11/2008;05:00;37;3106;Botafogo;Figueirense;1;3
2008;30/11/2008;05:00;37;13269;Internacional;Cruzeiro;1;0
2008;30/11/2008;05:00;37;66888;São Paulo;Fluminense;1;1
2008;30/11/2008;05:00;37;0;Portuguesa;Sport;2;2
2008;30/11/2008;05:00;37;0;Coritiba;Vasco da Gama;0;2
2008;30/11/2008;05:00;37;0;Flamengo;Goiás;3;3
2008;30/11/2008;05:00;37;0;Atlético-MG;Santos;0;0
2008;30/11/2008;05:00;37;16747;Vitória;Palmeiras;0;0
2008;07/12/2008;05:00;38;49178;Fluminense;Ipatinga;1;1
2008;07/12/2008;05:00;38;22016;Atlético-PR;Flamengo;5;3
2008;07/12/2008;05:00;38;12970;Sport;Coritiba;4;3
2008;07/12/2008;05:00;38;0;Vasco da Gama;Vitória;0;2
2008;07/12/2008;05:00;38;14121;Santos;Náutico;0;0
2008;07/12/2008;05:00;38;0;Cruzeiro;Portuguesa;4;1
2008;07/12/2008;05:00;38;0;Palmeiras;Botafogo;0;1
2008;07/12/2008;05:00;38;0;Grêmio;Atlético-MG;2;0
2008;07/12/2008;05:00;38;0;Goiás;São Paulo;0;1
2008;07/12/2008;05:00;38;0;Figueirense;Internacional;3;1
2009;09/05/2009;06:30;1;15185;Sport;Barueri;1;1
2009;09/05/2009;06:30;1;19105;Palmeiras;Coritiba;2;1
2009;09/05/2009;06:30;1;8344;Avaí;Atlético-MG;2;2
2009;10/05/2009;04:00;1;14458;Corinthians;Internacional;0;1
2009;10/05/2009;04:00;1;14547;Fluminense;São Paulo;1;0
2009;10/05/2009;04:00;1;24564;Cruzeiro;Flamengo;2;0
2009;10/05/2009;04:00;1;12906;Atlético-PR;Vitória;0;2
2009;10/05/2009;06:30;1;24309;Grêmio;Santos;1;1
2009;10/05/2009;06:30;1;1939;Santo André;Botafogo;1;1
2009;10/05/2009;06:30;1;2517;Goiás;Náutico;3;3
2009;16/05/2009;06:30;2;8423;Coritiba;Santo André;2;4
2009;16/05/2009;06:30;2;17263;Atlético-MG;Grêmio;2;1
2009;16/05/2009;06:30;2;18351;Flamengo;Avaí;0;0
2009;17/05/2009;04:00;2;9511;Santos;Goiás;3;3
2009;17/05/2009;04:00;2;11554;São Paulo;Atlético-PR;2;2
2009;17/05/2009;04:00;2;2555;Barueri;Fluminense;0;0
2009;17/05/2009;04:00;2;29735;Internacional;Palmeiras;2;0
2009;17/05/2009;06:30;2;14528;Botafogo;Corinthians;0;0
2009;17/05/2009;06:30;2;2284;Vitória;Sport;1;0
2009;17/05/2009;06:30;2;14127;Náutico;Cruzeiro;2;0
2009;23/05/2009;06:30;3;10845;Corinthians;Barueri;2;1
2009;23/05/2009;06:30;3;7344;Cruzeiro;Vitória;2;0
2009;23/05/2009;06:30;3;6918;Goiás;Internacional;0;1
2009;24/05/2009;04:00;3;14172;Atlético-PR;Náutico;2;3
2009;24/05/2009;04:00;3;25894;Grêmio;Botafogo;2;0
2009;24/05/2009;04:00;3;11953;Fluminense;Santos;1;4
2009;24/05/2009;04:00;3;12023;Palmeiras;São Paulo;0;0
2009;24/05/2009;06:30;3;8819;Santo André;Flamengo;1;2
2009;24/05/2009;06:30;3;15315;Sport;Atlético-MG;2;3
2009;24/05/2009;06:30;3;8880;Avaí;Coritiba;2;2
2009;30/05/2009;06:30;4;8642;Coritiba;Goiás;1;3
2009;30/05/2009;06:30;4;26663;Atlético-MG;Santo André;0;0
2009;30/05/2009;06:30;4;8555;Botafogo;Sport;2;2
2009;31/05/2009;04:00;4;68217;Flamengo;Atlético-PR;2;1
2009;31/05/2009;04:00;4;51800;São Paulo;Cruzeiro;3;0
2009;31/05/2009;04:00;4;10666;Santos;Corinthians;3;1
2009;31/05/2009;04:00;4;17781;Náutico;Fluminense;1;1
2009;31/05/2009;04:00;4;14526;Vitória;Grêmio;1;0
2009;31/05/2009;06:30;4;4970;Barueri;Palmeiras;2;2
2009;31/05/2009;06:30;4;13023;Internacional;Avaí;2;1
2009;04/06/2009;09:00;5;10793;Grêmio;Náutico;3;0
2009;04/06/2009;09:00;5;7918;Santo André;Santos;3;3
2009;06/06/2009;09:00;5;5735;Corinthians;Coritiba;2;0
2009;07/06/2009;04:10;5;16118;Palmeiras;Vitória;2;1
2009;07/06/2009;04:10;5;25602;Sport;Flamengo;4;2
2009;07/06/2009;04:10;5;12553;Avaí;São Paulo;0;0
2009;07/06/2009;04:10;5;15505;Atlético-PR;Atlético-MG;0;4
2009;07/06/2009;06:30;5;16687;Cruzeiro;Internacional;1;1
2009;07/06/2009;06:30;5;13726;Fluminense;Botafogo;1;0
2009;07/06/2009;06:30;5;4252;Goiás;Barueri;2;2
2009;13/06/2009;06:30;6;8995;São Paulo;Santo André;1;1
2009;13/06/2009;06:30;6;19530;Sport;Atlético-PR;0;1
2009;13/06/2009;06:30;6;6535;Botafogo;Santos;2;0
2009;14/06/2009;04:00;6;20592;Coritiba;Flamengo;5;0
2009;14/06/2009;04:00;6;16270;Fluminense;Grêmio;0;0
2009;14/06/2009;04:00;6;16337;Goiás;Corinthians;0;0
2009;14/06/2009;04:00;6;40820;Atlético-MG;Náutico;3;0
2009;14/06/2009;06:30;6;17302;Internacional;Vitória;0;0
2009;14/06/2009;06:30;6;11214;Palmeiras;Cruzeiro;3;1
2009;14/06/2009;06:30;6;1288;Barueri;Avaí;3;1
2009;20/06/2009;04:10;7;18068;Atlético-PR;Palmeiras;2;2
2009;20/06/2009;04:10;7;12274;Vitória;Botafogo;4;3
2009;20/06/2009;04:10;7;2375;Santo André;Sport;2;1
2009;20/06/2009;06:30;7;16581;Grêmio;Goiás;2;2
2009;20/06/2009;06:30;7;12758;Náutico;Coritiba;0;1
2009;20/06/2009;06:30;7;9142;Avaí;Fluminense;3;2
2009;21/06/2009;06:30;7;7214;Santos;Atlético-MG;2;3
2009;21/06/2009;06:30;7;15371;Corinthians;São Paulo;3;1
2009;21/06/2009;06:30;7;15864;Flamengo;Internacional;4;0
2009;21/06/2009;06:30;7;4768;Cruzeiro;Barueri;2;4
2009;27/06/2009;04:10;8;3613;Barueri;Atlético-MG;4;2
2009;27/06/2009;04:10;8;17119;Atlético-PR;Corinthians;1;0
2009;27/06/2009;04:10;8;7977;São Paulo;Náutico;2;0
2009;27/06/2009;06:30;8;3435;Cruzeiro;Avaí;1;0
2009;27/06/2009;06:30;8;8869;Botafogo;Goiás;1;4
2009;28/06/2009;06:30;8;8741;Vitória;Santo André;4;1
2009;28/06/2009;06:30;8;8277;Palmeiras;Santos;1;1
2009;28/06/2009;06:30;8;9763;Internacional;Coritiba;3;0
2009;28/06/2009;06:30;8;14883;Sport;Grêmio;3;1
2009;28/06/2009;06:30;8;41038;Fluminense;Flamengo;0;0
2009;04/07/2009;06:30;9;7025;Santos;Sport;1;0
2009;04/07/2009;06:30;9;1524;Santo André;Barueri;1;1
2009;04/07/2009;06:30;9;20296;Flamengo;Vitória;2;1
2009;05/07/2009;04:00;9;48651;Atlético-MG;Botafogo;1;1
2009;05/07/2009;04:00;9;21704;Coritiba;São Paulo;2;0
2009;05/07/2009;04:00;9;5809;Goiás;Cruzeiro;1;0
2009;05/07/2009;04:00;9;11465;Grêmio;Atlético-PR;4;1
2009;05/07/2009;06:30;9;12875;Avaí;Palmeiras;0;3
2009;05/07/2009;06:30;9;0;Náutico;Internacional;0;2
2009;08/07/2009;09:50;9;27329;Corinthians;Fluminense;4;2
2009;11/07/2009;06:30;10;5912;Avaí;Botafogo;1;2
2009;11/07/2009;06:30;10;1114;Barueri;Coritiba;3;1
2009;11/07/2009;06:30;10;7800;Palmeiras;Náutico;4;1
2009;12/07/2009;04:00;10;21648;São Paulo;Flamengo;2;2
2009;12/07/2009;04:00;10;0;Atlético-PR;Internacional;3;2
2009;12/07/2009;04:00;10;30070;Grêmio;Corinthians;3;0
2009;12/07/2009;04:00;10;13182;Cruzeiro;Atlético-MG;0;3
2009;12/07/2009;06:30;10;4818;Fluminense;Santo André;0;1
2009;12/07/2009;06:30;10;17090;Vitória;Santos;6;2
2009;12/07/2009;06:30;10;5065;Sport;Goiás;1;0
2009;15/07/2009;07:30;11;16403;Coritiba;Grêmio;2;1
2009;15/07/2009;07:30;11;3609;Goiás;Avaí;0;2
2009;15/07/2009;09:00;11;1294;Santo André;Atlético-PR;1;0
2009;15/07/2009;09:00;11;3524;Santos;Barueri;3;3
2009;15/07/2009;09:50;11;6346;Internacional;Fluminense;4;2
2009;15/07/2009;09:50;11;22861;Flamengo;Palmeiras;1;2
2009;16/07/2009;09:00;11;13178;Náutico;Vitória;1;1
2009;16/07/2009;09:00;11;22756;Corinthians;Sport;4;3
2009;16/07/2009;09:50;11;54214;Atlético-MG;São Paulo;2;0
2009;27/08/2009;09:00;11;6472;Botafogo;Cruzeiro;1;1
2009;18/07/2009;06:30;12;7451;Fluminense;Goiás;1;4
2009;18/07/2009;06:30;12;19041;Palmeiras;Santo André;1;0
2009;19/07/2009;04:00;12;16101;Vitória;Atlético-MG;0;0
2009;19/07/2009;04:00;12;32295;Cruzeiro;Corinthians;1;2
2009;19/07/2009;04:00;12;36046;Grêmio;Internacional;2;1
2009;19/07/2009;04:00;12;10913;São Paulo;Santos;2;1
2009;19/07/2009;04:00;12;19266;Atlético-PR;Coritiba;0;0
2009;19/07/2009;06:30;12;1866;Barueri;Náutico;4;0
2009;19/07/2009;06:30;12;29508;Flamengo;Botafogo;2;2
2009;19/07/2009;06:30;12;16218;Sport;Avaí;1;3
2009;22/07/2009;07:30;13;12204;Avaí;Grêmio;1;0
2009;22/07/2009;07:30;13;3373;Santo André;Cruzeiro;0;2
2009;22/07/2009;07:30;13;27592;Flamengo;Barueri;1;1
2009;22/07/2009;09:00;13;7375;Santos;Atlético-PR;1;0
2009;22/07/2009;09:50;13;16974;Internacional;São Paulo;2;2
2009;22/07/2009;09:50;13;19707;Goiás;Palmeiras;2;1
2009;22/07/2009;09:50;13;12721;Náutico;Botafogo;2;2
2009;23/07/2009;09:00;13;6781;Coritiba;Sport;1;1
2009;23/07/2009;09:00;13;23600;Corinthians;Vitória;2;1
2009;23/07/2009;09:00;13;55713;Atlético-MG;Fluminense;2;1
2009;25/07/2009;06:30;14;11180;Grêmio;Santo André;3;2
2009;25/07/2009;06:30;14;13458;Atlético-PR;Avaí;1;3
2009;25/07/2009;06:30;14;8523;Botafogo;Internacional;3;2
2009;26/07/2009;04:00;14;29767;Corinthians;Palmeiras;0;3
2009;26/07/2009;04:00;14;10633;Santos;Flamengo;1;2
2009;26/07/2009;04:00;14;59991;Atlético-MG;Goiás;0;1
2009;26/07/2009;04:00;14;20101;Sport;Náutico;3;3
2009;26/07/2009;06:30;14;6754;Barueri;São Paulo;1;2
2009;26/07/2009;06:30;14;13560;Fluminense;Cruzeiro;1;1
2009;26/07/2009;06:30;14;12105;Vitória;Coritiba;1;0
2009;29/07/2009;07:30;15;9698;Coritiba;Botafogo;2;2
2009;29/07/2009;07:30;15;13511;Náutico;Santos;1;2
2009;29/07/2009;09:00;15;12495;Internacional;Barueri;3;2
2009;29/07/2009;09:00;15;11257;Goiás;Atlético-PR;3;0
2009;29/07/2009;09:50;15;17954;Cruzeiro;Sport;1;0
2009;29/07/2009;09:50;15;17954;Palmeiras;Fluminense;1;0
2009;29/07/2009;09:50;15;17219;Santo André;Corinthians;1;1
2009;30/07/2009;09:00;15;9556;Avaí;Vitória;4;0
2009;30/07/2009;09:00;15;13323;São Paulo;Grêmio;2;1
2009;30/07/2009;09:00;15;26934;Flamengo;Atlético-MG;3;1
2009;01/08/2009;06:30;16;16921;Sport;Palmeiras;0;1
2009;01/08/2009;06:30;16;12432;Botafogo;Barueri;2;1
2009;02/08/2009;04:00;16;13686;Corinthians;Avaí;0;0
2009;02/08/2009;04:00;16;13306;Atlético-PR;Fluminense;1;0
2009;02/08/2009;04:00;16;17519;Vitória;São Paulo;0;1
2009;02/08/2009;04:00;16;41772;Flamengo;Náutico;1;1
2009;02/08/2009;06:30;16;947;Santo André;Goiás;1;2
2009;02/08/2009;06:30;16;13306;Grêmio;Cruzeiro;4;1
2009;02/08/2009;06:30;16;0;Atlético-MG;Coritiba;3;2
2009;26/08/2009;09:00;16;7876;Santos;Internacional;3;3
2009;05/08/2009;07:30;17;15485;Cruzeiro;Atlético-PR;0;2
2009;05/08/2009;09:00;17;9140;Avaí;Santo André;1;0
2009;05/08/2009;09:00;17;19182;São Paulo;Botafogo;3;1
2009;05/08/2009;09:50;17;37320;Goiás;Flamengo;3;2
2009;05/08/2009;09:50;17;15041;Náutico;Corinthians;1;0
2009;05/08/2009;09:50;17;17250;Coritiba;Santos;0;1
2009;06/08/2009;09:00;17;25440;Palmeiras;Grêmio;1;1
2009;06/08/2009;09:00;17;11086;Fluminense;Sport;5;1
2009;06/08/2009;09:00;17;2180;Barueri;Vitória;4;0
2009;02/09/2009;09:00;17;17127;Internacional;Atlético-MG;3;0
2009;08/08/2009;06:30;18;12074;Santos;Avaí;2;2
2009;08/08/2009;06:30;18;13434;Náutico;Santo André;2;1
2009;08/08/2009;06:30;18;11454;Botafogo;Atlético-PR;0;1
2009;09/08/2009;04:00;18;47068;Flamengo;Corinthians;1;0
2009;09/08/2009;04:00;18;7853;Vitória;Fluminense;2;2
2009;09/08/2009;06:30;18;11485;Coritiba;Cruzeiro;1;3
2009;09/08/2009;06:30;18;28200;São Paulo;Goiás;3;1
2009;09/08/2009;06:30;18;4576;Barueri;Grêmio;1;0
2009;10/08/2009;09:00;18;16650;Internacional;Sport;3;0
2009;12/08/2009;09:50;18;51532;Atlético-MG;Palmeiras;1;1
2009;15/08/2009;06:30;19;9223;Avaí;Náutico;2;1
2009;15/08/2009;06:30;19;2725;Santo André;Internacional;0;2
2009;15/08/2009;06:30;19;24231;Palmeiras;Botafogo;1;1
2009;16/08/2009;04:00;19;7202;Goiás;Vitória;3;2
2009;16/08/2009;04:00;19;19773;Corinthians;Atlético-MG;2;0
2009;16/08/2009;04:00;19;23342;Sport;São Paulo;1;2
2009;16/08/2009;04:00;19;19535;Grêmio;Flamengo;4;1
2009;16/08/2009;04:00;19;17042;Fluminense;Coritiba;1;3
2009;16/08/2009;06:30;19;15939;Cruzeiro;Santos;0;0
2009;16/08/2009;06:30;19;14992;Atlético-PR;Barueri;3;0
2009;19/08/2009;07:30;20;6499;Santos;Grêmio;1;0
2009;19/08/2009;07:30;20;5376;Vitória;Atlético-PR;2;1
2009;19/08/2009;07:30;20;6524;Botafogo;Santo André;1;2
2009;19/08/2009;09:00;20;2243;Barueri;Sport;2;1
2009;19/08/2009;09:50;20;22072;São Paulo;Fluminense;1;0
2009;19/08/2009;09:50;20;16381;Coritiba;Palmeiras;1;0
2009;19/08/2009;09:50;20;20328;Internacional;Corinthians;1;2
2009;20/08/2009;09:00;20;18567;Atlético-MG;Avaí;2;2
2009;20/08/2009;09:00;20;12273;Flamengo;Cruzeiro;1;2
2009;20/08/2009;09:00;20;13246;Náutico;Goiás;2;0
2009;22/08/2009;06:30;21;22101;Palmeiras;Internacional;2;1
2009;22/08/2009;06:30;21;1360;Santo André;Coritiba;1;0
2009;22/08/2009;06:30;21;15961;Sport;Vitória;2;0
2009;23/08/2009;04:00;21;18184;Corinthians;Botafogo;3;3
2009;23/08/2009;04:00;21;22999;Atlético-PR;São Paulo;1;0
2009;23/08/2009;04:00;21;22051;Grêmio;Atlético-MG;4;1
2009;23/08/2009;04:00;21;9226;Fluminense;Barueri;0;0
2009;23/08/2009;06:30;21;12358;Goiás;Santos;2;1
2009;23/08/2009;06:30;21;14708;Cruzeiro;Náutico;4;2
2009;23/08/2009;06:30;21;14777;Avaí;Flamengo;3;0
2009;26/08/2009;09:50;22;9665;Barueri;Corinthians;2;2
2009;29/08/2009;06:30;22;13531;Flamengo;Santo André;3;0
2009;29/08/2009;06:30;22;14099;Náutico;Atlético-PR;3;0
2009;29/08/2009;06:30;22;15040;Coritiba;Avaí;2;0
2009;30/08/2009;04:00;22;41083;São Paulo;Palmeiras;0;0
2009;30/08/2009;04:00;22;9705;Santos;Fluminense;2;0
2009;30/08/2009;04:00;22;19781;Atlético-MG;Sport;1;1
2009;30/08/2009;06:30;22;29820;Internacional;Goiás;4;0
2009;30/08/2009;06:30;22;7388;Vitória;Cruzeiro;3;3
2009;30/08/2009;06:30;22;10031;Botafogo;Grêmio;3;3
2009;02/09/2009;09:50;23;25645;Corinthians;Santos;2;1
2009;05/09/2009;06:30;23;23367;Palmeiras;Barueri;2;1
2009;05/09/2009;06:30;23;17653;Grêmio;Vitória;1;1
2009;05/09/2009;06:30;23;22279;Sport;Botafogo;2;1
2009;06/09/2009;04:00;23;18116;Atlético-PR;Flamengo;0;0
2009;06/09/2009;04:00;23;5212;Goiás;Coritiba;2;2
2009;06/09/2009;04:00;23;28303;Cruzeiro;São Paulo;1;2
2009;06/09/2009;06:30;23;1675;Santo André;Atlético-MG;1;2
2009;06/09/2009;06:30;23;20877;Fluminense;Náutico;1;1
2009;06/09/2009;06:30;23;14520;Avaí;Internacional;0;2
2009;12/09/2009;06:30;24;29498;São Paulo;Avaí;2;0
2009;12/09/2009;06:30;24;26995;Flamengo;Sport;3;0
2009;13/09/2009;04:00;24;7790;Santos;Santo André;1;0
2009;13/09/2009;04:00;24;38350;Internacional;Cruzeiro;2;3
2009;13/09/2009;04:00;24;26464;Vitória;Palmeiras;3;2
2009;13/09/2009;04:00;24;33597;Atlético-MG;Atlético-PR;2;1
2009;13/09/2009;06:30;24;2276;Barueri;Goiás;3;1
2009;13/09/2009;06:30;24;16473;Náutico;Grêmio;0;2
2009;13/09/2009;06:30;24;18368;Botafogo;Fluminense;0;0
2009;16/09/2009;09:50;24;32744;Coritiba;Corinthians;1;1
2009;19/09/2009;06:30;25;15026;Atlético-PR;Sport;1;0
2009;19/09/2009;06:30;25;19033;Vitória;Internacional;2;0
2009;19/09/2009;06:30;25;14355;Náutico;Atlético-MG;0;0
2009;20/09/2009;04:00;25;19762;Santo André;São Paulo;1;1
2009;20/09/2009;04:00;25;27285;Grêmio;Fluminense;5;1
2009;20/09/2009;04:00;25;9902;Avaí;Barueri;4;0
2009;20/09/2009;06:30;25;47921;Flamengo;Coritiba;3;0
2009;20/09/2009;06:30;25;33710;Corinthians;Goiás;1;4
2009;20/09/2009;06:30;25;6335;Santos;Botafogo;0;0
2009;23/09/2009;09:50;25;0;Cruzeiro;Palmeiras;1;2
2009;26/09/2009;06:30;26;23395;Palmeiras;Atlético-PR;2;1
2009;26/09/2009;06:30;26;3364;Barueri;Cruzeiro;0;1
2009;27/09/2009;04:00;26;19098;Fluminense;Avaí;3;2
2009;27/09/2009;04:00;26;32180;São Paulo;Corinthians;1;1
2009;27/09/2009;04:00;26;10447;Internacional;Flamengo;0;0
2009;27/09/2009;04:00;26;12685;Coritiba;Náutico;2;0
2009;27/09/2009;04:00;26;12644;Goiás;Grêmio;2;1
2009;27/09/2009;06:30;26;36294;Atlético-MG;Santos;3;1
2009;27/09/2009;06:30;26;11852;Botafogo;Vitória;1;3
2009;27/09/2009;06:30;26;17628;Sport;Santo André;2;1
2009;30/09/2009;09:50;27;16027;Náutico;São Paulo;1;2
2009;03/10/2009;06:30;27;26842;Corinthians;Atlético-PR;1;3
2009;03/10/2009;06:30;27;1701;Santo André;Vitória;1;0
2009;03/10/2009;06:30;27;44707;Atlético-MG;Barueri;2;1
2009;04/10/2009;04:00;27;10402;Santos;Palmeiras;1;3
2009;04/10/2009;04:00;27;22989;Goiás;Botafogo;1;3
2009;04/10/2009;04:00;27;19174;Grêmio;Sport;3;3
2009;04/10/2009;06:30;27;21159;Coritiba;Internacional;2;0
2009;04/10/2009;06:30;27;78409;Flamengo;Fluminense;2;0
2009;04/10/2009;06:30;27;10243;Avaí;Cruzeiro;2;2
2009;07/10/2009;07:30;28;10379;Sport;Santos;0;1
2009;07/10/2009;07:30;28;1680;Barueri;Santo André;0;0
2009;07/10/2009;09:00;28;19375;Atlético-PR;Grêmio;0;0
2009;07/10/2009;09:00;28;16602;São Paulo;Coritiba;2;2
2009;07/10/2009;09:50;28;8775;Fluminense;Corinthians;1;1
2009;07/10/2009;09:50;28;21324;Vitória;Flamengo;3;3
2009;07/10/2009;09:50;28;10243;Internacional;Náutico;3;1
2009;08/10/2009;09:00;28;6034;Botafogo;Atlético-MG;3;1
2009;08/10/2009;09:00;28;16597;Palmeiras;Avaí;2;2
2009;08/10/2009;09:00;28;7693;Cruzeiro;Goiás;3;0
2009;10/10/2009;04:10;29;19410;Corinthians;Grêmio;2;1
2009;10/10/2009;04:10;29;57210;Flamengo;São Paulo;2;1
2009;10/10/2009;06:10;29;2029;Santo André;Fluminense;1;2
2009;10/10/2009;06:30;29;18649;Internacional;Atlético-PR;1;1
2009;10/10/2009;06:30;29;15874;Coritiba;Barueri;1;2
2009;12/10/2009;04:00;29;23673;Santos;Vitória;0;0
2009;12/10/2009;04:00;29;17027;Náutico;Palmeiras;3;0
2009;12/10/2009;04:00;29;9621;Goiás;Sport;1;1
2009;12/10/2009;04:00;29;45959;Atlético-MG;Cruzeiro;0;1
2009;12/10/2009;04:00;29;33641;Botafogo;Avaí;2;2
2009;17/10/2009;06:30;30;25947;São Paulo;Atlético-MG;0;1
2009;17/10/2009;06:30;30;3684;Barueri;Santos;0;0
2009;17/10/2009;06:30;30;7860;Avaí;Goiás;2;1
2009;18/10/2009;04:00;30;21143;Sport;Corinthians;2;0
2009;18/10/2009;04:00;30;13341;Grêmio;Coritiba;2;0
2009;18/10/2009;04:00;30;28138;Fluminense;Internacional;2;2
2009;18/10/2009;04:00;30;26462;Palmeiras;Flamengo;0;2
2009;18/10/2009;06:30;30;16840;Atlético-PR;Santo André;3;0
2009;18/10/2009;06:30;30;28504;Cruzeiro;Botafogo;1;0
2009;18/10/2009;06:30;30;11391;Vitória;Náutico;3;1
2009;21/10/2009;09:50;31;10512;Santo André;Palmeiras;2;0
2009;24/10/2009;06:30;31;57901;Atlético-MG;Vitória;1;0
2009;24/10/2009;06:30;31;13249;Náutico;Barueri;2;1
2009;25/10/2009;04:00;31;8735;Santos;São Paulo;3;4
2009;25/10/2009;04:00;31;0;Goiás;Fluminense;2;2
2009;25/10/2009;04:00;31;36834;Internacional;Grêmio;1;0
2009;25/10/2009;04:00;31;32838;Coritiba;Atlético-PR;3;2
2009;25/10/2009;06:30;31;25192;Botafogo;Flamengo;0;1
2009;25/10/2009;06:30;31;21738;Corinthians;Cruzeiro;0;1
2009;25/10/2009;06:30;31;8109;Avaí;Sport;2;2
2009;28/10/2009;07:30;32;17930;Atlético-PR;Santos;1;1
2009;28/10/2009;07:30;32;6127;Botafogo;Náutico;1;0
2009;28/10/2009;09:00;32;19567;Cruzeiro;Santo André;3;2
2009;28/10/2009;09:00;32;8271;Grêmio;Avaí;3;1
2009;28/10/2009;09:50;32;10354;Barueri;Flamengo;2;0
2009;28/10/2009;09:50;32;21681;Vitória;Corinthians;0;1
2009;28/10/2009;09:50;32;34203;São Paulo;Internacional;1;0
2009;29/10/2009;09:00;32;18070;Palmeiras;Goiás;4;0
2009;29/10/2009;09:00;32;12037;Fluminense;Atlético-MG;2;1
2009;29/10/2009;09:00;32;20068;Sport;Coritiba;1;1
2009;31/10/2009;06:30;33;39636;São Paulo;Barueri;1;0
2009;31/10/2009;06:30;33;77063;Flamengo;Santos;1;0
2009;31/10/2009;06:30;33;7246;Avaí;Atlético-PR;2;0
2009;01/11/2009;04:00;33;18752;Palmeiras;Corinthians;2;2
2009;01/11/2009;04:00;33;11808;Coritiba;Vitória;1;0
2009;01/11/2009;04:00;33;16932;Internacional;Botafogo;0;1
2009;01/11/2009;04:00;33;8748;Goiás;Atlético-MG;2;3
2009;01/11/2009;06:30;33;2240;Santo André;Grêmio;2;0
2009;01/11/2009;06:30;33;19086;Náutico;Sport;3;2
2009;01/11/2009;06:30;33;49140;Cruzeiro;Fluminense;2;3
2009;04/11/2009;09:50;34;11870;Grêmio;São Paulo;1;1
2009;07/11/2009;06:30;34;11304;Santos;Náutico;3;1
2009;07/11/2009;06:30;34;7958;Vitória;Avaí;0;1
2009;07/11/2009;06:30;34;10357;Sport;Cruzeiro;2;3
2009;08/11/2009;04:00;34;16300;Corinthians;Santo André;2;0
2009;08/11/2009;04:00;34;66884;Fluminense;Palmeiras;1;0
2009;08/11/2009;04:00;34;63285;Atlético-MG;Flamengo;1;3
2009;08/11/2009;06:30;34;2789;Barueri;Internacional;1;1
2009;08/11/2009;06:30;34;15591;Atlético-PR;Goiás;2;0
2009;08/11/2009;06:30;34;12426;Botafogo;Coritiba;2;0
2009;11/11/2009;09:50;35;17138;Palmeiras;Sport;2;2
2009;14/11/2009;07:30;35;51534;Cruzeiro;Grêmio;1;1
2009;14/11/2009;07:30;35;53204;São Paulo;Vitória;2;0
2009;14/11/2009;07:30;35;17825;Coritiba;Atlético-MG;2;1
2009;15/11/2009;05:00;35;15348;Avaí;Corinthians;3;1
2009;15/11/2009;05:00;35;3432;Barueri;Botafogo;3;0
2009;15/11/2009;05:00;35;19798;Náutico;Flamengo;0;2
2009;15/11/2009;07:30;35;15158;Internacional;Santos;3;1
2009;15/11/2009;07:30;35;52511;Fluminense;Atlético-PR;2;1
2009;15/11/2009;07:30;35;1919;Goiás;Santo André;3;1
2009;18/11/2009;09:50;36;12233;Grêmio;Palmeiras;2;0
2009;21/11/2009;07:30;36;14124;Corinthians;Náutico;2;3
2009;21/11/2009;07:30;36;17686;Atlético-PR;Cruzeiro;1;1
2009;22/11/2009;05:00;36;3942;Santos;Coritiba;4;0
2009;22/11/2009;05:00;36;3167;Santo André;Avaí;4;2
2009;22/11/2009;05:00;36;8843;Sport;Fluminense;0;3
2009;22/11/2009;05:00;36;26513;Botafogo;São Paulo;3;2
2009;22/11/2009;07:30;36;78639;Flamengo;Goiás;0;0
2009;22/11/2009;07:30;36;19857;Vitória;Barueri;2;1
2009;22/11/2009;07:30;36;41842;Atlético-MG;Internacional;0;1
2009;29/11/2009;05:00;37;25591;Corinthians;Flamengo;0;2
2009;29/11/2009;05:00;37;25412;Palmeiras;Atlético-MG;3;1
2009;29/11/2009;05:00;37;1178;Santo André;Náutico;5;3
2009;29/11/2009;05:00;37;21592;Atlético-PR;Botafogo;2;0
2009;29/11/2009;05:00;37;12896;Grêmio;Barueri;4;2
2009;29/11/2009;05:00;37;52408;Fluminense;Vitória;4;0
2009;29/11/2009;05:00;37;28574;Goiás;São Paulo;4;2
2009;29/11/2009;05:00;37;0;Sport;Internacional;1;2
2009;29/11/2009;05:00;37;27291;Cruzeiro;Coritiba;4;1
2009;29/11/2009;05:00;37;8761;Avaí;Santos;2;2
2009;05/12/2009;07:30;38;2830;Náutico;Avaí;0;1
2009;05/12/2009;07:30;38;5769;Atlético-MG;Corinthians;0;3
2009;06/12/2009;05:00;38;30937;São Paulo;Sport;4;0
2009;06/12/2009;05:00;38;6942;Santos;Cruzeiro;1;2
2009;06/12/2009;05:00;38;1741;Barueri;Atlético-PR;0;0
2009;06/12/2009;05:00;38;32630;Coritiba;Fluminense;1;1
2009;06/12/2009;05:00;38;36597;Internacional;Santo André;4;1
2009;06/12/2009;05:00;38;78639;Flamengo;Grêmio;2;1
2009;06/12/2009;05:00;38;7974;Vitória;Goiás;2;2
2009;06/12/2009;05:00;38;38717;Botafogo;Palmeiras;2;1
2010;08/05/2010;06:30;1;25634;Botafogo;Santos;3;3
2010;08/05/2010;06:30;1;5647;Atlético-GO;Grêmio;0;0
2010;08/05/2010;06:30;1;6025;Palmeiras;Vitória;1;0
2010;09/05/2010;04:00;1;11195;Flamengo;São Paulo;1;1
2010;09/05/2010;04:00;1;12790;Atlético-MG;Vasco da Gama;2;1
2010;09/05/2010;04:00;1;11631;Internacional;Cruzeiro;1;2
2010;09/05/2010;04:00;1;9232;Corinthians;Atlético-PR;2;1
2010;09/05/2010;06:30;1;18340;Ceará ;Fluminense;1;0
2010;09/05/2010;06:30;1;6205;Guarani;Goiás;1;0
2010;09/05/2010;06:30;1;6539;Avaí;Barueri;6;1
2010;15/05/2010;06:30;2;10118;Fluminense;Atlético-GO;1;0
2010;15/05/2010;06:30;2;2500;Barueri;Atlético-MG;4;0
2010;15/05/2010;06:30;2;14852;Vitória;Flamengo;1;1
2010;16/05/2010;04:00;2;11622;São Paulo;Botafogo;1;2
2010;16/05/2010;04:00;2;14730;Grêmio;Corinthians;1;2
2010;16/05/2010;04:00;2;3731;Goiás;Internacional;2;3
2010;16/05/2010;04:00;2;8999;Santos;Ceará ;1;1
2010;16/05/2010;06:30;2;11236;Vasco da Gama;Palmeiras;0;0
2010;16/05/2010;06:30;2;8115;Cruzeiro;Avaí;2;2
2010;16/05/2010;06:30;2;12879;Atlético-PR;Guarani;2;2
2010;22/05/2010;06:30;3;4669;Atlético-GO;Santos;1;2
2010;22/05/2010;06:30;3;18365;Palmeiras;Grêmio;4;2
2010;22/05/2010;06:30;3;17135;Botafogo;Goiás;3;0
2010;23/05/2010;04:00;3;28190;Corinthians;Fluminense;1;0
2010;23/05/2010;04:00;3;13464;Atlético-MG;Atlético-PR;3;1
2010;23/05/2010;04:00;3;25185;Internacional;São Paulo;0;2
2010;23/05/2010;04:00;3;19697;Ceará ;Vitória;1;0
2010;23/05/2010;06:30;3;9594;Avaí;Vasco da Gama;2;0
2010;23/05/2010;06:30;3;7330;Flamengo;Barueri;3;1
2010;23/05/2010;06:30;3;8689;Guarani;Cruzeiro;2;2
2010;26/05/2010;07:30;4;6692;Vitória;Atlético-MG;4;3
2010;26/05/2010;07:30;4;8049;Grêmio;Avaí;3;0
2010;26/05/2010;07:30;4;18985;Fluminense;Flamengo;2;1
2010;26/05/2010;09:00;4;15522;São Paulo;Palmeiras;1;0
2010;26/05/2010;09:50;4;9235;Barueri;Corinthians;2;2
2010;26/05/2010;09:50;4;8561;Cruzeiro;Botafogo;1;0
2010;26/05/2010;09:50;4;5146;Santos;Guarani;3;1
2010;27/05/2010;09:00;4;4081;Vasco da Gama;Internacional;3;2
2010;27/05/2010;09:00;4;2580;Atlético-PR;Atlético-GO;2;1
2010;27/05/2010;09:00;4;2309;Goiás;Ceará ;0;0
2010;29/05/2010;06:30;5;10983;Flamengo;Grêmio;1;1
2010;29/05/2010;06:30;5;4016;Palmeiras;Barueri;0;0
2010;29/05/2010;06:30;5;5787;Avaí;Vitória;0;0
2010;30/05/2010;04:00;5;27681;Corinthians;Santos;4;2
2010;30/05/2010;04:00;5;14528;Guarani;São Paulo;0;0
2010;30/05/2010;04:00;5;15613;Atlético-MG;Fluminense;1;3
2010;30/05/2010;04:00;5;8279;Internacional;Atlético-PR;4;1
2010;30/05/2010;06:30;5;20373;Botafogo;Vasco da Gama;1;1
2010;30/05/2010;06:30;5;19694;Ceará ;Cruzeiro;1;0
2010;30/05/2010;06:30;5;5203;Atlético-GO;Goiás;1;3
2010;02/06/2010;07:30;6;12366;Atlético-PR;Botafogo;3;2
2010;02/06/2010;07:30;6;25430;Fluminense;Vitória;2;1
2010;02/06/2010;07:30;6;1759;Barueri;Atlético-GO;1;0
2010;02/06/2010;09:00;6;26084;Ceará ;Avaí;2;0
2010;02/06/2010;09:50;6;8457;Palmeiras;Flamengo;0;1
2010;02/06/2010;09:50;6;15592;Goiás;São Paulo;2;1
2010;02/06/2010;09:50;6;15708;Cruzeiro;Santos;0;0
2010;03/06/2010;09:00;6;14605;Grêmio;Atlético-MG;2;1
2010;03/06/2010;09:00;6;6002;Vasco da Gama;Guarani;0;1
2010;03/06/2010;09:00;6;33361;Corinthians;Internacional;2;0
2010;05/06/2010;06:30;7;8458;Avaí;Fluminense;0;3
2010;05/06/2010;06:30;7;11855;Flamengo;Goiás;1;2
2010;05/06/2010;06:30;7;9109;Vitória;Atlético-PR;1;0
2010;06/06/2010;04:00;7;14408;São Paulo;Grêmio;3;1
2010;06/06/2010;04:00;7;9525;Santos;Vasco da Gama;4;0
2010;06/06/2010;04:00;7;14267;Botafogo;Corinthians;2;2
2010;06/06/2010;04:00;7;26630;Atlético-MG;Ceará ;0;1
2010;06/06/2010;06:30;7;11743;Internacional;Palmeiras;1;1
2010;06/06/2010;06:30;7;5685;Guarani;Barueri;1;0
2010;06/06/2010;06:30;7;3419;Atlético-GO;Cruzeiro;2;1
2010;14/07/2010;07:30;8;7455;Grêmio;Vitória;1;1
2010;14/07/2010;07:30;8;13952;Atlético-PR;Cruzeiro;0;2
2010;14/07/2010;07:30;8;7717;São Paulo;Avaí;1;2
2010;14/07/2010;09:00;8;19313;Flamengo;Botafogo;1;0
2010;14/07/2010;09:50;8;2193;Guarani;Internacional;0;3
2010;14/07/2010;09:50;8;11000;Goiás;Vasco da Gama;0;0
2010;14/07/2010;09:50;8;44500;Ceará ;Corinthians;0;0
2010;15/07/2010;09:00;8;9400;Palmeiras;Santos;2;1
2010;15/07/2010;09:00;8;3179;Atlético-MG;Atlético-GO;3;2
2010;15/07/2010;09:00;8;28410;Fluminense;Barueri;1;1
2010;17/07/2010;06:30;9;11915;Vitória;São Paulo;3;2
2010;17/07/2010;06:30;9;5976;Vasco da Gama;Atlético-PR;3;1
2010;18/07/2010;04:00;9;22163;Corinthians;Atlético-MG;1;0
2010;18/07/2010;04:00;9;18544;Atlético-GO;Flamengo;0;1
2010;18/07/2010;04:00;9;7851;Avaí;Palmeiras;4;2
2010;18/07/2010;04:00;9;6483;Internacional;Ceará ;2;1
2010;18/07/2010;06:30;9;3579;Cruzeiro;Goiás;1;0
2010;18/07/2010;06:30;9;9193;Santos;Fluminense;0;1
2010;18/07/2010;06:30;9;7250;Botafogo;Guarani;1;1
2010;18/07/2010;06:30;9;4153;Barueri;Grêmio;2;0
2010;21/07/2010;07:30;10;4713;Atlético-MG;Internacional;1;2
2010;21/07/2010;07:30;10;9568;Vitória;Goiás;2;2
2010;21/07/2010;07:30;10;9646;São Paulo;Barueri;1;1
2010;21/07/2010;09:00;10;14051;Flamengo;Avaí;1;1
2010;21/07/2010;09:50;10;20001;Atlético-PR;Santos;2;0
2010;21/07/2010;09:50;10;4076;Grêmio;Vasco da Gama;1;1
2010;21/07/2010;09:50;10;17445;Atlético-GO;Corinthians;3;1
2010;22/07/2010;09:00;10;34008;Fluminense;Cruzeiro;1;0
2010;22/07/2010;09:00;10;4595;Guarani;Ceará ;1;1
2010;22/07/2010;09:00;10;12107;Palmeiras;Botafogo;2;2
2010;24/07/2010;06:30;11;5733;Avaí;Atlético-MG;0;0
2010;24/07/2010;06:30;11;13157;Vasco da Gama;Atlético-GO;2;0
2010;24/07/2010;06:30;11;4922;Barueri;Vitória;0;0
2010;25/07/2010;04:00;11;9367;Santos;São Paulo;1;0
2010;25/07/2010;04:00;11;9672;Cruzeiro;Grêmio;2;2
2010;25/07/2010;04:00;11;21079;Internacional;Flamengo;1;0
2010;25/07/2010;04:00;11;4023;Goiás;Atlético-PR;0;2
2010;25/07/2010;06:30;11;24935;Ceará ;Palmeiras;0;0
2010;25/07/2010;06:30;11;24501;Corinthians;Guarani;3;1
2010;25/07/2010;06:30;11;23218;Botafogo;Fluminense;1;1
2010;31/07/2010;06:30;12;38345;Fluminense;Atlético-PR;3;1
2010;31/07/2010;06:30;12;2340;Atlético-GO;Guarani;1;1
2010;31/07/2010;06:30;12;11793;São Paulo;Ceará ;2;1
2010;01/08/2010;04:00;12;24491;Palmeiras;Corinthians;1;1
2010;01/08/2010;04:00;12;8217;Vitória;Botafogo;1;3
2010;01/08/2010;04:00;12;7973;Avaí;Goiás;4;1
2010;01/08/2010;04:00;12;33087;Internacional;Grêmio;0;0
2010;01/08/2010;06:30;12;12340;Atlético-MG;Cruzeiro;0;1
2010;01/08/2010;06:30;12;15890;Barueri;Santos;1;2
2010;01/08/2010;06:30;12;57035;Flamengo;Vasco da Gama;0;0
2010;07/08/2010;06:30;13;27676;Botafogo;Atlético-MG;3;0
2010;07/08/2010;06:30;13;3776;Guarani;Avaí;4;1
2010;08/08/2010;04:00;13;13168;Goiás;Palmeiras;1;1
2010;08/08/2010;04:00;13;14524;Ceará ;Atlético-GO;0;0
2010;08/08/2010;04:00;13;10221;Grêmio;Fluminense;1;2
2010;08/08/2010;04:00;13;29222;Corinthians;Flamengo;1;0
2010;08/08/2010;06:30;13;16885;Vasco da Gama;Vitória;1;0
2010;08/08/2010;06:30;13;10209;Cruzeiro;Barueri;0;0
2010;08/08/2010;06:30;13;21789;Atlético-PR;São Paulo;1;1
2010;13/10/2010;10:00;13;10036;Santos;Internacional;1;0
2010;14/08/2010;06:30;14;9433;Atlético-GO;Botafogo;0;2
2010;14/08/2010;06:30;14;9400;Palmeiras;Atlético-PR;2;0
2010;14/08/2010;06:30;14;26723;Flamengo;Ceará ;1;0
2010;14/08/2010;06:30;14;5748;Atlético-MG;Guarani;3;1
2010;15/08/2010;04:00;14;12338;São Paulo;Cruzeiro;2;2
2010;15/08/2010;04:00;14;5047;Barueri;Vasco da Gama;1;2
2010;15/08/2010;04:00;14;14721;Avaí;Corinthians;3;2
2010;15/08/2010;04:00;14;49471;Fluminense;Internacional;3;0
2010;15/08/2010;06:30;14;9144;Vitória;Santos;4;2
2010;15/08/2010;06:30;14;10318;Grêmio;Goiás;2;0
2010;21/08/2010;04:00;15;14981;Ceará ;Grêmio;2;1
2010;21/08/2010;06:30;15;1493;Goiás;Barueri;1;2
2010;21/08/2010;06:30;15;35518;Botafogo;Avaí;1;0
2010;22/08/2010;04:00;15;10220;Santos;Atlético-MG;2;0
2010;22/08/2010;04:00;15;19809;Guarani;Palmeiras;0;0
2010;22/08/2010;04:00;15;21734;Atlético-PR;Flamengo;1;0
2010;22/08/2010;04:00;15;13017;Internacional;Atlético-GO;1;1
2010;22/08/2010;06:30;15;10195;Cruzeiro;Vitória;0;1
2010;22/08/2010;06:30;15;28159;Corinthians;São Paulo;3;0
2010;22/08/2010;06:30;15;76205;Vasco da Gama;Fluminense;2;2
2010;25/08/2010;07:30;16;10467;Goiás;Fluminense;0;3
2010;25/08/2010;07:30;16;9713;Avaí;Internacional;0;1
2010;25/08/2010;07:30;16;19468;Botafogo;Ceará ;1;0
2010;25/08/2010;09:00;16;2419;Barueri;Atlético-PR;0;1
2010;25/08/2010;10:00;16;10563;São Paulo;Vasco da Gama;0;0
2010;25/08/2010;10:00;16;37377;Cruzeiro;Corinthians;1;0
2010;25/08/2010;10:00;16;12379;Grêmio;Santos;1;2
2010;26/08/2010;09:00;16;12122;Flamengo;Atlético-MG;0;0
2010;26/08/2010;09:00;16;6338;Vitória;Guarani;1;1
2010;26/08/2010;09:00;16;12559;Palmeiras;Atlético-GO;0;3
2010;28/08/2010;06:30;17;14693;Internacional;Botafogo;1;0
2010;28/08/2010;06:30;17;16518;Vasco da Gama;Cruzeiro;1;1
2010;28/08/2010;06:30;17;11867;Ceará ;Barueri;2;2
2010;28/08/2010;06:30;17;17968;Santos;Goiás;2;0
2010;29/08/2010;04:00;17;32819;Corinthians;Vitória;2;1
2010;29/08/2010;04:00;17;10317;Guarani;Flamengo;2;1
2010;29/08/2010;04:00;17;11120;Atlético-MG;Palmeiras;1;2
2010;29/08/2010;06:30;17;3211;Atlético-GO;Avaí;2;2
2010;29/08/2010;06:30;17;10317;Atlético-PR;Grêmio;1;1
2010;29/08/2010;06:30;17;30505;Fluminense;São Paulo;2;2
2010;01/09/2010;07:30;18;3040;Vitória;Internacional;0;0
2010;01/09/2010;07:30;18;26419;Grêmio;Guarani;1;0
2010;01/09/2010;07:30;18;3211;Barueri;Botafogo;0;1
2010;01/09/2010;09:00;18;3312;Goiás;Atlético-MG;1;3
2010;01/09/2010;10:00;18;29474;Cruzeiro;Flamengo;1;0
2010;01/09/2010;10:00;18;11096;Atlético-PR;Ceará ;2;1
2010;01/09/2010;10:00;18;18356;Fluminense;Palmeiras;1;1
2010;02/09/2010;09:00;18;7141;Santos;Avaí;2;1
2010;02/09/2010;09:00;18;9364;São Paulo;Atlético-GO;2;1
2010;13/10/2010;10:00;18;9285;Vasco da Gama;Corinthians;2;0
2010;04/09/2010;06:30;19;20593;Botafogo;Grêmio;2;2
2010;04/09/2010;06:30;19;19528;Ceará ;Vasco da Gama;0;2
2010;04/09/2010;06:30;19;31638;Corinthians;Goiás;5;1
2010;05/09/2010;04:00;19;8099;Avaí;Atlético-PR;0;1
2010;05/09/2010;04:00;19;21550;Palmeiras;Cruzeiro;2;3
2010;05/09/2010;04:00;19;9962;Guarani;Fluminense;2;1
2010;05/09/2010;04:00;19;41007;Flamengo;Santos;0;0
2010;05/09/2010;06:30;19;11120;Atlético-MG;São Paulo;2;3
2010;05/09/2010;06:30;19;2323;Atlético-GO;Vitória;4;1
2010;05/09/2010;06:30;19;17811;Internacional;Barueri;2;0
2010;08/09/2010;07:30;20;5698;Fluminense;Ceará ;3;1
2010;08/09/2010;07:30;20;13677;Cruzeiro;Internacional;1;0
2010;08/09/2010;07:30;20;20582;Grêmio;Atlético-GO;2;0
2010;08/09/2010;07:30;20;2019;Goiás;Guarani;3;1
2010;08/09/2010;10:00;20;14389;São Paulo;Flamengo;2;0
2010;08/09/2010;10:00;20;6543;Vitória;Palmeiras;1;1
2010;08/09/2010;10:00;20;22055;Atlético-PR;Corinthians;1;1
2010;09/09/2010;09:00;20;14305;Santos;Botafogo;0;1
2010;09/09/2010;09:00;20;8281;Vasco da Gama;Atlético-MG;1;1
2010;09/09/2010;09:00;20;1475;Barueri;Avaí;1;1
2010;11/09/2010;06:30;21;29533;Corinthians;Grêmio;0;1
2010;11/09/2010;06:30;21;5735;Flamengo;Vitória;2;2
2010;11/09/2010;06:30;21;10475;Atlético-GO;Fluminense;2;1
2010;12/09/2010;04:00;21;15313;Palmeiras;Vasco da Gama;0;0
2010;12/09/2010;04:00;21;28414;Botafogo;São Paulo;2;0
2010;12/09/2010;04:00;21;12380;Atlético-MG;Barueri;1;0
2010;12/09/2010;04:00;21;5767;Avaí;Cruzeiro;1;2
2010;12/09/2010;06:30;21;4235;Guarani;Atlético-PR;1;0
2010;12/09/2010;06:30;21;7134;Internacional;Goiás;0;0
2010;12/09/2010;06:30;21;23374;Ceará ;Santos;2;1
2010;15/09/2010;07:30;22;3873;Santos;Atlético-GO;4;2
2010;15/09/2010;07:30;22;23326;Fluminense;Corinthians;1;2
2010;15/09/2010;07:30;22;3815;Barueri;Flamengo;1;2
2010;15/09/2010;07:30;22;14428;Cruzeiro;Guarani;4;2
2010;15/09/2010;07:30;22;34166;Grêmio;Palmeiras;1;2
2010;15/09/2010;07:30;22;12480;Goiás;Botafogo;4;1
2010;15/09/2010;07:30;22;9082;Vitória;Ceará ;0;0
2010;15/09/2010;07:30;22;14386;Atlético-PR;Atlético-MG;2;1
2010;16/09/2010;09:00;22;11327;São Paulo;Internacional;1;3
2010;16/09/2010;09:00;22;7939;Vasco da Gama;Avaí;1;1
2010;18/09/2010;06:30;23;23815;Corinthians;Barueri;3;0
2010;18/09/2010;06:30;23;16259;Botafogo;Cruzeiro;2;2
2010;18/09/2010;06:30;23;2500;Atlético-GO;Atlético-PR;1;2
2010;19/09/2010;04:00;23;15011;Palmeiras;São Paulo;0;2
2010;19/09/2010;04:00;23;10998;Guarani;Santos;0;0
2010;19/09/2010;04:00;23;13144;Atlético-MG;Vitória;2;3
2010;19/09/2010;04:00;23;27061;Internacional;Vasco da Gama;1;0
2010;19/09/2010;06:30;23;8526;Avaí;Grêmio;0;3
2010;19/09/2010;06:30;23;28911;Flamengo;Fluminense;3;3
2010;19/09/2010;06:30;23;19417;Ceará ;Goiás;1;1
2010;22/09/2010;07:30;24;10264;São Paulo;Guarani;2;1
2010;22/09/2010;07:30;24;11127;Barueri;Palmeiras;0;1
2010;22/09/2010;07:30;24;16914;Cruzeiro;Ceará ;2;0
2010;22/09/2010;07:30;24;11242;Goiás;Atlético-GO;1;3
2010;22/09/2010;09:00;24;16736;Vasco da Gama;Botafogo;2;2
2010;22/09/2010;10:00;24;21898;Grêmio;Flamengo;2;2
2010;22/09/2010;10:00;24;10898;Santos;Corinthians;2;3
2010;22/09/2010;10:00;24;18597;Atlético-PR;Internacional;1;0
2010;23/09/2010;09:00;24;6197;Fluminense;Atlético-MG;5;1
2010;23/09/2010;09:00;24;11184;Vitória;Avaí;3;0
2010;25/09/2010;06:30;25;18528;São Paulo;Goiás;0;3
2010;25/09/2010;06:30;25;9542;Santos;Cruzeiro;4;1
2010;25/09/2010;06:30;25;13597;Flamengo;Palmeiras;1;3
2010;25/09/2010;06:30;25;4294;Guarani;Vasco da Gama;1;0
2010;25/09/2010;06:30;25;2648;Atlético-GO;Barueri;3;0
2010;26/09/2010;04:00;25;9142;Botafogo;Atlético-PR;1;1
2010;26/09/2010;04:00;25;33787;Internacional;Corinthians;3;2
2010;26/09/2010;04:00;25;19169;Vitória;Fluminense;1;2
2010;26/09/2010;06:30;25;12262;Atlético-MG;Grêmio;1;2
2010;26/09/2010;06:30;25;3860;Avaí;Ceará ;5;0
2010;28/09/2010;09:00;26;5388;Vasco da Gama;Santos;3;1
2010;28/09/2010;09:00;26;13898;Goiás;Flamengo;1;1
2010;29/09/2010;07:30;26;12264;Palmeiras;Internacional;2;0
2010;29/09/2010;07:30;26;882;Barueri;Guarani;4;2
2010;29/09/2010;07:30;26;10869;Cruzeiro;Atlético-GO;3;0
2010;29/09/2010;07:30;26;15791;Atlético-PR;Vitória;1;0
2010;29/09/2010;09:00;26;11533;Fluminense;Avaí;1;0
2010;29/09/2010;10:00;26;24061;Corinthians;Botafogo;1;1
2010;29/09/2010;10:00;26;22640;Grêmio;São Paulo;4;2
2010;29/09/2010;10:00;26;11398;Ceará ;Atlético-MG;0;0
2010;01/10/2010;09:00;27;8881;Vasco da Gama;Goiás;3;2
2010;02/10/2010;04:00;27;28612;Corinthians;Ceará ;2;2
2010;02/10/2010;04:00;27;8900;Santos;Palmeiras;1;1
2010;02/10/2010;04:00;27;2781;Barueri;Fluminense;1;1
2010;02/10/2010;04:00;27;10998;Vitória;Grêmio;0;3
2010;02/10/2010;06:30;27;16362;Botafogo;Flamengo;1;1
2010;02/10/2010;06:30;27;17254;Cruzeiro;Atlético-PR;0;0
2010;02/10/2010;06:30;27;9159;Internacional;Guarani;3;0
2010;02/10/2010;09:00;27;3183;Atlético-GO;Atlético-MG;2;3
2010;02/10/2010;09:00;27;8040;Avaí;São Paulo;0;0
2010;06/10/2010;07:30;28;14687;Fluminense;Santos;0;3
2010;06/10/2010;07:30;28;3601;Guarani;Botafogo;1;1
2010;06/10/2010;07:30;28;15890;Grêmio;Barueri;4;0
2010;06/10/2010;09:50;28;14374;São Paulo;Vitória;2;0
2010;06/10/2010;10:00;28;16667;Atlético-MG;Corinthians;2;1
2010;06/10/2010;10:00;28;15897;Ceará ;Internacional;1;0
2010;06/10/2010;10:00;28;16161;Atlético-PR;Vasco da Gama;0;0
2010;07/10/2010;09:00;28;6306;Palmeiras;Avaí;4;1
2010;07/10/2010;09:00;28;10015;Flamengo;Atlético-GO;2;0
2010;07/10/2010;09:00;28;6170;Goiás;Cruzeiro;0;1
2010;09/10/2010;06:30;29;8417;Santos;Atlético-PR;2;0
2010;09/10/2010;06:30;29;13651;Vasco da Gama;Grêmio;3;3
2010;09/10/2010;06:30;29;12968;Barueri;São Paulo;2;3
2010;10/10/2010;04:00;29;23459;Corinthians;Atlético-GO;3;4
2010;10/10/2010;04:00;29;11930;Botafogo;Palmeiras;0;0
2010;10/10/2010;04:00;29;22812;Cruzeiro;Fluminense;1;0
2010;10/10/2010;04:00;29;1806;Goiás;Vitória;1;0
2010;10/10/2010;04:00;29;11680;Avaí;Flamengo;2;2
2010;10/10/2010;06:30;29;13328;Internacional;Atlético-MG;1;0
2010;10/10/2010;06:30;29;18544;Ceará ;Guarani;2;0
2010;16/10/2010;06:30;30;15678;Flamengo;Internacional;3;0
2010;16/10/2010;06:30;30;14128;Atlético-PR;Goiás;2;1
2010;17/10/2010;04:00;30;17469;Guarani;Corinthians;0;0
2010;17/10/2010;04:00;30;16824;Atlético-MG;Avaí;2;0
2010;17/10/2010;04:00;30;37194;Grêmio;Cruzeiro;2;1
2010;17/10/2010;04:00;30;14175;Atlético-GO;Vasco da Gama;2;0
2010;17/10/2010;06:30;30;23791;São Paulo;Santos;4;3
2010;17/10/2010;06:30;30;8257;Palmeiras;Ceará ;1;1
2010;17/10/2010;06:30;30;17833;Fluminense;Botafogo;0;0
2010;17/10/2010;06:30;30;24283;Vitória;Barueri;2;0
2010;23/10/2010;06:30;31;13000;Botafogo;Vitória;1;0
2010;23/10/2010;06:30;31;2986;Guarani;Atlético-GO;0;1
2010;24/10/2010;04:00;31;32391;Corinthians;Palmeiras;1;0
2010;24/10/2010;04:00;31;4663;Goiás;Avaí;1;0
2010;24/10/2010;04:00;31;44591;Ceará ;São Paulo;2;0
2010;24/10/2010;04:00;31;22132;Atlético-PR;Fluminense;2;2
2010;24/10/2010;06:30;31;11075;Santos;Barueri;2;3
2010;24/10/2010;06:30;31;26006;Vasco da Gama;Flamengo;1;1
2010;24/10/2010;06:30;31;18732;Cruzeiro;Atlético-MG;3;4
2010;24/10/2010;06:30;31;41661;Grêmio;Internacional;2;2
2010;27/10/2010;10:00;32;12094;Flamengo;Corinthians;1;1
2010;28/10/2010;09:00;32;16480;São Paulo;Atlético-PR;2;1
2010;28/10/2010;09:00;32;16467;Fluminense;Grêmio;2;0
2010;28/10/2010;09:00;32;3840;Atlético-GO;Ceará ;1;1
2010;30/10/2010;04:00;32;31449;Vitória;Vasco da Gama;4;2
2010;30/10/2010;04:00;32;25178;Internacional;Santos;1;1
2010;30/10/2010;06:30;32;10382;Avaí;Guarani;1;0
2010;30/10/2010;06:30;32;5811;Palmeiras;Goiás;3;2
2010;30/10/2010;06:30;32;1872;Barueri;Cruzeiro;0;2
2010;30/10/2010;06:30;32;17012;Atlético-MG;Botafogo;0;2
2010;03/11/2010;07:30;33;4643;Santos;Vitória;1;1
2010;03/11/2010;07:30;33;17118;Botafogo;Atlético-GO;3;2
2010;03/11/2010;07:30;33;5922;Guarani;Atlético-MG;0;0
2010;03/11/2010;07:30;33;20069;Internacional;Fluminense;0;0
2010;03/11/2010;07:30;33;2235;Goiás;Grêmio;0;2
2010;03/11/2010;09:50;33;23275;Corinthians;Avaí;4;0
2010;03/11/2010;09:50;33;25694;Cruzeiro;São Paulo;0;2
2010;03/11/2010;09:50;33;44171;Ceará ;Flamengo;2;2
2010;04/11/2010;09:00;33;2474;Vasco da Gama;Barueri;2;1
2010;04/11/2010;09:00;33;19749;Atlético-PR;Palmeiras;1;0
2010;07/11/2010;05:00;34;42667;São Paulo;Corinthians;0;2
2010;07/11/2010;05:00;34;674;Barueri;Goiás;4;1
2010;07/11/2010;05:00;34;34540;Vitória;Cruzeiro;0;1
2010;07/11/2010;05:00;34;14538;Avaí;Botafogo;0;0
2010;07/11/2010;06:30;34;16771;Atlético-MG;Santos;2;2
2010;07/11/2010;06:30;34;20789;Grêmio;Ceará ;5;1
2010;07/11/2010;06:30;34;4459;Atlético-GO;Internacional;2;2
2010;07/11/2010;07:30;34;3154;Palmeiras;Guarani;1;0
2010;07/11/2010;07:30;34;9026;Flamengo;Atlético-PR;0;1
2010;07/11/2010;07:30;34;16263;Fluminense;Vasco da Gama;1;0
2010;10/11/2010;09:50;35;16330;Ceará ;Botafogo;2;2
2010;13/11/2010;07:30;35;35935;Corinthians;Cruzeiro;1;0
2010;13/11/2010;07:30;35;7421;Santos;Grêmio;0;0
2010;13/11/2010;07:30;35;16465;Atlético-MG;Flamengo;4;1
2010;14/11/2010;05:00;35;30897;Fluminense;Goiás;1;1
2010;14/11/2010;05:00;35;12690;Internacional;Avaí;2;3
2010;14/11/2010;05:00;35;8472;Atlético-GO;Palmeiras;3;0
2010;14/11/2010;05:00;35;6051;Guarani;Vitória;1;1
2010;14/11/2010;07:30;35;5674;Vasco da Gama;São Paulo;1;1
2010;14/11/2010;07:30;35;16991;Atlético-PR;Barueri;2;1
2010;20/11/2010;07:30;36;39920;Flamengo;Guarani;2;1
2010;20/11/2010;07:30;36;842;Barueri;Ceará ;1;1
2010;20/11/2010;07:30;36;27044;Grêmio;Atlético-PR;3;1
2010;21/11/2010;05:00;36;14410;São Paulo;Fluminense;1;4
2010;21/11/2010;05:00;36;4662;Palmeiras;Atlético-MG;0;2
2010;21/11/2010;05:00;36;23583;Botafogo;Internacional;1;2
2010;21/11/2010;05:00;36;35980;Vitória;Corinthians;1;1
2010;21/11/2010;07:30;36;16228;Cruzeiro;Vasco da Gama;3;1
2010;21/11/2010;07:30;36;2865;Goiás;Santos;1;4
2010;21/11/2010;07:30;36;17252;Avaí;Atlético-GO;3;0
2010;28/11/2010;05:00;37;33487;Corinthians;Vasco da Gama;2;0
2010;28/11/2010;05:00;37;11291;Palmeiras;Fluminense;1;2
2010;28/11/2010;05:00;37;16985;Flamengo;Cruzeiro;1;2
2010;28/11/2010;05:00;37;6147;Botafogo;Barueri;3;1
2010;28/11/2010;05:00;37;5725;Guarani;Grêmio;0;3
2010;28/11/2010;05:00;37;17224;Atlético-MG;Goiás;3;1
2010;28/11/2010;05:00;37;11415;Internacional;Vitória;1;1
2010;28/11/2010;05:00;37;27938;Atlético-GO;São Paulo;1;1
2010;28/11/2010;05:00;37;38997;Ceará ;Atlético-PR;1;1
2010;28/11/2010;05:00;37;17136;Avaí;Santos;3;2
2010;02/12/2010;09:00;38;0;Barueri;Internacional;0;3
2010;05/12/2010;05:00;38;9782;São Paulo;Atlético-MG;4;0
2010;05/12/2010;05:00;38;9086;Santos;Flamengo;0;0
2010;05/12/2010;05:00;38;4972;Vasco da Gama;Ceará ;2;0
2010;05/12/2010;05:00;38;40905;Fluminense;Guarani;1;0
2010;05/12/2010;05:00;38;16191;Cruzeiro;Palmeiras;2;1
2010;05/12/2010;05:00;38;45420;Grêmio;Botafogo;3;0
2010;05/12/2010;05:00;38;28917;Goiás;Corinthians;1;1
2010;05/12/2010;05:00;38;35000;Vitória;Atlético-GO;0;0
2010;05/12/2010;05:00;38;9879;Atlético-PR;Avaí;1;0
2011;21/05/2011;06:30;1;5973;Flamengo;Avaí;4;0
2011;21/05/2011;06:30;1;9422;Ceará ;Vasco da Gama;1;3
2011;21/05/2011;06:30;1;13799;Atlético-MG;Atlético-PR;3;0
2011;21/05/2011;09:00;1;4532;Santos;Internacional;1;1
2011;22/05/2011;04:00;1;13705;Palmeiras;Botafogo;1;0
2011;22/05/2011;04:00;1;19002;Grêmio;Corinthians;1;2
2011;22/05/2011;04:00;1;16546;Coritiba;Atlético-GO;0;1
2011;22/05/2011;04:00;1;10231;Figueirense;Cruzeiro;1;0
2011;22/05/2011;06:30;1;5732;Fluminense;São Paulo;0;2
2011;22/05/2011;06:30;1;1253;América-MG;Bahia;2;1
2011;28/05/2011;06:30;2;12971;Internacional;Ceará ;0;1
2011;28/05/2011;06:30;2;8662;Botafogo;Santos;1;0
2011;28/05/2011;06:30;2;4127;Avaí;Atlético-MG;1;3
2011;28/05/2011;09:00;2;9931;São Paulo;Figueirense;1;0
2011;29/05/2011;04:00;2;17096;Corinthians;Coritiba;2;1
2011;29/05/2011;04:00;2;32157;Bahia;Flamengo;3;3
2011;29/05/2011;04:00;2;15841;Atlético-PR;Grêmio;0;1
2011;29/05/2011;04:00;2;9080;Cruzeiro;Palmeiras;1;1
2011;29/05/2011;06:30;2;5643;Atlético-GO;Fluminense;0;1
2011;29/05/2011;06:30;2;4495;Vasco da Gama;América-MG;3;0
2011;04/06/2011;06:30;3;10352;Palmeiras;Atlético-PR;1;0
2011;04/06/2011;06:30;3;6674;Fluminense;Cruzeiro;2;1
2011;04/06/2011;06:30;3;9455;Ceará ;Botafogo;2;2
2011;04/06/2011;09:00;3;6913;Figueirense;Atlético-GO;2;0
2011;05/06/2011;04:00;3;42000;Flamengo;Corinthians;1;1
2011;05/06/2011;04:00;3;15835;Grêmio;Bahia;2;0
2011;05/06/2011;04:00;3;18554;Coritiba;Vasco da Gama;5;1
2011;05/06/2011;06:30;3;4541;América-MG;Internacional;2;4
2011;05/06/2011;06:30;3;4109;Santos;Avaí;3;1
2011;08/06/2011;09:50;3;17397;Atlético-MG;São Paulo;0;1
2011;11/06/2011;06:30;4;6073;Cruzeiro;Santos;1;1
2011;11/06/2011;06:30;4;3473;Avaí;América-MG;2;2
2011;11/06/2011;06:30;4;14681;São Paulo;Grêmio;3;1
2011;11/06/2011;09:00;4;17777;Vasco da Gama;Figueirense;1;1
2011;12/06/2011;04:00;4;19889;Bahia;Atlético-MG;1;1
2011;12/06/2011;04:00;4;2140;Atlético-GO;Ceará ;4;1
2011;12/06/2011;04:00;4;18559;Internacional;Palmeiras;2;2
2011;12/06/2011;04:00;4;18400;Corinthians;Fluminense;2;0
2011;12/06/2011;06:30;4;20022;Atlético-PR;Flamengo;1;1
2011;12/06/2011;06:30;4;8390;Botafogo;Coritiba;3;1
2011;18/06/2011;06:30;5;9532;Fluminense;Bahia;0;1
2011;18/06/2011;09:00;5;5027;América-MG;Cruzeiro;1;1
2011;19/06/2011;04:00;5;12138;Palmeiras;Avaí;5;0
2011;19/06/2011;04:00;5;13840;Grêmio;Vasco da Gama;1;1
2011;19/06/2011;04:00;5;10067;Figueirense;Atlético-PR;2;0
2011;19/06/2011;04:00;5;20429;Flamengo;Botafogo;0;0
2011;19/06/2011;04:00;5;13000;Ceará ;São Paulo;0;2
2011;19/06/2011;06:30;5;15106;Atlético-MG;Atlético-GO;2;2
2011;19/06/2011;06:30;5;17403;Coritiba;Internacional;1;1
2011;10/08/2011;09:50;5;9714;Santos;Corinthians;0;0
2011;25/06/2011;06:30;6;16870;Flamengo;Atlético-MG;4;1
2011;25/06/2011;06:30;6;12448;Atlético-PR;Bahia;0;2
2011;25/06/2011;09:00;6;5256;Cruzeiro;Coritiba;2;1
2011;26/06/2011;04:00;6;30351;Corinthians;São Paulo;5;0
2011;26/06/2011;04:00;6;13983;Botafogo;Grêmio;2;1
2011;26/06/2011;04:00;6;13565;Ceará ;Palmeiras;2;0
2011;26/06/2011;04:00;6;4207;Avaí;Fluminense;0;1
2011;26/06/2011;06:30;6;11959;Atlético-GO;Vasco da Gama;0;1
2011;26/06/2011;06:30;6;10455;Internacional;Figueirense;4;1
2011;02/07/2011;06:30;6;5912;Santos;América-MG;1;0
2011;29/06/2011;07:30;7;7695;Vasco da Gama;Cruzeiro;0;3
2011;29/06/2011;07:30;7;10346;Grêmio;Avaí;2;2
2011;29/06/2011;07:30;7;7475;América-MG;Flamengo;2;3
2011;29/06/2011;09:50;7;5322;Figueirense;Santos;2;1
2011;29/06/2011;09:50;7;32157;Bahia;Corinthians;0;1
2011;29/06/2011;09:50;7;8361;São Paulo;Botafogo;0;2
2011;30/06/2011;07:30;7;9450;Palmeiras;Atlético-GO;2;0
2011;30/06/2011;07:30;7;10799;Coritiba;Ceará ;3;1
2011;30/06/2011;09:00;7;7595;Atlético-MG;Internacional;0;4
2011;30/06/2011;09:00;7;5114;Fluminense;Atlético-PR;3;1
2011;06/07/2011;07:30;8;10735;Internacional;Atlético-PR;1;0
2011;06/07/2011;07:30;8;10652;Cruzeiro;Grêmio;2;0
2011;06/07/2011;07:30;8;4704;Avaí;Bahia;2;2
2011;06/07/2011;09:50;8;28453;Corinthians;Vasco da Gama;2;1
2011;06/07/2011;09:50;8;18418;Flamengo;São Paulo;1;0
2011;06/07/2011;09:50;8;10941;Ceará ;Atlético-MG;3;0
2011;07/07/2011;07:30;8;13649;Botafogo;Atlético-GO;1;1
2011;07/07/2011;07:30;8;17464;Coritiba;Figueirense;3;0
2011;07/07/2011;09:00;8;1503;América-MG;Palmeiras;1;1
2011;24/08/2011;07:30;8;6855;Santos;Fluminense;2;1
2011;09/07/2011;06:30;9;8731;Vasco da Gama;Internacional;2;0
2011;09/07/2011;06:30;9;11965;São Paulo;Cruzeiro;2;1
2011;09/07/2011;09:00;9;10045;Atlético-PR;Avaí;0;0
2011;10/07/2011;04:00;9;13706;Grêmio;Coritiba;2;0
2011;10/07/2011;04:00;9;19150;Atlético-GO;Corinthians;0;1
2011;10/07/2011;04:00;9;32157;Bahia;Botafogo;1;1
2011;10/07/2011;04:00;9;23438;Fluminense;Flamengo;0;1
2011;10/07/2011;06:30;9;8423;Figueirense;Ceará ;1;1
2011;10/07/2011;06:30;9;16751;Palmeiras;Santos;3;0
2011;10/07/2011;06:30;9;7379;Atlético-MG;América-MG;2;0
2011;16/07/2011;06:30;10;12817;Vasco da Gama;Atlético-PR;2;1
2011;16/07/2011;06:30;10;16498;Coritiba;Fluminense;3;1
2011;16/07/2011;09:00;10;2694;Atlético-GO;Avaí;0;1
2011;16/07/2011;09:00;10;4717;Santos;Atlético-MG;2;1
2011;17/07/2011;06:30;10;11179;Ceará ;América-MG;4;0
2011;17/07/2011;06:30;10;11800;Internacional;São Paulo;0;3
2011;17/07/2011;06:30;10;6666;Cruzeiro;Bahia;2;1
2011;20/07/2011;09:50;10;33575;Palmeiras;Flamengo;0;0
2011;20/07/2011;09:50;10;9525;Botafogo;Corinthians;0;2
2011;20/07/2011;09:50;10;12175;Figueirense;Grêmio;0;0
2011;21/07/2011;07:30;11;6173;Avaí;Internacional;1;3
2011;23/07/2011;06:30;11;12714;Atlético-PR;Botafogo;2;1
2011;23/07/2011;06:30;11;23487;São Paulo;Atlético-GO;2;2
2011;23/07/2011;06:30;11;752;América-MG;Figueirense;0;0
2011;23/07/2011;09:00;11;6154;Flamengo;Ceará ;1;1
2011;24/07/2011;04:00;11;9214;Fluminense;Palmeiras;1;0
2011;24/07/2011;04:00;11;34462;Corinthians;Cruzeiro;0;1
2011;24/07/2011;04:00;11;16100;Atlético-MG;Vasco da Gama;1;2
2011;24/07/2011;04:00;11;21151;Bahia;Coritiba;0;0
2011;05/10/2011;08:30;11;21102;Grêmio;Santos;1;0
2011;14/07/2011;09:00;12;33329;Corinthians;Internacional;1;0
2011;27/07/2011;07:30;12;6933;Botafogo;Avaí;2;1
2011;27/07/2011;07:30;12;15033;Grêmio;América-MG;1;1
2011;27/07/2011;07:30;12;16100;Atlético-MG;Fluminense;1;0
2011;27/07/2011;07:30;12;5593;Atlético-GO;Cruzeiro;2;0
2011;27/07/2011;09:50;12;12968;Santos;Flamengo;4;5
2011;27/07/2011;09:50;12;13283;Figueirense;Palmeiras;0;1
2011;27/07/2011;09:50;12;23825;Coritiba;São Paulo;3;4
2011;28/07/2011;07:30;12;18873;Vasco da Gama;Bahia;1;1
2011;28/07/2011;09:00;12;13068;Ceará ;Atlético-PR;2;1
2011;30/07/2011;06:30;13;28793;Flamengo;Grêmio;2;0
2011;30/07/2011;06:30;13;7821;Cruzeiro;Botafogo;0;1
2011;30/07/2011;09:00;13;9983;Palmeiras;Atlético-MG;3;2
2011;31/07/2011;04:00;13;23309;São Paulo;Vasco da Gama;0;2
2011;31/07/2011;04:00;13;6850;Fluminense;Ceará ;4;0
2011;31/07/2011;04:00;13;10177;Internacional;Atlético-GO;0;0
2011;31/07/2011;04:00;13;8112;Avaí;Corinthians;3;2
2011;31/07/2011;06:30;13;732;América-MG;Coritiba;1;3
2011;31/07/2011;06:30;13;18898;Atlético-PR;Santos;3;2
2011;31/07/2011;06:30;13;14820;Bahia;Figueirense;3;1
2011;03/08/2011;07:30;14;27884;Corinthians;América-MG;2;1
2011;03/08/2011;07:30;14;9022;Grêmio;Atlético-MG;2;2
2011;03/08/2011;07:30;14;8594;Figueirense;Botafogo;2;0
2011;03/08/2011;07:30;14;10864;Ceará ;Avaí;0;3
2011;03/08/2011;09:50;14;17118;Vasco da Gama;Santos;2;0
2011;03/08/2011;09:50;14;14863;Cruzeiro;Flamengo;0;1
2011;03/08/2011;09:50;14;17818;Coritiba;Palmeiras;1;1
2011;04/08/2011;09:00;14;11265;São Paulo;Bahia;3;0
2011;04/08/2011;09:00;14;6399;Fluminense;Internacional;2;0
2011;04/08/2011;09:00;14;3050;Atlético-GO;Atlético-PR;0;3
2011;06/08/2011;06:30;15;28930;Flamengo;Coritiba;1;0
2011;06/08/2011;06:30;15;15762;Palmeiras;Grêmio;0;0
2011;06/08/2011;09:00;15;15689;Atlético-MG;Figueirense;1;2
2011;07/08/2011;04:00;15;14117;Internacional;Cruzeiro;3;2
2011;07/08/2011;04:00;15;10105;Santos;Ceará ;1;0
2011;07/08/2011;04:00;15;23660;Atlético-PR;Corinthians;1;1
2011;07/08/2011;04:00;15;2782;América-MG;Fluminense;3;0
2011;07/08/2011;06:30;15;26283;Botafogo;Vasco da Gama;4;0
2011;07/08/2011;06:30;15;10246;Avaí;São Paulo;1;2
2011;07/08/2011;06:30;15;12147;Bahia;Atlético-GO;2;1
2011;13/08/2011;06:30;16;23657;São Paulo;Atlético-PR;2;2
2011;13/08/2011;06:30;16;11668;Atlético-GO;Santos;2;0
2011;13/08/2011;06:30;16;6642;Cruzeiro;Avaí;5;0
2011;13/08/2011;09:00;16;13101;Botafogo;América-MG;4;2
2011;14/08/2011;04:00;16;26762;Corinthians;Ceará ;2;2
2011;14/08/2011;04:00;16;10826;Vasco da Gama;Palmeiras;1;0
2011;14/08/2011;04:00;16;18265;Figueirense;Flamengo;2;2
2011;14/08/2011;04:00;16;16328;Coritiba;Atlético-MG;3;0
2011;14/08/2011;06:30;16;10690;Grêmio;Fluminense;2;1
2011;14/08/2011;06:30;16;21239;Bahia;Internacional;1;1
2011;17/08/2011;07:30;17;5765;Fluminense;Figueirense;3;0
2011;17/08/2011;07:30;17;14977;Atlético-PR;Cruzeiro;2;1
2011;17/08/2011;07:30;17;11824;Ceará ;Grêmio;3;0
2011;17/08/2011;07:30;17;6179;Avaí;Vasco da Gama;0;2
2011;17/08/2011;09:50;17;11080;Internacional;Botafogo;1;0
2011;17/08/2011;09:50;17;5143;Santos;Coritiba;2;3
2011;17/08/2011;09:50;17;11167;Atlético-MG;Corinthians;2;3
2011;18/08/2011;09:00;17;6266;Palmeiras;Bahia;1;1
2011;18/08/2011;09:00;17;2636;América-MG;São Paulo;1;1
2011;18/08/2011;09:00;17;10278;Flamengo;Atlético-GO;1;4
2011;20/08/2011;06:00;18;6478;Cruzeiro;Ceará ;1;0
2011;20/08/2011;06:00;18;11100;Botafogo;Atlético-MG;3;1
2011;20/08/2011;06:00;18;26256;Corinthians;Figueirense;0;2
2011;21/08/2011;04:00;18;28752;Internacional;Flamengo;2;2
2011;21/08/2011;04:00;18;5466;Avaí;Coritiba;0;0
2011;21/08/2011;04:00;18;16813;São Paulo;Palmeiras;1;1
2011;21/08/2011;04:00;18;5226;Atlético-GO;Grêmio;1;0
2011;21/08/2011;06:00;18;13487;Atlético-PR;América-MG;2;2
2011;21/08/2011;06:00;18;16991;Vasco da Gama;Fluminense;1;1
2011;21/08/2011;06:00;18;32157;Bahia;Santos;1;2
2011;27/08/2011;06:00;19;25604;Coritiba;Atlético-PR;1;1
2011;27/08/2011;06:00;19;1256;América-MG;Atlético-GO;1;2
2011;27/08/2011;06:00;19;22762;Fluminense;Botafogo;1;2
2011;28/08/2011;04:00;19;36299;Palmeiras;Corinthians;2;1
2011;28/08/2011;04:00;19;12498;Santos;São Paulo;1;1
2011;28/08/2011;04:00;19;33206;Flamengo;Vasco da Gama;0;0
2011;28/08/2011;04:00;19;23182;Grêmio;Internacional;2;1
2011;28/08/2011;04:00;19;18923;Ceará ;Bahia;3;0
2011;28/08/2011;06:00;19;16726;Atlético-MG;Cruzeiro;1;2
2011;28/08/2011;06:00;19;17620;Figueirense;Avaí;2;3
2011;31/08/2011;06:00;20;15488;Corinthians;Grêmio;3;2
2011;31/08/2011;06:00;20;5428;Vasco da Gama;Ceará ;3;1
2011;31/08/2011;08:30;20;3146;Atlético-GO;Coritiba;3;1
2011;31/08/2011;08:30;20;11823;Atlético-PR;Atlético-MG;0;1
2011;31/08/2011;08:30;20;14738;Cruzeiro;Figueirense;2;4
2011;31/08/2011;09:50;20;7910;São Paulo;Fluminense;1;2
2011;31/08/2011;09:50;20;9729;Botafogo;Palmeiras;3;1
2011;31/08/2011;09:50;20;14701;Internacional;Santos;3;3
2011;31/08/2011;09:50;20;12692;Avaí;Flamengo;3;2
2011;01/09/2011;08:30;20;9807;Bahia;América-MG;0;0
2011;03/09/2011;06:00;21;6473;Fluminense;Atlético-GO;3;2
2011;03/09/2011;06:00;21;9761;Atlético-MG;Avaí;2;0
2011;03/09/2011;06:00;21;12263;Figueirense;São Paulo;1;2
2011;04/09/2011;04:00;21;2644;América-MG;Vasco da Gama;4;1
2011;04/09/2011;04:00;21;10345;Palmeiras;Cruzeiro;1;1
2011;04/09/2011;04:00;21;13538;Flamengo;Bahia;1;3
2011;04/09/2011;04:00;21;16245;Grêmio;Atlético-PR;4;0
2011;04/09/2011;04:00;21;26572;Coritiba;Corinthians;1;0
2011;04/09/2011;06:00;21;11732;Ceará ;Internacional;1;1
2011;19/10/2011;08:30;21;5770;Santos;Botafogo;2;0
2011;07/09/2011;04:00;22;60514;São Paulo;Atlético-MG;2;1
2011;07/09/2011;04:00;22;42000;Botafogo;Ceará ;4;0
2011;07/09/2011;04:00;22;24681;Internacional;América-MG;4;2
2011;07/09/2011;04:00;22;5630;Avaí;Santos;1;2
2011;07/09/2011;09:50;22;9256;Cruzeiro;Fluminense;1;2
2011;07/09/2011;09:50;22;10799;Atlético-PR;Palmeiras;2;2
2011;07/09/2011;09:50;22;2514;Atlético-GO;Figueirense;1;1
2011;08/09/2011;08:30;22;9397;Vasco da Gama;Coritiba;2;0
2011;08/09/2011;08:30;22;17977;Bahia;Grêmio;1;2
2011;08/09/2011;09:50;22;35392;Corinthians;Flamengo;2;1
2011;10/09/2011;06:00;23;9637;Santos;Cruzeiro;1;0
2011;10/09/2011;06:00;23;734;América-MG;Avaí;2;2
2011;11/09/2011;04:00;23;9024;Palmeiras;Internacional;0;3
2011;11/09/2011;04:00;23;26979;Fluminense;Corinthians;1;0
2011;11/09/2011;04:00;23;11741;Ceará ;Atlético-GO;1;1
2011;11/09/2011;04:00;23;17142;Coritiba;Botafogo;5;0
2011;11/09/2011;04:00;23;12877;Figueirense;Vasco da Gama;1;1
2011;11/09/2011;06:00;23;7846;Flamengo;Atlético-PR;1;2
2011;11/09/2011;06:00;23;25741;Grêmio;São Paulo;1;0
2011;11/09/2011;06:00;23;10991;Atlético-MG;Bahia;2;0
2011;17/09/2011;06:00;24;6186;Atlético-GO;Atlético-MG;1;0
2011;17/09/2011;06:00;24;19757;Vasco da Gama;Grêmio;4;0
2011;17/09/2011;06:00;24;22581;São Paulo;Ceará ;4;0
2011;18/09/2011;04:00;24;15356;Bahia;Fluminense;3;0
2011;18/09/2011;04:00;24;14103;Atlético-PR;Figueirense;0;0
2011;18/09/2011;04:00;24;7894;Avaí;Palmeiras;1;1
2011;18/09/2011;04:00;24;25670;Botafogo;Flamengo;1;1
2011;18/09/2011;04:00;24;34308;Corinthians;Santos;1;3
2011;18/09/2011;06:00;24;7133;Cruzeiro;América-MG;0;0
2011;18/09/2011;06:00;24;18069;Internacional;Coritiba;1;1
2011;21/09/2011;08:30;25;8845;Fluminense;Avaí;3;1
2011;21/09/2011;08:30;25;17766;Coritiba;Cruzeiro;2;1
2011;21/09/2011;08:30;25;18562;América-MG;Santos;1;2
2011;21/09/2011;08:30;25;12771;Bahia;Atlético-PR;1;0
2011;21/09/2011;09:50;25;44950;São Paulo;Corinthians;0;0
2011;21/09/2011;09:50;25;12206;Figueirense;Internacional;1;1
2011;21/09/2011;09:50;25;13849;Atlético-MG;Flamengo;1;1
2011;22/09/2011;08:30;25;6629;Palmeiras;Ceará ;1;0
2011;22/09/2011;08:30;25;17935;Vasco da Gama;Atlético-GO;1;1
2011;22/09/2011;08:30;25;14347;Grêmio;Botafogo;0;1
2011;24/09/2011;06:00;26;11010;Atlético-PR;Fluminense;1;1
2011;24/09/2011;06:00;26;7059;Santos;Figueirense;2;3
2011;24/09/2011;06:00;26;9445;Flamengo;América-MG;2;1
2011;25/09/2011;04:00;26;23765;Corinthians;Bahia;1;0
2011;25/09/2011;04:00;26;26026;Botafogo;São Paulo;2;2
2011;25/09/2011;04:00;26;16198;Internacional;Atlético-MG;2;1
2011;25/09/2011;04:00;26;6348;Cruzeiro;Vasco da Gama;0;3
2011;25/09/2011;04:00;26;8727;Avaí;Grêmio;1;2
2011;25/09/2011;06:00;26;12422;Atlético-GO;Palmeiras;1;1
2011;25/09/2011;06:00;26;10133;Ceará ;Coritiba;3;2
2011;01/10/2011;06:00;27;9285;Palmeiras;América-MG;1;1
2011;01/10/2011;06:00;27;15255;Fluminense;Santos;3;2
2011;01/10/2011;06:00;27;16697;Bahia;Avaí;3;2
2011;02/10/2011;04:00;27;63871;São Paulo;Flamengo;1;2
2011;02/10/2011;04:00;27;22855;Vasco da Gama;Corinthians;2;2
2011;02/10/2011;04:00;27;14174;Atlético-MG;Ceará ;1;1
2011;02/10/2011;04:00;27;9283;Figueirense;Coritiba;0;0
2011;02/10/2011;04:00;27;14431;Atlético-PR;Internacional;2;0
2011;02/10/2011;06:00;27;17507;Grêmio;Cruzeiro;2;0
2011;02/10/2011;06:00;27;12264;Atlético-GO;Botafogo;2;0
2011;05/10/2011;09:50;28;9944;Cruzeiro;São Paulo;3;3
2011;08/10/2011;06:00;28;6765;Botafogo;Bahia;2;2
2011;08/10/2011;06:00;28;19951;Coritiba;Grêmio;2;0
2011;08/10/2011;06:00;28;750;América-MG;Atlético-MG;0;0
2011;09/10/2011;04:00;28;7373;Santos;Palmeiras;1;0
2011;09/10/2011;04:00;28;25513;Flamengo;Fluminense;3;2
2011;09/10/2011;04:00;28;20250;Internacional;Vasco da Gama;3;0
2011;09/10/2011;06:00;28;33609;Corinthians;Atlético-GO;3;0
2011;09/10/2011;06:00;28;8531;Avaí;Atlético-PR;3;0
2011;09/10/2011;06:00;28;13617;Ceará ;Figueirense;1;1
2011;12/10/2011;04:00;29;24470;São Paulo;Internacional;0;0
2011;12/10/2011;04:00;29;16449;Grêmio;Figueirense;1;3
2011;12/10/2011;04:00;29;10628;Avaí;Atlético-GO;2;2
2011;12/10/2011;04:00;29;939;América-MG;Ceará ;4;1
2011;12/10/2011;09:50;29;32450;Corinthians;Botafogo;0;2
2011;12/10/2011;09:50;29;22573;Flamengo;Palmeiras;1;1
2011;12/10/2011;09:50;29;13904;Bahia;Cruzeiro;0;0
2011;13/10/2011;08:30;29;11153;Fluminense;Coritiba;3;1
2011;13/10/2011;08:30;29;12351;Atlético-MG;Santos;2;1
2011;13/10/2011;08:30;29;10813;Atlético-PR;Vasco da Gama;2;2
2011;15/10/2011;06:00;30;7421;Figueirense;América-MG;2;1
2011;15/10/2011;06:00;30;18245;Ceará ;Flamengo;0;1
2011;16/10/2011;04:00;30;3649;Palmeiras;Fluminense;1;2
2011;16/10/2011;04:00;30;3477;Santos;Grêmio;0;1
2011;16/10/2011;04:00;30;26527;Botafogo;Atlético-PR;2;0
2011;16/10/2011;04:00;30;17832;Internacional;Avaí;4;2
2011;16/10/2011;04:00;30;17004;Cruzeiro;Corinthians;0;1
2011;16/10/2011;06:00;30;15269;Vasco da Gama;Atlético-MG;2;0
2011;16/10/2011;06:00;30;11896;Coritiba;Bahia;0;0
2011;16/10/2011;06:00;30;23906;Atlético-GO;São Paulo;3;0
2011;22/10/2011;06:00;31;3897;Palmeiras;Figueirense;1;2
2011;22/10/2011;06:00;31;24143;Fluminense;Atlético-MG;0;2
2011;22/10/2011;06:00;31;7784;Avaí;Botafogo;3;2
2011;22/10/2011;06:00;31;829;América-MG;Grêmio;2;2
2011;23/10/2011;04:00;31;15148;São Paulo;Coritiba;0;0
2011;23/10/2011;04:00;31;32299;Internacional;Corinthians;1;1
2011;23/10/2011;04:00;31;12186;Atlético-PR;Ceará ;1;0
2011;23/10/2011;06:00;31;32157;Bahia;Vasco da Gama;0;2
2011;23/10/2011;06:00;31;18257;Flamengo;Santos;1;1
2011;23/10/2011;06:00;31;5595;Cruzeiro;Atlético-GO;3;2
2011;29/10/2011;06:00;32;16679;Santos;Atlético-PR;4;1
2011;29/10/2011;06:00;32;15724;Botafogo;Cruzeiro;1;0
2011;29/10/2011;06:00;32;17554;Ceará ;Fluminense;1;2
2011;30/10/2011;04:00;32;33373;Corinthians;Avaí;2;1
2011;30/10/2011;04:00;32;21315;Vasco da Gama;São Paulo;0;0
2011;30/10/2011;04:00;32;44781;Grêmio;Flamengo;4;2
2011;30/10/2011;04:00;32;9255;Figueirense;Bahia;2;1
2011;30/10/2011;06:00;32;17179;Atlético-MG;Palmeiras;2;1
2011;30/10/2011;06:00;32;10962;Coritiba;América-MG;3;1
2011;30/10/2011;06:00;32;6337;Atlético-GO;Internacional;0;1
2011;05/11/2011;07:00;33;25321;Botafogo;Figueirense;0;1
2011;05/11/2011;07:00;33;17387;Atlético-MG;Grêmio;2;0
2011;05/11/2011;07:00;33;31230;Bahia;São Paulo;4;3
2011;06/11/2011;05:00;33;12305;Santos;Vasco da Gama;2;0
2011;06/11/2011;05:00;33;39842;Flamengo;Cruzeiro;5;1
2011;06/11/2011;05:00;33;6141;Avaí;Ceará ;1;2
2011;06/11/2011;05:00;33;37034;América-MG;Corinthians;2;1
2011;06/11/2011;07:00;33;7513;Palmeiras;Coritiba;0;2
2011;06/11/2011;07:00;33;33850;Internacional;Fluminense;1;2
2011;06/11/2011;07:00;33;11200;Atlético-PR;Atlético-GO;2;1
2011;12/11/2011;07:00;34;11134;São Paulo;Avaí;2;0
2011;12/11/2011;07:00;34;40232;Fluminense;América-MG;1;2
2011;12/11/2011;07:00;34;10271;Figueirense;Atlético-MG;2;1
2011;13/11/2011;05:00;34;26299;Coritiba;Flamengo;2;0
2011;13/11/2011;05:00;34;15062;Grêmio;Palmeiras;2;2
2011;13/11/2011;05:00;34;37157;Corinthians;Atlético-PR;2;1
2011;13/11/2011;05:00;34;16277;Ceará ;Santos;2;3
2011;13/11/2011;07:00;34;2931;Atlético-GO;Bahia;0;1
2011;13/11/2011;07:00;34;33778;Vasco da Gama;Botafogo;2;0
2011;13/11/2011;07:00;34;16967;Cruzeiro;Internacional;1;0
2011;16/11/2011;08:30;35;11395;Fluminense;Grêmio;5;4
2011;16/11/2011;08:30;35;7262;Internacional;Bahia;1;0
2011;16/11/2011;08:30;35;16889;Atlético-PR;São Paulo;1;0
2011;16/11/2011;08:30;35;1502;América-MG;Botafogo;2;1
2011;16/11/2011;09:50;35;8153;Palmeiras;Vasco da Gama;1;1
2011;16/11/2011;09:50;35;2314;Avaí;Cruzeiro;0;0
2011;16/11/2011;09:50;35;17532;Ceará ;Corinthians;0;1
2011;17/11/2011;08:30;35;18044;Santos;Atlético-GO;1;1
2011;17/11/2011;08:30;35;0;Flamengo;Figueirense;0;0
2011;17/11/2011;08:30;35;16872;Atlético-MG;Coritiba;2;1
2011;19/11/2011;07:00;36;9057;São Paulo;América-MG;3;1
2011;19/11/2011;07:00;36;19834;Vasco da Gama;Avaí;2;0
2011;19/11/2011;07:00;36;5658;Grêmio;Ceará ;1;3
2011;20/11/2011;05:00;36;35011;Corinthians;Atlético-MG;2;1
2011;20/11/2011;05:00;36;7840;Botafogo;Internacional;1;2
2011;20/11/2011;05:00;36;18139;Cruzeiro;Atlético-PR;1;1
2011;20/11/2011;05:00;36;37828;Atlético-GO;Flamengo;0;0
2011;20/11/2011;07:00;36;16279;Figueirense;Fluminense;0;4
2011;20/11/2011;07:00;36;16447;Coritiba;Santos;1;0
2011;20/11/2011;07:00;36;32157;Bahia;Palmeiras;0;2
2011;27/11/2011;05:00;37;18364;Palmeiras;São Paulo;1;0
2011;27/11/2011;05:00;37;12052;Santos;Bahia;1;1
2011;27/11/2011;05:00;37;12911;Flamengo;Internacional;1;0
2011;27/11/2011;05:00;37;34132;Fluminense;Vasco da Gama;1;2
2011;27/11/2011;05:00;37;4728;Grêmio;Atlético-GO;2;2
2011;27/11/2011;05:00;37;18281;Atlético-MG;Botafogo;4;0
2011;27/11/2011;05:00;37;17254;Figueirense;Corinthians;0;1
2011;27/11/2011;05:00;37;15680;Coritiba;Avaí;1;0
2011;27/11/2011;05:00;37;841;América-MG;Atlético-PR;2;1
2011;27/11/2011;05:00;37;17331;Ceará ;Cruzeiro;2;2
2011;04/12/2011;05:00;38;36708;Corinthians;Palmeiras;0;0
2011;04/12/2011;05:00;38;4948;São Paulo;Santos;4;1
2011;04/12/2011;05:00;38;31777;Internacional;Grêmio;1;0
2011;04/12/2011;05:00;38;18500;Cruzeiro;Atlético-MG;6;1
2011;04/12/2011;05:00;38;5787;Atlético-GO;América-MG;5;1
2011;04/12/2011;05:00;38;0;Atlético-PR;Coritiba;1;0
2011;04/12/2011;05:00;38;32157;Bahia;Ceará ;2;1
2011;04/12/2011;05:00;38;5880;Avaí;Figueirense;1;1
2011;04/12/2011;05:00;38;6379;Botafogo;Fluminense;1;1
2011;04/12/2011;05:00;38;40004;Vasco da Gama;Flamengo;1;1
2012;19/05/2012;06:30;1;8939;Palmeiras;Portuguesa;1;1
2012;19/05/2012;06:30;1;26699;Sport;Flamengo;1;1
2012;19/05/2012;09:00;1;5185;Figueirense;Náutico;2;1
2012;20/05/2012;04:00;1;7008;Botafogo;São Paulo;4;2
2012;20/05/2012;04:00;1;14791;Corinthians;Fluminense;0;1
2012;20/05/2012;04:00;1;19000;Internacional;Coritiba;2;0
2012;20/05/2012;04:00;1;4911;Ponte Preta;Atlético-MG;0;1
2012;20/05/2012;06:30;1;5826;Vasco da Gama;Grêmio;2;1
2012;20/05/2012;06:30;1;3952;Cruzeiro;Atlético-GO;0;0
2012;20/05/2012;06:30;1;8908;Bahia;Santos;0;0
2012;26/05/2012;06:30;2;19274;Flamengo;Internacional;3;3
2012;26/05/2012;06:30;2;4638;Portuguesa;Vasco da Gama;0;1
2012;26/05/2012;06:30;2;1703;Atlético-GO;Ponte Preta;1;1
2012;26/05/2012;09:00;2;12531;Náutico;Cruzeiro;0;0
2012;27/05/2012;04:00;2;5294;Santos;Sport;0;0
2012;27/05/2012;04:00;2;14369;Coritiba;Botafogo;2;3
2012;27/05/2012;04:00;2;14740;Atlético-MG;Corinthians;1;0
2012;27/05/2012;04:00;2;10305;São Paulo;Bahia;1;0
2012;27/05/2012;06:30;2;5594;Fluminense;Figueirense;2;2
2012;27/05/2012;06:30;2;18277;Grêmio;Palmeiras;1;0
2012;06/06/2012;07:30;3;2965;Atlético-GO;Grêmio;0;1
2012;06/06/2012;07:30;3;19096;Sport;Palmeiras;2;1
2012;06/06/2012;08:30;3;7541;Vasco da Gama;Náutico;4;2
2012;06/06/2012;08:30;3;8959;Coritiba;Portuguesa;2;0
2012;06/06/2012;08:30;3;16580;Atlético-MG;Bahia;1;1
2012;06/06/2012;09:50;3;12348;Internacional;São Paulo;1;0
2012;06/06/2012;09:50;3;5365;Ponte Preta;Flamengo;2;2
2012;06/06/2012;09:50;3;4080;Santos;Fluminense;1;1
2012;07/06/2012;09:00;3;6900;Botafogo;Cruzeiro;2;3
2012;07/06/2012;09:00;3;21912;Corinthians;Figueirense;1;1
2012;09/06/2012;09:00;4;6142;Flamengo;Coritiba;3;1
2012;09/06/2012;09:00;4;7268;Palmeiras;Atlético-MG;0;1
2012;10/06/2012;04:00;4;1407;Portuguesa;Atlético-GO;2;0
2012;10/06/2012;05:00;4;5728;Fluminense;Internacional;0;0
2012;10/06/2012;05:00;4;16803;Grêmio;Corinthians;2;0
2012;10/06/2012;05:00;4;17908;Bahia;Vasco da Gama;1;2
2012;10/06/2012;06:30;4;4574;Cruzeiro;Sport;1;0
2012;10/06/2012;06:30;4;6505;São Paulo;Santos;1;0
2012;10/06/2012;06:30;4;5901;Figueirense;Ponte Preta;0;0
2012;10/06/2012;06:30;4;12354;Náutico;Botafogo;3;2
2012;16/06/2012;06:30;5;12419;Internacional;Botafogo;1;2
2012;16/06/2012;06:30;5;17883;Cruzeiro;Figueirense;1;0
2012;16/06/2012;09:00;5;4564;Fluminense;Portuguesa;4;1
2012;17/06/2012;04:00;5;6651;Palmeiras;Vasco da Gama;1;1
2012;17/06/2012;04:00;5;17373;Flamengo;Santos;1;0
2012;17/06/2012;04:00;5;11656;São Paulo;Atlético-MG;1;0
2012;17/06/2012;04:00;5;11031;Bahia;Sport;2;1
2012;17/06/2012;06:30;5;6316;Ponte Preta;Corinthians;1;0
2012;17/06/2012;06:30;5;8704;Coritiba;Atlético-GO;3;0
2012;17/06/2012;06:30;5;14006;Náutico;Grêmio;1;0
2012;23/06/2012;06:30;6;18337;Vasco da Gama;Cruzeiro;1;3
2012;23/06/2012;06:30;6;4544;Portuguesa;São Paulo;1;0
2012;23/06/2012;09:00;6;16367;Atlético-MG;Náutico;5;1
2012;24/06/2012;04:00;6;17519;Corinthians;Palmeiras;2;1
2012;24/06/2012;04:00;6;14878;Grêmio;Flamengo;2;0
2012;24/06/2012;04:00;6;7728;Figueirense;Bahia;1;1
2012;24/06/2012;06:30;6;6731;Botafogo;Ponte Preta;1;2
2012;24/06/2012;06:30;6;13531;Sport;Internacional;0;2
2012;24/06/2012;06:30;6;5120;Santos;Coritiba;2;2
2012;24/06/2012;06:30;6;5240;Atlético-GO;Fluminense;1;4
2012;30/06/2012;04:20;7;14501;Náutico;Fluminense;0;2
2012;30/06/2012;04:20;7;17695;Cruzeiro;São Paulo;2;3
2012;30/06/2012;06:30;7;11082;Vasco da Gama;Ponte Preta;3;2
2012;01/07/2012;04:00;7;12447;Coritiba;Sport;2;3
2012;01/07/2012;04:00;7;8379;Portuguesa;Santos;0;0
2012;01/07/2012;04:00;7;13447;Bahia;Internacional;1;1
2012;01/07/2012;06:30;7;6645;Flamengo;Atlético-GO;3;2
2012;01/07/2012;06:30;7;34550;Grêmio;Atlético-MG;0;1
2012;01/07/2012;06:30;7;2580;Palmeiras;Figueirense;3;1
2012;11/07/2012;07:30;7;25900;Corinthians;Botafogo;1;3
2012;07/07/2012;06:30;8;20746;Botafogo;Bahia;3;0
2012;07/07/2012;06:30;8;9349;Internacional;Cruzeiro;2;1
2012;07/07/2012;09:00;8;2048;Atlético-GO;Náutico;0;1
2012;08/07/2012;04:00;8;9402;Santos;Grêmio;4;2
2012;08/07/2012;04:00;8;15086;Figueirense;Vasco da Gama;1;1
2012;08/07/2012;04:00;8;38862;Fluminense;Flamengo;1;0
2012;08/07/2012;04:00;8;21336;São Paulo;Coritiba;3;1
2012;08/07/2012;06:30;8;18875;Atlético-MG;Portuguesa;2;0
2012;08/07/2012;06:30;8;20976;Sport;Corinthians;1;1
2012;08/07/2012;06:30;8;5271;Ponte Preta;Palmeiras;1;0
2012;14/07/2012;06:30;9;10303;Figueirense;Atlético-MG;3;4
2012;14/07/2012;06:30;9;23198;Corinthians;Náutico;2;1
2012;14/07/2012;09:00;9;2857;Ponte Preta;Coritiba;4;1
2012;15/07/2012;04:00;9;17122;Botafogo;Fluminense;1;1
2012;15/07/2012;04:00;9;29206;Bahia;Flamengo;1;2
2012;15/07/2012;04:00;9;11791;Internacional;Santos;0;0
2012;15/07/2012;04:00;9;15523;Cruzeiro;Grêmio;1;3
2012;15/07/2012;06:30;9;15770;Sport;Portuguesa;2;1
2012;15/07/2012;06:30;9;9624;Vasco da Gama;Atlético-GO;1;0
2012;15/07/2012;06:30;9;8374;Palmeiras;São Paulo;1;1
2012;18/07/2012;07:30;10;7069;Santos;Botafogo;0;0
2012;18/07/2012;07:30;10;15179;Grêmio;Sport;3;1
2012;18/07/2012;08:30;10;2409;Portuguesa;Cruzeiro;0;2
2012;18/07/2012;08:30;10;12605;Náutico;Ponte Preta;3;0
2012;18/07/2012;09:50;10;19181;Atlético-MG;Internacional;3;1
2012;18/07/2012;09:50;10;10428;São Paulo;Vasco da Gama;0;1
2012;18/07/2012;09:50;10;14897;Flamengo;Corinthians;0;3
2012;19/07/2012;09:00;10;7413;Fluminense;Bahia;4;0
2012;19/07/2012;09:00;10;1112;Atlético-GO;Figueirense;3;2
2012;19/07/2012;09:00;10;11998;Coritiba;Palmeiras;1;1
2012;21/07/2012;06:30;11;17222;Vasco da Gama;Santos;2;0
2012;21/07/2012;06:30;11;16230;Sport;Atlético-MG;1;4
2012;21/07/2012;09:00;11;31106;Corinthians;Portuguesa;1;1
2012;22/07/2012;04:00;11;7407;Palmeiras;Náutico;3;0
2012;22/07/2012;04:00;11;10021;Internacional;Atlético-GO;4;1
2012;22/07/2012;04:00;11;16277;Cruzeiro;Flamengo;1;0
2012;22/07/2012;04:00;11;9445;Figueirense;São Paulo;0;2
2012;22/07/2012;06:30;11;34621;Botafogo;Grêmio;0;1
2012;22/07/2012;06:30;11;8380;Bahia;Coritiba;2;2
2012;22/07/2012;06:30;11;5890;Ponte Preta;Fluminense;1;2
2012;25/07/2012;07:30;12;4117;Ponte Preta;Sport;1;1
2012;25/07/2012;07:30;12;8944;Figueirense;Internacional;0;1
2012;25/07/2012;08:30;12;21812;Vasco da Gama;Botafogo;1;0
2012;25/07/2012;08:30;12;12663;Náutico;Coritiba;3;4
2012;25/07/2012;09:50;12;28759;Corinthians;Cruzeiro;2;0
2012;25/07/2012;09:50;12;6236;Atlético-GO;São Paulo;4;3
2012;25/07/2012;09:50;12;27405;Grêmio;Fluminense;1;0
2012;26/07/2012;09:00;12;7515;Palmeiras;Bahia;0;2
2012;26/07/2012;09:00;12;8184;Flamengo;Portuguesa;0;0
2012;26/07/2012;09:00;12;20418;Atlético-MG;Santos;2;0
2012;28/07/2012;06:30;13;17619;Coritiba;Grêmio;2;1
2012;28/07/2012;06:30;13;15462;Internacional;Vasco da Gama;0;0
2012;28/07/2012;09:00;13;5095;Botafogo;Figueirense;1;0
2012;29/07/2012;04:00;13;19761;Fluminense;Atlético-MG;0;0
2012;29/07/2012;04:00;13;12860;Sport;Atlético-GO;0;0
2012;29/07/2012;04:00;13;24648;Bahia;Corinthians;0;0
2012;29/07/2012;04:00;13;35049;São Paulo;Flamengo;4;1
2012;29/07/2012;06:30;13;4261;Santos;Ponte Preta;2;1
2012;29/07/2012;06:30;13;1910;Portuguesa;Náutico;3;1
2012;29/07/2012;06:30;13;11512;Cruzeiro;Palmeiras;2;1
2012;04/08/2012;06:30;14;8387;Palmeiras;Internacional;0;1
2012;04/08/2012;06:30;14;7309;Atlético-GO;Botafogo;1;2
2012;04/08/2012;09:00;14;1600;Portuguesa;Figueirense;2;0
2012;05/08/2012;04:00;14;23268;Grêmio;Bahia;3;1
2012;05/08/2012;04:00;14;16523;Coritiba;Fluminense;0;2
2012;05/08/2012;04:00;14;19418;Vasco da Gama;Corinthians;0;0
2012;05/08/2012;04:00;14;23492;São Paulo;Sport;1;0
2012;05/08/2012;06:30;14;15103;Cruzeiro;Ponte Preta;1;2
2012;05/08/2012;06:30;14;12266;Náutico;Santos;3;0
2012;26/09/2012;10:00;14;39060;Flamengo;Atlético-MG;2;1
2012;08/08/2012;07:30;15;9716;Internacional;Náutico;0;0
2012;08/08/2012;07:30;15;13786;Sport;Vasco da Gama;0;2
2012;08/08/2012;08:30;15;24372;Corinthians;Atlético-GO;1;1
2012;08/08/2012;08:30;15;8166;Bahia;Portuguesa;0;0
2012;08/08/2012;09:50;15;3215;Santos;Cruzeiro;4;2
2012;08/08/2012;09:50;15;5053;Botafogo;Palmeiras;1;2
2012;08/08/2012;09:50;15;11307;Figueirense;Flamengo;0;2
2012;09/08/2012;09:00;15;19288;Atlético-MG;Coritiba;1;0
2012;09/08/2012;09:00;15;5799;Fluminense;São Paulo;2;1
2012;09/08/2012;09:00;15;9010;Ponte Preta;Grêmio;0;0
2012;11/08/2012;06:30;16;11258;Sport;Figueirense;0;1
2012;11/08/2012;06:30;16;9432;Santos;Atlético-GO;2;2
2012;11/08/2012;06:30;16;8946;Bahia;Cruzeiro;0;1
2012;11/08/2012;09:00;16;9308;Flamengo;Náutico;2;0
2012;12/08/2012;04:00;16;16139;Coritiba;Corinthians;1;2
2012;12/08/2012;04:00;16;19650;Atlético-MG;Vasco da Gama;1;0
2012;12/08/2012;04:00;16;9274;Internacional;Ponte Preta;2;1
2012;12/08/2012;04:00;16;15386;São Paulo;Grêmio;1;2
2012;12/08/2012;06:30;16;3108;Portuguesa;Botafogo;1;1
2012;12/08/2012;06:30;16;8536;Fluminense;Palmeiras;1;0
2012;15/08/2012;07:30;17;13551;Cruzeiro;Fluminense;1;1
2012;15/08/2012;07:30;17;15798;Grêmio;Portuguesa;1;2
2012;15/08/2012;08:30;17;4259;Ponte Preta;Bahia;0;2
2012;15/08/2012;08:30;17;7729;Atlético-GO;Atlético-MG;1;1
2012;15/08/2012;09:50;17;7500;Palmeiras;Flamengo;1;0
2012;15/08/2012;09:50;17;4094;Botafogo;Sport;2;0
2012;15/08/2012;09:50;17;14022;Náutico;São Paulo;3;0
2012;16/08/2012;09:00;17;7432;Vasco da Gama;Coritiba;2;2
2012;16/08/2012;09:00;17;27282;Corinthians;Internacional;1;0
2012;16/08/2012;09:00;17;10993;Figueirense;Santos;1;3
2012;18/08/2012;06:30;18;14358;Náutico;Bahia;1;0
2012;18/08/2012;06:30;18;7096;Fluminense;Sport;1;0
2012;18/08/2012;09:00;18;9900;São Paulo;Ponte Preta;3;0
2012;19/08/2012;04:00;18;18205;Grêmio;Figueirense;4;0
2012;19/08/2012;04:00;18;11739;Coritiba;Cruzeiro;4;0
2012;19/08/2012;04:00;18;12413;Santos;Corinthians;3;2
2012;19/08/2012;04:00;18;19903;Atlético-MG;Botafogo;3;2
2012;19/08/2012;06:30;18;9955;Atlético-GO;Palmeiras;2;1
2012;19/08/2012;06:30;18;4365;Portuguesa;Internacional;1;1
2012;19/08/2012;06:30;18;19469;Flamengo;Vasco da Gama;1;0
2012;25/08/2012;06:30;19;21171;Palmeiras;Santos;1;2
2012;25/08/2012;06:30;19;13533;Vasco da Gama;Fluminense;1;2
2012;25/08/2012;09:00;19;3376;Ponte Preta;Portuguesa;2;1
2012;26/08/2012;04:00;19;34843;Corinthians;São Paulo;1;2
2012;26/08/2012;04:00;19;8844;Internacional;Grêmio;0;1
2012;26/08/2012;04:00;19;5145;Figueirense;Coritiba;3;1
2012;26/08/2012;04:00;19;19471;Botafogo;Flamengo;0;0
2012;26/08/2012;06:30;19;10901;Bahia;Atlético-GO;1;1
2012;26/08/2012;06:30;19;17901;Cruzeiro;Atlético-MG;2;2
2012;26/08/2012;06:30;19;17066;Sport;Náutico;0;0
2012;29/08/2012;07:30;20;12200;Coritiba;Internacional;1;0
2012;29/08/2012;07:30;20;8612;Santos;Bahia;1;3
2012;29/08/2012;08:30;20;12262;Náutico;Figueirense;3;2
2012;29/08/2012;08:30;20;7531;Portuguesa;Palmeiras;3;0
2012;29/08/2012;08:30;20;18644;Atlético-MG;Ponte Preta;2;2
2012;29/08/2012;10:00;20;2675;Atlético-GO;Cruzeiro;0;2
2012;29/08/2012;10:00;20;21758;Grêmio;Vasco da Gama;2;0
2012;29/08/2012;10:00;20;9062;Fluminense;Corinthians;1;1
2012;30/08/2012;09:00;20;15576;São Paulo;Botafogo;4;0
2012;30/08/2012;09:00;20;8142;Flamengo;Sport;1;1
2012;01/09/2012;06:30;21;8943;Figueirense;Fluminense;2;2
2012;01/09/2012;06:30;21;11586;Palmeiras;Grêmio;0;0
2012;01/09/2012;09:00;21;4636;Vasco da Gama;Portuguesa;2;0
2012;02/09/2012;04:00;21;25945;Bahia;São Paulo;1;0
2012;02/09/2012;04:00;21;20171;Sport;Santos;2;1
2012;02/09/2012;04:00;21;12015;Internacional;Flamengo;4;1
2012;02/09/2012;04:00;21;33375;Corinthians;Atlético-MG;1;0
2012;02/09/2012;06:30;21;4762;Ponte Preta;Atlético-GO;3;1
2012;02/09/2012;06:30;21;11673;Cruzeiro;Náutico;3;0
2012;02/09/2012;06:30;21;4241;Botafogo;Coritiba;2;0
2012;05/09/2012;07:30;22;19629;Bahia;Atlético-MG;0;0
2012;05/09/2012;07:30;22;13041;Náutico;Vasco da Gama;1;1
2012;05/09/2012;07:30;22;1600;Portuguesa;Coritiba;3;0
2012;05/09/2012;07:30;22;4087;Flamengo;Ponte Preta;0;1
2012;05/09/2012;08:30;22;21832;Grêmio;Atlético-GO;2;1
2012;05/09/2012;10:00;22;11142;Figueirense;Corinthians;1;0
2012;05/09/2012;10:00;22;13957;Cruzeiro;Botafogo;1;3
2012;05/09/2012;10:00;22;14171;São Paulo;Internacional;1;1
2012;06/09/2012;09:00;22;29409;Palmeiras;Sport;3;1
2012;06/09/2012;09:00;22;15874;Fluminense;Santos;3;1
2012;08/09/2012;06:30;23;12033;Coritiba;Flamengo;3;0
2012;08/09/2012;06:30;23;4541;Ponte Preta;Figueirense;2;2
2012;08/09/2012;09:00;23;24850;Corinthians;Grêmio;3;1
2012;09/09/2012;04:00;23;18348;Botafogo;Náutico;3;1
2012;09/09/2012;04:00;23;6060;Internacional;Fluminense;0;1
2012;09/09/2012;04:00;23;6379;Santos;São Paulo;0;0
2012;09/09/2012;06:30;23;891;Atlético-GO;Portuguesa;1;1
2012;09/09/2012;06:30;23;12165;Sport;Cruzeiro;2;1
2012;09/09/2012;06:30;23;7802;Vasco da Gama;Bahia;0;4
2012;09/09/2012;06:30;23;18033;Atlético-MG;Palmeiras;3;0
2012;12/09/2012;07:30;24;3613;Portuguesa;Fluminense;0;2
2012;12/09/2012;07:30;24;6917;Figueirense;Cruzeiro;2;0
2012;12/09/2012;07:30;24;19844;Corinthians;Ponte Preta;1;1
2012;12/09/2012;08:30;24;17107;Sport;Bahia;1;1
2012;12/09/2012;08:30;24;697;Atlético-GO;Coritiba;1;2
2012;12/09/2012;10:00;24;18025;Atlético-MG;São Paulo;1;0
2012;12/09/2012;10:00;24;3904;Vasco da Gama;Palmeiras;3;1
2012;12/09/2012;10:00;24;8015;Santos;Flamengo;2;0
2012;13/09/2012;09:00;24;17932;Grêmio;Náutico;2;0
2012;13/09/2012;09:00;24;11175;Botafogo;Internacional;1;1
2012;15/09/2012;06:30;25;18957;São Paulo;Portuguesa;3;1
2012;15/09/2012;06:30;25;8269;Fluminense;Atlético-GO;1;2
2012;16/09/2012;04:00;25;24692;Palmeiras;Corinthians;0;2
2012;16/09/2012;04:00;25;9753;Cruzeiro;Vasco da Gama;1;1
2012;16/09/2012;04:00;25;20274;Coritiba;Santos;1;2
2012;16/09/2012;04:00;25;15013;Náutico;Atlético-MG;1;0
2012;16/09/2012;04:00;25;22041;Bahia;Figueirense;2;1
2012;16/09/2012;06:30;25;5922;Ponte Preta;Botafogo;0;0
2012;16/09/2012;06:30;25;5448;Internacional;Sport;2;2
2012;16/09/2012;06:30;25;15625;Flamengo;Grêmio;1;1
2012;22/09/2012;06:30;26;8038;Fluminense;Náutico;2;1
2012;22/09/2012;06:30;26;10724;Figueirense;Palmeiras;1;3
2012;22/09/2012;09:00;26;15774;Santos;Portuguesa;1;3
2012;23/09/2012;04:00;26;23887;Atlético-GO;Flamengo;1;2
2012;23/09/2012;04:00;26;40457;São Paulo;Cruzeiro;1;0
2012;23/09/2012;04:00;26;16990;Botafogo;Corinthians;2;2
2012;23/09/2012;04:00;26;7161;Ponte Preta;Vasco da Gama;0;0
2012;23/09/2012;06:30;26;15258;Sport;Coritiba;1;0
2012;23/09/2012;06:30;26;19668;Atlético-MG;Grêmio;0;0
2012;23/09/2012;06:30;26;9052;Internacional;Bahia;3;1
2012;29/09/2012;06:30;27;5971;Portuguesa;Atlético-MG;1;1
2012;29/09/2012;06:30;27;13149;Náutico;Atlético-GO;2;0
2012;29/09/2012;06:30;27;8213;Vasco da Gama;Figueirense;3;1
2012;29/09/2012;06:30;27;7395;Cruzeiro;Internacional;0;0
2012;29/09/2012;09:00;27;29739;Palmeiras;Ponte Preta;3;0
2012;30/09/2012;04:00;27;22708;Bahia;Botafogo;2;0
2012;30/09/2012;04:00;27;15061;Coritiba;São Paulo;1;1
2012;30/09/2012;04:00;27;30844;Flamengo;Fluminense;0;1
2012;30/09/2012;04:00;27;25277;Corinthians;Sport;3;0
2012;30/09/2012;06:30;27;38212;Grêmio;Santos;1;1
2012;04/10/2012;09:00;28;2054;Portuguesa;Sport;5;1
2012;04/10/2012;09:00;28;10141;Coritiba;Ponte Preta;1;0
2012;04/10/2012;09:00;28;30209;Flamengo;Bahia;0;0
2012;06/10/2012;09:00;28;34941;São Paulo;Palmeiras;3;0
2012;06/10/2012;09:20;28;19005;Náutico;Corinthians;2;1
2012;06/10/2012;09:20;28;13212;Atlético-GO;Vasco da Gama;0;1
2012;06/10/2012;09:20;28;9965;Santos;Internacional;1;1
2012;06/10/2012;11:30;28;27843;Grêmio;Cruzeiro;2;1
2012;06/10/2012;11:30;28;16952;Atlético-MG;Figueirense;6;0
2012;06/10/2012;11:30;28;21685;Fluminense;Botafogo;1;0
2012;10/10/2012;07:30;29;6956;Ponte Preta;Náutico;2;1
2012;10/10/2012;07:30;29;2344;Cruzeiro;Portuguesa;2;0
2012;10/10/2012;07:30;29;2600;Figueirense;Atlético-GO;3;1
2012;10/10/2012;07:30;29;21993;Bahia;Fluminense;0;2
2012;10/10/2012;07:30;29;4634;Botafogo;Santos;0;2
2012;10/10/2012;10:00;29;25395;Corinthians;Flamengo;3;2
2012;10/10/2012;10:00;29;3372;Internacional;Atlético-MG;3;0
2012;10/10/2012;10:00;29;11182;Vasco da Gama;São Paulo;0;2
2012;11/10/2012;09:00;29;11210;Sport;Grêmio;1;3
2012;11/10/2012;09:00;29;10655;Palmeiras;Coritiba;0;1
2012;13/10/2012;06:30;30;1476;Atlético-GO;Internacional;3;1
2012;13/10/2012;06:30;30;20833;Flamengo;Cruzeiro;1;1
2012;13/10/2012;09:00;30;7397;Portuguesa;Corinthians;1;1
2012;14/10/2012;04:00;30;15096;Náutico;Palmeiras;1;0
2012;14/10/2012;04:00;30;11148;Coritiba;Bahia;2;1
2012;14/10/2012;04:00;30;14265;Atlético-MG;Sport;2;1
2012;14/10/2012;04:00;30;6555;Santos;Vasco da Gama;2;0
2012;14/10/2012;04:00;30;27641;São Paulo;Figueirense;2;0
2012;14/10/2012;06:30;30;27529;Grêmio;Botafogo;1;1
2012;14/10/2012;06:30;30;19064;Fluminense;Ponte Preta;2;1
2012;17/10/2012;07:30;31;4649;Internacional;Figueirense;2;3
2012;17/10/2012;07:30;31;12174;Coritiba;Náutico;2;1
2012;17/10/2012;07:30;31;18459;Bahia;Palmeiras;0;1
2012;17/10/2012;07:30;31;35217;Fluminense;Grêmio;2;2
2012;17/10/2012;10:00;31;7223;Cruzeiro;Corinthians;2;0
2012;17/10/2012;10:00;31;10553;Santos;Atlético-MG;2;2
2012;17/10/2012;10:00;31;5892;Portuguesa;Flamengo;0;0
2012;18/10/2012;09:00;31;27098;São Paulo;Atlético-GO;2;0
2012;18/10/2012;09:00;31;7525;Botafogo;Vasco da Gama;3;2
2012;18/10/2012;09:00;31;10280;Sport;Ponte Preta;3;1
2012;20/10/2012;11:30;32;20676;Grêmio;Coritiba;0;0
2012;20/10/2012;11:30;32;20250;Corinthians;Bahia;1;1
2012;20/10/2012;11:30;32;9873;Palmeiras;Cruzeiro;2;0
2012;21/10/2012;04:00;32;13199;Náutico;Portuguesa;0;0
2012;21/10/2012;04:00;32;21631;Flamengo;São Paulo;1;0
2012;21/10/2012;04:00;32;20096;Atlético-MG;Fluminense;3;2
2012;21/10/2012;06:30;32;449;Atlético-GO;Sport;0;1
2012;21/10/2012;06:30;32;13468;Ponte Preta;Santos;1;0
2012;24/10/2012;06:30;32;10744;Vasco da Gama;Internacional;1;2
2012;24/10/2012;10:00;32;8117;Figueirense;Botafogo;0;2
2012;25/10/2012;09:00;33;33975;Fluminense;Coritiba;2;1
2012;25/10/2012;09:00;33;6256;Santos;Náutico;0;0
2012;25/10/2012;09:00;33;6480;Ponte Preta;Cruzeiro;1;0
2012;27/10/2012;04:20;33;24376;Corinthians;Vasco da Gama;1;0
2012;27/10/2012;04:20;33;9390;Internacional;Palmeiras;2;1
2012;27/10/2012;06:30;33;11352;Botafogo;Atlético-GO;4;0
2012;27/10/2012;06:30;33;32157;Bahia;Grêmio;1;1
2012;27/10/2012;06:30;33;29590;Sport;São Paulo;2;4
2012;27/10/2012;06:30;33;2883;Figueirense;Portuguesa;0;0
2012;31/10/2012;09:50;33;19945;Atlético-MG;Flamengo;1;1
2012;03/11/2012;07:30;34;21833;Grêmio;Ponte Preta;1;0
2012;03/11/2012;07:30;34;16331;Cruzeiro;Santos;0;4
2012;03/11/2012;09:00;34;6776;Flamengo;Figueirense;1;0
2012;04/11/2012;05:00;34;54118;São Paulo;Fluminense;1;1
2012;04/11/2012;05:00;34;13228;Palmeiras;Botafogo;2;2
2012;04/11/2012;05:00;34;6569;Vasco da Gama;Sport;0;3
2012;04/11/2012;05:00;34;8931;Atlético-GO;Corinthians;0;2
2012;04/11/2012;07:30;34;15439;Náutico;Internacional;3;0
2012;04/11/2012;07:30;34;4340;Portuguesa;Bahia;0;1
2012;04/11/2012;07:30;34;16195;Coritiba;Atlético-MG;1;0
2012;10/11/2012;07:30;35;7276;Atlético-GO;Santos;2;1
2012;10/11/2012;07:30;35;5794;Botafogo;Portuguesa;3;0
2012;10/11/2012;09:00;35;22006;Corinthians;Coritiba;5;1
2012;11/11/2012;05:00;35;40217;Grêmio;São Paulo;2;1
2012;11/11/2012;05:00;35;7036;Vasco da Gama;Atlético-MG;1;1
2012;11/11/2012;05:00;35;8461;Palmeiras;Fluminense;2;3
2012;11/11/2012;07:30;35;2869;Figueirense;Sport;1;1
2012;11/11/2012;07:30;35;8485;Ponte Preta;Internacional;1;0
2012;11/11/2012;07:30;35;19252;Náutico;Flamengo;0;1
2012;11/11/2012;07:30;35;7772;Cruzeiro;Bahia;3;1
2012;17/11/2012;07:30;36;10013;Santos;Figueirense;2;0
2012;17/11/2012;07:30;36;8818;Coritiba;Vasco da Gama;1;2
2012;18/11/2012;05:00;36;10623;Flamengo;Palmeiras;1;1
2012;18/11/2012;05:00;36;15342;Atlético-MG;Atlético-GO;2;2
2012;18/11/2012;05:00;36;35167;Fluminense;Cruzeiro;0;2
2012;18/11/2012;05:00;36;62207;São Paulo;Náutico;2;1
2012;18/11/2012;05:00;36;24004;Bahia;Ponte Preta;1;0
2012;18/11/2012;07:30;36;6950;Internacional;Corinthians;0;2
2012;18/11/2012;07:30;36;3993;Portuguesa;Grêmio;2;2
2012;18/11/2012;07:30;36;22951;Sport;Botafogo;2;0
2012;24/11/2012;07:30;37;34171;Corinthians;Santos;1;1
2012;24/11/2012;07:30;37;9416;Vasco da Gama;Flamengo;1;1
2012;25/11/2012;05:00;37;4244;Palmeiras;Atlético-GO;1;2
2012;25/11/2012;05:00;37;11448;Cruzeiro;Coritiba;2;1
2012;25/11/2012;05:00;37;32408;Sport;Fluminense;1;1
2012;25/11/2012;05:00;37;7756;Figueirense;Grêmio;2;4
2012;25/11/2012;05:00;37;9471;Ponte Preta;São Paulo;0;0
2012;25/11/2012;05:00;37;5216;Internacional;Portuguesa;0;2
2012;25/11/2012;05:00;37;32157;Bahia;Náutico;1;1
2012;25/11/2012;05:00;37;4629;Botafogo;Atlético-MG;2;3
2012;01/12/2012;07:30;38;9380;Flamengo;Botafogo;2;2
2012;01/12/2012;07:30;38;11641;Santos;Palmeiras;3;1
2012;02/12/2012;05:00;38;20100;Náutico;Sport;1;0
2012;02/12/2012;05:00;38;8779;Fluminense;Vasco da Gama;1;2
2012;02/12/2012;05:00;38;2358;Atlético-GO;Bahia;0;1
2012;02/12/2012;05:00;38;22436;São Paulo;Corinthians;3;1
2012;02/12/2012;05:00;38;21232;Atlético-MG;Cruzeiro;3;2
2012;02/12/2012;05:00;38;43104;Grêmio;Internacional;0;0
2012;02/12/2012;05:00;38;3770;Coritiba;Figueirense;3;0
2012;02/12/2012;05:00;38;5739;Portuguesa;Ponte Preta;0;0
2013;25/05/2013;11:30;1;8955;Vitória;Internacional;2;2
2013;25/05/2013;11:30;1;11099;Vasco da Gama;Portuguesa;1;0
2013;26/05/2013;02:00;1;29295;Corinthians;Botafogo;1;1
2013;26/05/2013;09:00;1;9560;Grêmio;Náutico;2;0
2013;26/05/2013;09:00;1;6267;Ponte Preta;São Paulo;0;2
2013;26/05/2013;09:00;1;10355;Criciúma;Bahia;3;1
2013;26/05/2013;09:00;1;63501;Santos;Flamengo;0;0
2013;26/05/2013;11:30;1;3355;Fluminense;Atlético-PR;2;1
2013;26/05/2013;11:30;1;14189;Coritiba;Atlético-MG;2;1
2013;26/05/2013;11:30;1;12018;Cruzeiro;Goiás;5;0
2013;29/05/2013;08:00;2;3366;Atlético-PR;Cruzeiro;2;2
2013;30/05/2013;12:30;2;2344;Botafogo;Santos;2;1
2013;30/05/2013;12:30;2;8079;São Paulo;Vasco da Gama;5;1
2013;30/05/2013;02:00;2;8932;Flamengo;Ponte Preta;0;2
2013;30/05/2013;02:00;2;4874;Bahia;Coritiba;0;0
2013;30/05/2013;02:00;2;11230;Náutico;Vitória;0;3
2013;30/05/2013;03:00;2;31074;Goiás;Corinthians;1;1
2013;31/05/2013;12:30;2;8397;Internacional;Criciúma;2;0
2013;09/06/2013;11:30;2;5753;Atlético-MG;Grêmio;2;0
2013;13/06/2013;03:00;2;1182;Portuguesa;Fluminense;2;1
2013;01/06/2013;09:20;3;4469;Botafogo;Cruzeiro;2;1
2013;01/06/2013;09:20;3;8986;Atlético-PR;Flamengo;2;2
2013;01/06/2013;09:20;3;6329;Santos;Grêmio;1;1
2013;01/06/2013;11:30;3;11535;Vitória;Vasco da Gama;2;0
2013;01/06/2013;11:30;3;5817;Goiás;Coritiba;1;1
2013;02/06/2013;02:00;3;24449;Corinthians;Ponte Preta;1;0
2013;02/06/2013;11:30;3;2227;Fluminense;Criciúma;3;0
2013;02/06/2013;11:30;3;4600;Internacional;Bahia;1;2
2013;02/06/2013;11:30;3;15013;Náutico;Portuguesa;2;2
2013;02/06/2013;11:30;3;10830;Atlético-MG;São Paulo;0;0
2013;06/06/2013;12:30;4;8892;São Paulo;Goiás;0;1
2013;06/06/2013;12:30;4;11392;Criciúma;Santos;3;1
2013;06/06/2013;12:30;4;2235;Portuguesa;Internacional;1;1
2013;06/06/2013;02:00;4;2744;Vasco da Gama;Atlético-MG;2;0
2013;06/06/2013;02:00;4;15655;Grêmio;Vitória;1;0
2013;06/06/2013;02:00;4;3422;Ponte Preta;Atlético-PR;3;4
2013;06/06/2013;03:00;4;5241;Flamengo;Náutico;0;1
2013;06/06/2013;03:00;4;13759;Bahia;Botafogo;2;1
2013;06/06/2013;03:00;4;15082;Cruzeiro;Corinthians;1;0
2013;07/06/2013;02:00;4;15554;Coritiba;Fluminense;2;1
2013;08/06/2013;09:20;5;17785;Criciúma;Flamengo;0;3
2013;08/06/2013;09:20;5;15513;Cruzeiro;Internacional;2;2
2013;08/06/2013;11:30;5;3986;Vasco da Gama;Bahia;1;1
2013;08/06/2013;11:30;5;30785;Corinthians;Portuguesa;0;0
2013;09/06/2013;02:00;5;3473;Ponte Preta;Botafogo;0;2
2013;09/06/2013;11:30;5;2570;Fluminense;Goiás;2;1
2013;09/06/2013;11:30;5;2954;Vitória;Atlético-PR;3;2
2013;09/06/2013;11:30;5;16815;Coritiba;Náutico;1;0
2013;13/06/2013;12:30;5;4178;Santos;Atlético-MG;1;0
2013;13/06/2013;03:00;5;15926;Grêmio;São Paulo;1;1
2013;06/07/2013;11:30;6;55110;Flamengo;Coritiba;2;2
2013;06/07/2013;11:30;6;20413;Náutico;Ponte Preta;1;3
2013;06/07/2013;11:30;6;7531;Atlético-PR;Grêmio;1;1
2013;07/07/2013;02:00;6;2769;Portuguesa;Cruzeiro;1;1
2013;07/07/2013;09:00;6;11819;São Paulo;Santos;0;2
2013;07/07/2013;09:00;6;23684;Bahia;Corinthians;0;2
2013;07/07/2013;09:00;6;2858;Internacional;Vasco da Gama;5;3
2013;07/07/2013;09:00;6;4420;Goiás;Vitória;1;0
2013;07/07/2013;11:30;6;4815;Atlético-MG;Criciúma;3;2
2013;07/07/2013;11:30;6;9669;Botafogo;Fluminense;1;0
2013;13/07/2013;11:30;7;5375;Fluminense;Internacional;2;3
2013;13/07/2013;11:30;7;5860;Santos;Portuguesa;4;1
2013;14/07/2013;02:00;7;3325;Ponte Preta;Bahia;0;0
2013;14/07/2013;09:00;7;32797;Corinthians;Atlético-MG;0;1
2013;14/07/2013;09:00;7;11227;Vitória;São Paulo;3;2
2013;14/07/2013;09:00;7;28014;Grêmio;Botafogo;2;1
2013;14/07/2013;09:00;7;19902;Coritiba;Atlético-PR;1;0
2013;14/07/2013;11:30;7;61767;Vasco da Gama;Flamengo;0;1
2013;14/07/2013;11:30;7;9272;Criciúma;Goiás;0;0
2013;14/07/2013;11:30;7;15528;Cruzeiro;Náutico;3;0
2013;20/07/2013;11:30;8;11675;São Paulo;Cruzeiro;0;3
2013;20/07/2013;11:30;8;12560;Criciúma;Grêmio;2;1
2013;20/07/2013;11:30;8;6567;Botafogo;Náutico;2;0
2013;21/07/2013;09:00;8;36996;Vitória;Bahia;0;0
2013;21/07/2013;09:00;8;8038;Internacional;Flamengo;1;0
2013;21/07/2013;09:00;8;6799;Atlético-PR;Corinthians;1;1
2013;21/07/2013;09:00;8;9577;Santos;Coritiba;2;2
2013;21/07/2013;11:30;8;46860;Fluminense;Vasco da Gama;1;3
2013;21/07/2013;11:30;8;4853;Goiás;Portuguesa;2;1
2013;04/10/2013;12:30;8;7741;Atlético-MG;Ponte Preta;4;0
2013;27/07/2013;11:30;9;18304;Vasco da Gama;Criciúma;3;2
2013;27/07/2013;11:30;9;1458;Portuguesa;Atlético-PR;2;3
2013;28/07/2013;02:00;9;4407;Ponte Preta;Santos;1;0
2013;28/07/2013;09:00;9;33336;Corinthians;São Paulo;0;0
2013;28/07/2013;09:00;9;28793;Grêmio;Fluminense;2;0
2013;28/07/2013;09:00;9;19488;Náutico;Internacional;3;0
2013;28/07/2013;09:00;9;35689;Cruzeiro;Atlético-MG;4;1
2013;28/07/2013;11:30;9;52361;Flamengo;Botafogo;1;1
2013;28/07/2013;11:30;9;13491;Bahia;Goiás;2;1
2013;28/07/2013;11:30;9;16420;Coritiba;Vitória;1;1
2013;01/08/2013;12:30;10;1244;Portuguesa;Criciúma;1;1
2013;01/08/2013;12:30;10;18042;Fluminense;Cruzeiro;1;0
2013;01/08/2013;12:30;10;14913;Atlético-MG;Atlético-PR;1;2
2013;01/08/2013;02:00;10;13775;Coritiba;Ponte Preta;5;3
2013;01/08/2013;02:50;10;23849;Corinthians;Grêmio;2;0
2013;01/08/2013;02:50;10;26033;Bahia;Flamengo;3;0
2013;02/08/2013;12:30;10;19075;Botafogo;Vitória;2;0
2013;02/08/2013;02:00;10;18136;Goiás;Vasco da Gama;1;1
2013;04/09/2013;02:00;10;12217;Náutico;São Paulo;0;1
2013;11/09/2013;12:30;10;7793;Internacional;Santos;1;2
2013;11/07/2013;02:00;11;4579;São Paulo;Bahia;1;2
2013;03/08/2013;11:30;11;25108;Cruzeiro;Coritiba;1;0
2013;04/08/2013;09:00;11;31548;Flamengo;Atlético-MG;3;0
2013;04/08/2013;09:00;11;40054;Grêmio;Internacional;1;1
2013;04/08/2013;09:00;11;5942;Ponte Preta;Fluminense;1;1
2013;04/08/2013;09:00;11;16976;Criciúma;Corinthians;0;2
2013;04/08/2013;09:00;11;8883;Atlético-PR;Goiás;2;0
2013;04/08/2013;11:30;11;33419;Vasco da Gama;Botafogo;2;3
2013;04/08/2013;11:30;11;7697;Vitória;Portuguesa;2;1
2013;26/09/2013;02:00;11;5108;Santos;Náutico;1;1
2013;25/07/2013;02:00;12;6275;São Paulo;Internacional;0;1
2013;08/08/2013;12:30;12;8283;Vitória;Fluminense;1;1
2013;08/08/2013;12:30;12;10870;Criciúma;Cruzeiro;1;2
2013;08/08/2013;02:00;12;8656;Atlético-PR;Bahia;1;0
2013;08/08/2013;02:00;12;12511;Flamengo;Portuguesa;1;1
2013;08/08/2013;02:50;12;11332;Atlético-MG;Botafogo;2;2
2013;08/08/2013;02:50;12;5761;Goiás;Náutico;2;1
2013;08/08/2013;02:50;12;8120;Santos;Corinthians;1;1
2013;09/08/2013;02:00;12;9347;Vasco da Gama;Ponte Preta;1;1
2013;09/08/2013;02:00;12;14876;Grêmio;Coritiba;0;1
2013;10/08/2013;11:30;13;23322;Botafogo;Goiás;1;1
2013;10/08/2013;11:30;13;19997;Náutico;Atlético-MG;0;0
2013;11/08/2013;09:00;13;25603;Corinthians;Vitória;2;0
2013;11/08/2013;09:00;13;38715;Fluminense;Flamengo;2;3
2013;11/08/2013;09:00;13;19140;Coritiba;Vasco da Gama;0;1
2013;11/08/2013;09:00;13;27533;Cruzeiro;Santos;0;0
2013;11/08/2013;11:30;13;6008;Ponte Preta;Criciúma;3;1
2013;11/08/2013;11:30;13;8593;Portuguesa;São Paulo;2;1
2013;11/08/2013;11:30;13;18498;Bahia;Grêmio;0;3
2013;11/08/2013;11:30;13;8684;Internacional;Atlético-PR;2;2
2013;15/08/2013;12:30;14;7625;Criciúma;Náutico;3;0
2013;15/08/2013;12:30;14;3898;Santos;Vasco da Gama;1;1
2013;15/08/2013;12:30;14;12027;Atlético-MG;Bahia;2;0
2013;15/08/2013;02:00;14;10272;Coritiba;Portuguesa;1;1
2013;15/08/2013;02:00;14;5156;Vitória;Ponte Preta;3;1
2013;15/08/2013;02:50;14;32049;Goiás;Flamengo;1;1
2013;15/08/2013;02:50;14;16529;Grêmio;Cruzeiro;3;1
2013;15/08/2013;02:50;14;13237;Fluminense;Corinthians;0;0
2013;16/08/2013;12:30;14;25827;São Paulo;Atlético-PR;1;1
2013;16/08/2013;02:00;14;15047;Botafogo;Internacional;3;3
2013;17/08/2013;11:30;15;14369;Cruzeiro;Vitória;5;1
2013;17/08/2013;11:30;15;16583;Náutico;Fluminense;0;1
2013;18/08/2013;02:00;15;15781;Vasco da Gama;Grêmio;2;3
2013;18/08/2013;09:00;15;4416;Ponte Preta;Goiás;0;1
2013;18/08/2013;09:00;15;44164;Flamengo;São Paulo;0;0
2013;18/08/2013;09:00;15;4276;Portuguesa;Botafogo;1;3
2013;18/08/2013;09:00;15;31519;Corinthians;Coritiba;1;0
2013;18/08/2013;11:30;15;8505;Atlético-PR;Criciúma;2;1
2013;18/08/2013;11:30;15;10247;Bahia;Santos;0;0
2013;18/08/2013;11:30;15;9478;Internacional;Atlético-MG;0;0
2013;24/08/2013;11:30;16;8350;Santos;Vitória;2;0
2013;24/08/2013;11:30;16;20580;Flamengo;Grêmio;0;1
2013;24/08/2013;11:30;16;5974;Ponte Preta;Cruzeiro;0;2
2013;25/08/2013;02:00;16;6004;Criciúma;Coritiba;2;1
2013;25/08/2013;09:00;16;55256;São Paulo;Fluminense;2;1
2013;25/08/2013;09:00;16;10614;Bahia;Náutico;2;0
2013;25/08/2013;09:00;16;8555;Atlético-MG;Portuguesa;2;1
2013;25/08/2013;09:00;16;21627;Vasco da Gama;Corinthians;1;1
2013;25/08/2013;11:30;16;12124;Atlético-PR;Botafogo;2;0
2013;25/08/2013;11:30;16;1815;Internacional;Goiás;3;3
2013;31/08/2013;11:30;17;9762;Goiás;Atlético-MG;0;0
2013;31/08/2013;11:30;17;23745;Grêmio;Ponte Preta;1;0
2013;31/08/2013;11:30;17;2466;Portuguesa;Bahia;4;2
2013;31/08/2013;11:30;17;11263;Náutico;Atlético-PR;1;4
2013;01/09/2013;02:00;17;10481;Fluminense;Santos;0;2
2013;01/09/2013;09:00;17;18546;Coritiba;Internacional;0;0
2013;01/09/2013;09:00;17;28591;Botafogo;São Paulo;0;0
2013;01/09/2013;09:00;17;36543;Corinthians;Flamengo;4;0
2013;01/09/2013;09:00;17;10629;Vitória;Criciúma;0;1
2013;01/09/2013;11:30;17;17071;Cruzeiro;Vasco da Gama;5;3
2013;04/09/2013;12:30;18;7898;Goiás;Grêmio;2;0
2013;05/09/2013;12:30;18;12616;Flamengo;Vitória;2;1
2013;05/09/2013;12:30;18;12595;Atlético-PR;Santos;2;1
2013;05/09/2013;02:00;18;1419;Portuguesa;Ponte Preta;2;1
2013;05/09/2013;02:50;18;9120;Bahia;Cruzeiro;1;3
2013;05/09/2013;02:50;18;7792;Internacional;Corinthians;1;0
2013;05/09/2013;02:50;18;6529;Atlético-MG;Fluminense;2;2
2013;06/09/2013;12:30;18;9682;Botafogo;Coritiba;3;1
2013;06/09/2013;02:00;18;8153;Náutico;Vasco da Gama;0;3
2013;06/09/2013;02:00;18;33738;São Paulo;Criciúma;1;2
2013;07/09/2013;11:30;19;9211;Vitória;Atlético-MG;1;1
2013;07/09/2013;11:30;19;8968;Santos;Goiás;1;0
2013;07/09/2013;11:30;19;28658;Fluminense;Bahia;1;0
2013;07/09/2013;11:30;19;4131;Ponte Preta;Internacional;1;3
2013;08/09/2013;02:00;19;19565;Grêmio;Portuguesa;3;2
2013;08/09/2013;09:00;19;35628;Cruzeiro;Flamengo;1;0
2013;08/09/2013;09:00;19;16367;Coritiba;São Paulo;2;0
2013;08/09/2013;09:00;19;22712;Corinthians;Náutico;0;0
2013;08/09/2013;11:30;19;12185;Criciúma;Botafogo;1;2
2013;08/09/2013;11:30;19;11832;Vasco da Gama;Atlético-PR;0;0
2013;12/09/2013;12:30;20;11728;Atlético-PR;Fluminense;1;1
2013;12/09/2013;02:00;20;10786;Goiás;Cruzeiro;1;2
2013;12/09/2013;02:00;20;6484;Bahia;Criciúma;2;2
2013;12/09/2013;02:50;20;6826;Náutico;Grêmio;0;2
2013;12/09/2013;02:50;20;4207;Portuguesa;Vasco da Gama;2;0
2013;12/09/2013;02:50;20;23679;Botafogo;Corinthians;1;0
2013;13/09/2013;12:30;20;4456;Internacional;Vitória;2;2
2013;13/09/2013;02:00;20;20780;Flamengo;Santos;2;1
2013;13/09/2013;02:00;20;27548;São Paulo;Ponte Preta;1;0
2013;13/09/2013;02:00;20;9567;Atlético-MG;Coritiba;3;0
2013;14/09/2013;11:30;21;30339;Cruzeiro;Atlético-PR;1;0
2013;15/09/2013;02:00;21;19355;Fluminense;Portuguesa;2;1
2013;15/09/2013;09:00;21;10346;Ponte Preta;Flamengo;1;1
2013;15/09/2013;09:00;21;11693;Coritiba;Bahia;2;2
2013;15/09/2013;09:00;21;21354;Corinthians;Goiás;1;2
2013;15/09/2013;09:00;21;13802;Criciúma;Internacional;0;1
2013;15/09/2013;09:00;21;10961;Vasco da Gama;São Paulo;0;2
2013;15/09/2013;11:30;21;10054;Vitória;Náutico;2;1
2013;15/09/2013;11:30;21;33304;Grêmio;Atlético-MG;0;1
2013;15/09/2013;11:30;21;11301;Santos;Botafogo;1;2
2013;19/09/2013;12:30;22;5624;Vasco da Gama;Vitória;1;2
2013;19/09/2013;12:30;22;12447;Grêmio;Santos;1;1
2013;19/09/2013;02:00;22;10234;Criciúma;Fluminense;1;2
2013;19/09/2013;02:00;22;7982;Coritiba;Goiás;2;2
2013;19/09/2013;02:50;22;6777;Ponte Preta;Corinthians;2;0
2013;19/09/2013;02:50;22;44504;Cruzeiro;Botafogo;3;0
2013;19/09/2013;02:50;22;28503;São Paulo;Atlético-MG;1;0
2013;20/09/2013;12:30;22;20899;Flamengo;Atlético-PR;2;4
2013;20/09/2013;02:00;22;1808;Portuguesa;Náutico;3;0
2013;20/09/2013;02:00;22;8979;Bahia;Internacional;2;0
2013;21/09/2013;11:30;23;34397;Fluminense;Coritiba;1;1
2013;22/09/2013;02:00;23;13378;Vitória;Grêmio;0;0
2013;22/09/2013;09:00;23;3012;Internacional;Portuguesa;0;1
2013;22/09/2013;09:00;23;24789;Goiás;São Paulo;1;0
2013;22/09/2013;09:00;23;27053;Corinthians;Cruzeiro;0;0
2013;22/09/2013;09:00;23;25707;Botafogo;Bahia;1;2
2013;22/09/2013;09:00;23;15003;Náutico;Flamengo;0;0
2013;22/09/2013;11:30;23;6729;Atlético-PR;Ponte Preta;1;0
2013;22/09/2013;11:30;23;5147;Santos;Criciúma;2;1
2013;22/09/2013;11:30;23;12834;Atlético-MG;Vasco da Gama;2;1
2013;28/09/2013;11:30;24;7065;Náutico;Coritiba;3;0
2013;28/09/2013;11:30;24;8610;Goiás;Fluminense;1;2
2013;29/09/2013;02:00;24;9673;Botafogo;Ponte Preta;0;1
2013;29/09/2013;09:00;24;38330;Flamengo;Criciúma;4;1
2013;29/09/2013;09:00;24;41140;São Paulo;Grêmio;0;1
2013;29/09/2013;09:00;24;31946;Bahia;Vasco da Gama;0;0
2013;29/09/2013;09:00;24;12316;Portuguesa;Corinthians;4;0
2013;29/09/2013;11:30;24;10030;Atlético-PR;Vitória;3;5
2013;29/09/2013;11:30;24;5434;Internacional;Cruzeiro;1;2
2013;29/09/2013;11:30;24;8465;Atlético-MG;Santos;3;1
2013;26/09/2013;12:30;25;9342;Criciúma;Atlético-MG;1;1
2013;02/10/2013;12:30;25;12625;Ponte Preta;Náutico;1;2
2013;03/10/2013;12:30;25;19800;Grêmio;Atlético-PR;1;0
2013;03/10/2013;12:30;25;32016;Cruzeiro;Portuguesa;4;0
2013;03/10/2013;02:00;25;20498;Vitória;Goiás;2;1
2013;03/10/2013;02:00;25;19562;Fluminense;Botafogo;1;1
2013;03/10/2013;02:50;25;12287;Coritiba;Flamengo;0;2
2013;03/10/2013;02:50;25;9917;Corinthians;Bahia;2;0
2013;03/10/2013;02:50;25;7788;Santos;São Paulo;3;0
2013;04/10/2013;02:00;25;10220;Vasco da Gama;Internacional;3;1
2013;05/10/2013;11:30;26;14418;Botafogo;Grêmio;0;1
2013;06/10/2013;02:00;26;22285;São Paulo;Vitória;3;2
2013;06/10/2013;09:00;26;34597;Flamengo;Vasco da Gama;1;1
2013;06/10/2013;09:00;26;16204;Atlético-MG;Corinthians;0;0
2013;06/10/2013;09:00;26;13551;Atlético-PR;Coritiba;2;1
2013;06/10/2013;09:00;26;7637;Internacional;Fluminense;1;0
2013;06/10/2013;09:00;26;20661;Náutico;Cruzeiro;1;4
2013;06/10/2013;11:30;26;9448;Bahia;Ponte Preta;1;1
2013;06/10/2013;11:30;26;7979;Portuguesa;Santos;3;0
2013;06/10/2013;11:30;26;5704;Goiás;Criciúma;1;1
2013;10/10/2013;12:30;27;16423;Grêmio;Criciúma;1;2
2013;10/10/2013;12:30;27;11721;Coritiba;Santos;1;0
2013;10/10/2013;02:00;27;28225;Bahia;Vitória;2;0
2013;10/10/2013;02:00;27;6127;Ponte Preta;Atlético-MG;2;0
2013;10/10/2013;02:50;27;8245;Vasco da Gama;Fluminense;1;0
2013;10/10/2013;02:50;27;15581;Corinthians;Atlético-PR;0;0
2013;10/10/2013;02:50;27;40743;Cruzeiro;São Paulo;0;2
2013;10/10/2013;02:50;27;6658;Náutico;Botafogo;1;3
2013;11/10/2013;12:30;27;3353;Portuguesa;Goiás;1;2
2013;11/10/2013;02:00;27;24864;Flamengo;Internacional;2;1
2013;12/10/2013;11:30;28;9415;Vitória;Coritiba;2;1
2013;12/10/2013;11:30;28;19556;Fluminense;Grêmio;1;1
2013;13/10/2013;02:00;28;7230;Santos;Ponte Preta;2;1
2013;13/10/2013;09:00;28;13158;Criciúma;Vasco da Gama;3;2
2013;13/10/2013;09:00;28;3672;Internacional;Náutico;4;1
2013;13/10/2013;09:00;28;50282;São Paulo;Corinthians;0;0
2013;13/10/2013;09:00;28;15368;Atlético-MG;Cruzeiro;1;0
2013;13/10/2013;11:30;28;31720;Botafogo;Flamengo;2;1
2013;13/10/2013;11:30;28;10663;Atlético-PR;Portuguesa;1;0
2013;13/10/2013;11:30;28;8561;Goiás;Bahia;3;1
2013;17/10/2013;12:30;29;3486;Santos;Internacional;0;0
2013;17/10/2013;12:30;29;31564;Cruzeiro;Fluminense;1;0
2013;17/10/2013;02:00;29;3104;Ponte Preta;Coritiba;1;0
2013;17/10/2013;02:00;29;11377;Criciúma;Portuguesa;1;3
2013;17/10/2013;02:00;29;14942;São Paulo;Náutico;3;0
2013;17/10/2013;02:50;29;15352;Grêmio;Corinthians;1;0
2013;17/10/2013;02:50;29;6811;Atlético-PR;Atlético-MG;1;0
2013;17/10/2013;02:50;29;12443;Flamengo;Bahia;2;1
2013;18/10/2013;12:30;29;7766;Vasco da Gama;Goiás;0;2
2013;18/10/2013;02:00;29;17086;Vitória;Botafogo;1;0
2013;19/10/2013;09:00;30;20791;Fluminense;Ponte Preta;1;1
2013;19/10/2013;11:30;30;5452;Náutico;Santos;1;5
2013;20/10/2013;02:00;30;14788;Corinthians;Criciúma;1;0
2013;20/10/2013;08:00;30;14203;Atlético-MG;Flamengo;1;0
2013;20/10/2013;08:00;30;13713;Goiás;Atlético-PR;3;0
2013;20/10/2013;08:00;30;24765;Bahia;São Paulo;0;1
2013;20/10/2013;08:00;30;15273;Internacional;Grêmio;2;2
2013;20/10/2013;10:30;30;15152;Botafogo;Vasco da Gama;2;2
2013;20/10/2013;10:30;30;14402;Coritiba;Cruzeiro;2;1
2013;20/10/2013;10:30;30;3687;Portuguesa;Vitória;1;1
2013;26/10/2013;10:30;31;10743;Botafogo;Atlético-MG;1;0
2013;26/10/2013;10:30;31;38378;Cruzeiro;Criciúma;5;3
2013;27/10/2013;07:00;31;6415;Bahia;Atlético-PR;1;1
2013;27/10/2013;07:00;31;17949;Corinthians;Santos;1;1
2013;27/10/2013;07:00;31;13349;Ponte Preta;Vasco da Gama;2;1
2013;27/10/2013;07:00;31;21967;Portuguesa;Flamengo;0;0
2013;27/10/2013;07:00;31;5603;Internacional;São Paulo;2;3
2013;27/10/2013;09:30;31;29350;Fluminense;Vitória;2;3
2013;27/10/2013;09:30;31;19203;Coritiba;Grêmio;4;0
2013;27/10/2013;09:30;31;3558;Náutico;Goiás;0;2
2013;02/11/2013;10:30;32;50802;São Paulo;Portuguesa;2;1
2013;02/11/2013;10:30;32;6615;Vasco da Gama;Coritiba;2;1
2013;03/11/2013;12:00;32;13255;Atlético-MG;Náutico;5;0
2013;03/11/2013;08:00;32;33852;Vitória;Corinthians;1;1
2013;03/11/2013;08:00;32;9460;Santos;Cruzeiro;0;1
2013;03/11/2013;08:00;32;16227;Grêmio;Bahia;0;0
2013;03/11/2013;08:00;32;9295;Goiás;Botafogo;1;0
2013;03/11/2013;10:30;32;32063;Flamengo;Fluminense;1;0
2013;03/11/2013;10:30;32;9559;Criciúma;Ponte Preta;1;1
2013;03/11/2013;10:30;32;6533;Atlético-PR;Internacional;1;0
2013;09/11/2013;10:30;33;3781;Portuguesa;Coritiba;0;0
2013;09/11/2013;10:30;33;32683;Bahia;Atlético-MG;0;0
2013;10/11/2013;12:01;33;14798;Flamengo;Goiás;1;1
2013;10/11/2013;08:00;33;10969;Internacional;Botafogo;2;1
2013;10/11/2013;08:00;33;56854;Cruzeiro;Grêmio;3;0
2013;10/11/2013;08:00;33;12754;Atlético-PR;São Paulo;3;0
2013;10/11/2013;08:00;33;15666;Ponte Preta;Vitória;0;3
2013;10/11/2013;10:30;33;56756;Vasco da Gama;Santos;2;2
2013;10/11/2013;10:30;33;2797;Náutico;Criciúma;0;1
2013;10/11/2013;10:30;33;14438;Corinthians;Fluminense;1;0
2013;13/11/2013;10:30;34;16863;Grêmio;Vasco da Gama;1;0
2013;13/11/2013;10:30;34;6192;Goiás;Ponte Preta;2;0
2013;14/11/2013;12:00;34;10363;Botafogo;Portuguesa;0;0
2013;14/11/2013;12:00;34;9008;Criciúma;Atlético-PR;2;1
2013;14/11/2013;12:50;34;15636;São Paulo;Flamengo;2;0
2013;14/11/2013;12:50;34;25002;Vitória;Cruzeiro;1;3
2013;14/11/2013;12:50;34;17416;Coritiba;Corinthians;0;1
2013;14/11/2013;10:30;34;13597;Santos;Bahia;3;0
2013;15/11/2013;12:00;34;30844;Fluminense;Náutico;2;0
2013;15/11/2013;12:00;34;12451;Atlético-MG;Internacional;2;1
2013;16/11/2013;10:30;35;14147;Botafogo;Atlético-PR;4;0
2013;17/11/2013;12:00;35;5510;Coritiba;Criciúma;1;2
2013;17/11/2013;08:00;35;19207;Corinthians;Vasco da Gama;0;0
2013;17/11/2013;08:00;35;13168;Cruzeiro;Ponte Preta;2;2
2013;17/11/2013;08:00;35;37310;Fluminense;São Paulo;2;1
2013;17/11/2013;08:00;35;13738;Vitória;Santos;2;0
2013;17/11/2013;10:30;35;2867;Portuguesa;Atlético-MG;2;0
2013;17/11/2013;10:30;35;2721;Náutico;Bahia;0;1
2013;17/11/2013;10:30;35;17097;Grêmio;Flamengo;2;1
2013;17/11/2013;10:30;35;8263;Goiás;Internacional;3;1
2013;23/11/2013;10:30;36;9824;Criciúma;Vitória;1;1
2013;23/11/2013;10:30;36;38654;Vasco da Gama;Cruzeiro;2;1
2013;24/11/2013;12:00;36;10128;Atlético-MG;Goiás;4;1
2013;24/11/2013;08:00;36;2472;Atlético-PR;Náutico;6;1
2013;24/11/2013;08:00;36;23284;Flamengo;Corinthians;1;0
2013;24/11/2013;08:00;36;4369;Santos;Fluminense;1;0
2013;24/11/2013;08:00;36;4111;Ponte Preta;Grêmio;1;1
2013;24/11/2013;10:30;36;31025;Bahia;Portuguesa;1;0
2013;24/11/2013;10:30;36;12692;São Paulo;Botafogo;1;1
2013;24/11/2013;10:30;36;11195;Internacional;Coritiba;0;0
2013;30/11/2013;10:30;37;44699;Fluminense;Atlético-MG;2;2
2013;01/12/2013;12:00;37;33201;Corinthians;Internacional;0;0
2013;01/12/2013;08:00;37;55914;Vasco da Gama;Náutico;2;0
2013;01/12/2013;08:00;37;25148;Vitória;Flamengo;4;2
2013;01/12/2013;08:00;37;48112;Cruzeiro;Bahia;1;2
2013;01/12/2013;08:00;37;17169;Coritiba;Botafogo;2;1
2013;01/12/2013;08:00;37;18081;Criciúma;São Paulo;1;0
2013;01/12/2013;08:00;37;2390;Ponte Preta;Portuguesa;0;2
2013;01/12/2013;10:30;37;11431;Santos;Atlético-PR;2;1
2013;01/12/2013;10:30;37;23910;Grêmio;Goiás;1;0
2013;07/12/2013;10:00;38;41272;Flamengo;Cruzeiro;1;1
2013;07/12/2013;10:30;38;9716;Náutico;Corinthians;1;0
2013;08/12/2013;08:00;38;8978;Atlético-PR;Vasco da Gama;5;1
2013;08/12/2013;08:00;38;25238;Goiás;Santos;0;3
2013;08/12/2013;08:00;38;12244;Internacional;Ponte Preta;0;0
2013;08/12/2013;08:00;38;40249;Bahia;Fluminense;1;2
2013;08/12/2013;08:00;38;22315;Atlético-MG;Vitória;2;2
2013;08/12/2013;08:00;38;9220;São Paulo;Coritiba;0;1
2013;08/12/2013;08:00;38;34354;Botafogo;Criciúma;3;0
2013;08/12/2013;08:00;38;4384;Portuguesa;Grêmio;0;0
2014;19/04/2014;11:30;1;35020;Fluminense;Figueirense;3;0
2014;19/04/2014;11:30;1;24692;Internacional;Vitória;1;0
2014;20/04/2014;02:00;1;7178;Chapecoense;Coritiba;0;0
2014;20/04/2014;09:00;1;31564;São Paulo;Botafogo;3;0
2014;20/04/2014;09:00;1;2495;Atlético-PR;Grêmio;1;0
2014;20/04/2014;09:00;1;8724;Atlético-MG;Corinthians;0;0
2014;20/04/2014;09:00;1;9348;Bahia;Cruzeiro;1;2
2014;20/04/2014;11:30;1;19012;Flamengo;Goiás;0;0
2014;20/04/2014;11:30;1;7964;Santos;Sport;1;1
2014;20/04/2014;11:30;1;11768;Criciúma;Palmeiras;1;2
2014;26/04/2014;11:30;2;12354;Coritiba;Santos;0;0
2014;27/04/2014;02:00;2;11189;Palmeiras;Fluminense;0;1
2014;27/04/2014;09:00;2;9995;Botafogo;Internacional;2;2
2014;27/04/2014;09:00;2;36402;Corinthians;Flamengo;2;0
2014;27/04/2014;09:00;2;17530;Cruzeiro;São Paulo;1;1
2014;27/04/2014;09:00;2;4953;Vitória;Atlético-PR;2;2
2014;27/04/2014;11:30;2;12686;Sport;Chapecoense;2;1
2014;27/04/2014;11:30;2;9245;Grêmio;Atlético-MG;2;1
2014;27/04/2014;11:30;2;777;Figueirense;Bahia;0;2
2014;27/04/2014;11:30;2;2090;Goiás;Criciúma;1;0
2014;03/05/2014;11:30;3;31888;São Paulo;Coritiba;2;2
2014;03/05/2014;11:30;3;11877;Atlético-PR;Cruzeiro;2;3
2014;03/05/2014;11:30;3;7934;Santos;Grêmio;0;0
2014;04/05/2014;02:00;3;50687;Fluminense;Vitória;1;2
2014;04/05/2014;09:00;3;21082;Flamengo;Palmeiras;4;2
2014;04/05/2014;09:00;3;16040;Bahia;Botafogo;1;0
2014;04/05/2014;09:00;3;17974;Internacional;Sport;2;1
2014;04/05/2014;09:00;3;10216;Criciúma;Figueirense;1;0
2014;04/05/2014;11:30;3;6029;Atlético-MG;Goiás;0;1
2014;04/05/2014;11:30;3;15009;Chapecoense;Corinthians;0;1
2014;10/05/2014;11:30;4;6454;Palmeiras;Goiás;2;0
2014;10/05/2014;11:30;4;28426;Internacional;Atlético-PR;2;1
2014;11/05/2014;02:00;4;4992;Botafogo;Criciúma;6;0
2014;11/05/2014;09:00;4;30766;Fluminense;Flamengo;2;0
2014;11/05/2014;09:00;4;14000;São Paulo;Corinthians;1;1
2014;11/05/2014;09:00;4;9048;Atlético-MG;Cruzeiro;2;1
2014;11/05/2014;09:00;4;19165;Chapecoense;Grêmio;1;2
2014;11/05/2014;11:30;4;10832;Coritiba;Sport;0;1
2014;11/05/2014;11:30;4;21352;Bahia;Vitória;1;1
2014;11/05/2014;11:30;4;7806;Figueirense;Santos;0;2
2014;15/05/2014;03:00;5;9737;Goiás;Botafogo;2;0
2014;17/05/2014;11:30;5;11603;Cruzeiro;Coritiba;3;2
2014;18/05/2014;09:00;5;25118;Flamengo;São Paulo;0;2
2014;18/05/2014;09:00;5;36694;Corinthians;Figueirense;0;1
2014;18/05/2014;09:00;5;766;Atlético-PR;Chapecoense;1;1
2014;18/05/2014;09:00;5;19328;Grêmio;Fluminense;1;0
2014;18/05/2014;11:30;5;15600;Santos;Atlético-MG;1;2
2014;18/05/2014;11:30;5;8484;Vitória;Palmeiras;0;1
2014;18/05/2014;11:30;5;13047;Criciúma;Internacional;0;0
2014;05/06/2014;02:00;5;14177;Sport;Bahia;1;0
2014;22/05/2014;12:30;6;10924;Flamengo;Bahia;1;1
2014;22/05/2014;12:30;6;11599;Coritiba;Internacional;1;1
2014;22/05/2014;02:00;6;13679;Cruzeiro;Sport;2;0
2014;22/05/2014;02:00;6;7336;Criciúma;Chapecoense;1;0
2014;22/05/2014;03:00;6;17035;Fluminense;São Paulo;5;2
2014;22/05/2014;03:00;6;13137;Corinthians;Atlético-PR;1;1
2014;22/05/2014;03:00;6;7010;Grêmio;Botafogo;2;1
2014;23/05/2014;12:30;6;10870;Palmeiras;Figueirense;1;0
2014;23/05/2014;12:30;6;6190;Goiás;Santos;2;2
2014;23/05/2014;02:00;6;4694;Vitória;Atlético-MG;2;3
2014;24/05/2014;11:30;7;1345;Bahia;Fluminense;0;1
2014;25/05/2014;02:00;7;14971;São Paulo;Grêmio;1;0
2014;25/05/2014;09:00;7;20718;Sport;Corinthians;1;4
2014;25/05/2014;09:00;7;7182;Santos;Flamengo;0;0
2014;25/05/2014;09:00;7;1063;Atlético-PR;Coritiba;2;0
2014;25/05/2014;09:00;7;4729;Figueirense;Goiás;0;1
2014;25/05/2014;11:30;7;2759;Botafogo;Vitória;1;1
2014;25/05/2014;11:30;7;15668;Atlético-MG;Criciúma;0;0
2014;25/05/2014;11:30;7;7541;Internacional;Cruzeiro;1;3
2014;25/05/2014;11:30;7;6275;Chapecoense;Palmeiras;2;0
2014;28/05/2014;12:30;8;6893;Sport;Grêmio;0;0
2014;28/05/2014;12:30;8;5681;Palmeiras;Botafogo;0;2
2014;28/05/2014;12:30;8;8415;Criciúma;Coritiba;1;0
2014;28/05/2014;02:00;8;2824;Internacional;Chapecoense;2;0
2014;28/05/2014;02:00;8;4267;Goiás;Vitória;0;0
2014;28/05/2014;03:00;8;17784;Corinthians;Cruzeiro;1;0
2014;28/05/2014;03:00;8;2817;Atlético-PR;São Paulo;2;2
2014;28/05/2014;03:00;8;15447;Atlético-MG;Fluminense;2;0
2014;29/05/2014;12:30;8;4577;Flamengo;Figueirense;1;1
2014;29/05/2014;02:00;8;16089;Bahia;Santos;0;2
2014;31/05/2014;11:30;9;27530;São Paulo;Atlético-MG;2;1
2014;31/05/2014;11:30;9;3127;Coritiba;Goiás;3;0
2014;01/06/2014;02:00;9;3152;Vitória;Sport;0;1
2014;01/06/2014;09:00;9;10283;Cruzeiro;Flamengo;3;0
2014;01/06/2014;09:00;9;15136;Grêmio;Palmeiras;0;0
2014;01/06/2014;09:00;9;7817;Chapecoense;Bahia;2;1
2014;01/06/2014;11:30;9;6403;Fluminense;Internacional;1;1
2014;01/06/2014;11:30;9;5136;Santos;Criciúma;2;0
2014;01/06/2014;11:30;9;4608;Figueirense;Atlético-PR;1;3
2014;11/10/2014;11:30;9;21969;Botafogo;Corinthians;1;0
2014;17/07/2014;12:30;10;18532;Sport;Botafogo;1;0
2014;17/07/2014;12:30;10;10383;Coritiba;Figueirense;0;2
2014;17/07/2014;12:30;10;24449;Grêmio;Goiás;0;0
2014;17/07/2014;03:00;10;6692;Flamengo;Atlético-PR;1;2
2014;17/07/2014;03:00;10;17482;Bahia;São Paulo;0;2
2014;17/07/2014;03:00;10;8829;Criciúma;Fluminense;3;2
2014;18/07/2014;12:30;10;32644;Corinthians;Internacional;2;1
2014;18/07/2014;12:30;10;11774;Santos;Palmeiras;2;0
2014;18/07/2014;02:00;10;24156;Cruzeiro;Vitória;3;1
2014;07/08/2014;02:00;10;9426;Chapecoense;Atlético-MG;1;1
2014;19/07/2014;11:30;11;42979;São Paulo;Chapecoense;0;1
2014;19/07/2014;11:30;11;7558;Atlético-MG;Bahia;1;1
2014;19/07/2014;11:30;11;6461;Figueirense;Grêmio;0;1
2014;20/07/2014;02:00;11;1594;Botafogo;Coritiba;1;0
2014;20/07/2014;09:00;11;14970;Palmeiras;Cruzeiro;1;2
2014;20/07/2014;09:00;11;15259;Vitória;Corinthians;0;0
2014;20/07/2014;09:00;11;27633;Internacional;Flamengo;4;0
2014;20/07/2014;11:30;11;4789;Fluminense;Santos;1;0
2014;20/07/2014;11:30;11;0;Atlético-PR;Criciúma;2;0
2014;20/07/2014;11:30;11;2430;Goiás;Sport;0;0
2014;26/07/2014;11:30;12;6962;Santos;Chapecoense;3;0
2014;26/07/2014;11:30;12;21190;Cruzeiro;Figueirense;5;0
2014;26/07/2014;11:30;12;7355;Criciúma;Vitória;1;3
2014;27/07/2014;02:00;12;5221;Bahia;Internacional;0;1
2014;27/07/2014;09:00;12;16579;Sport;Atlético-MG;2;1
2014;27/07/2014;09:00;12;31031;Corinthians;Palmeiras;2;0
2014;27/07/2014;09:00;12;0;Atlético-PR;Fluminense;0;3
2014;27/07/2014;09:00;12;12845;Goiás;São Paulo;2;1
2014;27/07/2014;11:30;12;52378;Flamengo;Botafogo;1;0
2014;27/07/2014;11:30;12;19944;Grêmio;Coritiba;2;3
2014;02/08/2014;11:30;13;13535;Botafogo;Cruzeiro;1;1
2014;02/08/2014;11:30;13;46512;São Paulo;Criciúma;1;1
2014;03/08/2014;02:00;13;10637;Vitória;Grêmio;2;1
2014;03/08/2014;09:00;13;15206;Palmeiras;Bahia;1;1
2014;03/08/2014;09:00;13;21296;Coritiba;Corinthians;0;0
2014;03/08/2014;09:00;13;5520;Figueirense;Sport;3;0
2014;03/08/2014;09:00;13;12473;Chapecoense;Flamengo;1;0
2014;03/08/2014;11:30;13;40075;Fluminense;Goiás;2;0
2014;03/08/2014;11:30;13;8663;Atlético-MG;Atlético-PR;3;1
2014;03/08/2014;11:30;13;20258;Internacional;Santos;1;0
2014;09/08/2014;11:30;14;8085;Bahia;Goiás;1;0
2014;09/08/2014;11:30;14;9646;Criciúma;Cruzeiro;0;0
2014;10/08/2014;02:00;14;28511;Fluminense;Coritiba;1;1
2014;10/08/2014;09:00;14;42071;Flamengo;Sport;1;0
2014;10/08/2014;09:00;14;12329;Santos;Corinthians;0;1
2014;10/08/2014;09:00;14;0;Atlético-PR;Botafogo;2;0
2014;10/08/2014;09:00;14;32643;Internacional;Grêmio;2;0
2014;10/08/2014;11:30;14;29115;São Paulo;Vitória;3;1
2014;10/08/2014;11:30;14;14089;Atlético-MG;Palmeiras;2;1
2014;10/08/2014;11:30;14;7431;Chapecoense;Figueirense;0;1
2014;16/08/2014;11:30;15;4256;Goiás;Internacional;0;1
2014;17/08/2014;02:00;15;30819;Corinthians;Bahia;1;1
2014;17/08/2014;09:00;15;20267;Palmeiras;São Paulo;1;2
2014;17/08/2014;09:00;15;13521;Coritiba;Flamengo;0;1
2014;17/08/2014;09:00;15;39215;Cruzeiro;Santos;3;0
2014;17/08/2014;09:00;15;10897;Vitória;Chapecoense;0;0
2014;17/08/2014;09:00;15;27112;Grêmio;Criciúma;2;0
2014;17/08/2014;11:30;15;29185;Botafogo;Fluminense;2;0
2014;17/08/2014;11:30;15;13223;Sport;Atlético-PR;1;1
2014;17/08/2014;11:30;15;7196;Figueirense;Atlético-MG;2;2
2014;21/08/2014;12:30;16;21802;Sport;Palmeiras;2;1
2014;21/08/2014;12:30;16;4612;Santos;Atlético-PR;2;0
2014;21/08/2014;12:30;16;6823;Figueirense;Botafogo;1;0
2014;21/08/2014;02:00;16;6192;Coritiba;Vitória;2;0
2014;21/08/2014;02:00;16;9926;Bahia;Criciúma;0;0
2014;21/08/2014;03:00;16;40892;Flamengo;Atlético-MG;2;1
2014;21/08/2014;03:00;16;29267;Internacional;São Paulo;0;1
2014;21/08/2014;03:00;16;8817;Chapecoense;Fluminense;1;0
2014;22/08/2014;12:30;16;26486;Corinthians;Goiás;5;2
2014;22/08/2014;01:30;16;32294;Cruzeiro;Grêmio;1;0
2014;23/08/2014;11:30;17;18450;Botafogo;Chapecoense;1;0
2014;23/08/2014;11:30;17;19732;Atlético-MG;Internacional;1;0
2014;24/08/2014;02:00;17;18461;Palmeiras;Coritiba;1;0
2014;24/08/2014;09:00;17;13919;Fluminense;Sport;4;0
2014;24/08/2014;09:00;17;31159;São Paulo;Santos;2;1
2014;24/08/2014;09:00;17;7112;Vitória;Figueirense;0;1
2014;24/08/2014;09:00;17;30117;Grêmio;Corinthians;2;1
2014;24/08/2014;09:00;17;14516;Criciúma;Flamengo;0;2
2014;24/08/2014;11:30;17;0;Atlético-PR;Bahia;0;0
2014;24/08/2014;11:30;17;5163;Goiás;Cruzeiro;0;1
2014;30/08/2014;11:30;18;31178;Palmeiras;Internacional;0;1
2014;30/08/2014;11:30;18;26682;Cruzeiro;Chapecoense;4;2
2014;31/08/2014;09:00;18;14285;Botafogo;Santos;1;0
2014;31/08/2014;09:00;18;12869;Sport;Criciúma;2;0
2014;31/08/2014;09:00;18;34889;Corinthians;Fluminense;1;1
2014;31/08/2014;09:00;18;6950;Coritiba;Atlético-MG;0;0
2014;31/08/2014;09:00;18;15803;Figueirense;São Paulo;1;1
2014;31/08/2014;11:30;18;14477;Vitória;Flamengo;1;2
2014;31/08/2014;11:30;18;12607;Grêmio;Bahia;1;0
2014;31/08/2014;11:30;18;1544;Goiás;Atlético-PR;3;1
2014;06/09/2014;11:30;19;59680;Flamengo;Grêmio;0;1
2014;06/09/2014;11:30;19;14205;Santos;Vitória;3;1
2014;07/09/2014;02:00;19;2005;Chapecoense;Goiás;0;0
2014;07/09/2014;09:00;19;27194;Fluminense;Cruzeiro;3;3
2014;07/09/2014;09:00;19;25149;São Paulo;Sport;2;0
2014;07/09/2014;09:00;19;18588;Atlético-MG;Botafogo;1;0
2014;07/09/2014;09:00;19;12269;Criciúma;Corinthians;0;0
2014;07/09/2014;11:30;19;19559;Atlético-PR;Palmeiras;1;1
2014;07/09/2014;11:30;19;0;Bahia;Coritiba;0;0
2014;07/09/2014;11:30;19;16965;Internacional;Figueirense;2;3
2014;11/09/2014;12:30;20;17173;Palmeiras;Criciúma;1;0
2014;11/09/2014;12:30;20;11584;Grêmio;Atlético-PR;1;0
2014;11/09/2014;12:30;20;10444;Figueirense;Fluminense;1;1
2014;11/09/2014;02:00;20;13862;Sport;Santos;3;1
2014;11/09/2014;02:00;20;7238;Coritiba;Chapecoense;3;0
2014;11/09/2014;03:00;20;24857;Botafogo;São Paulo;2;4
2014;11/09/2014;03:00;20;5060;Vitória;Internacional;2;0
2014;11/09/2014;03:00;20;33278;Goiás;Flamengo;1;0
2014;12/09/2014;12:30;20;24784;Corinthians;Atlético-MG;1;0
2014;12/09/2014;01:30;20;20861;Cruzeiro;Bahia;2;1
2014;13/09/2014;11:30;21;15238;Fluminense;Palmeiras;3;0
2014;13/09/2014;11:30;21;4737;Chapecoense;Sport;3;1
2014;14/09/2014;02:00;21;7075;Santos;Coritiba;2;1
2014;14/09/2014;09:00;21;36905;Flamengo;Corinthians;1;0
2014;14/09/2014;09:00;21;58627;São Paulo;Cruzeiro;2;0
2014;14/09/2014;09:00;21;2952;Bahia;Figueirense;3;0
2014;14/09/2014;09:00;21;16456;Internacional;Botafogo;2;0
2014;14/09/2014;11:30;21;15739;Atlético-PR;Vitória;2;0
2014;14/09/2014;11:30;21;11873;Atlético-MG;Grêmio;0;0
2014;14/09/2014;11:30;21;7915;Criciúma;Goiás;1;0
2014;18/09/2014;12:30;22;6438;Vitória;Fluminense;3;1
2014;18/09/2014;12:30;22;17850;Cruzeiro;Atlético-PR;2;0
2014;18/09/2014;02:00;22;7440;Figueirense;Criciúma;1;1
2014;18/09/2014;02:00;22;14581;Sport;Internacional;0;0
2014;18/09/2014;03:00;22;5216;Botafogo;Bahia;2;3
2014;18/09/2014;03:00;22;19350;Palmeiras;Flamengo;2;2
2014;18/09/2014;03:00;22;16201;Coritiba;São Paulo;3;1
2014;19/09/2014;12:30;22;3441;Goiás;Atlético-MG;2;3
2014;19/09/2014;12:30;22;25724;Corinthians;Chapecoense;1;1
2014;19/09/2014;01:30;22;18834;Grêmio;Santos;0;0
2014;20/09/2014;11:30;23;17305;Atlético-PR;Internacional;0;1
2014;21/09/2014;02:00;23;8548;Criciúma;Botafogo;1;1
2014;21/09/2014;09:00;23;41666;Flamengo;Fluminense;1;1
2014;21/09/2014;09:00;23;13180;Sport;Coritiba;1;0
2014;21/09/2014;09:00;23;34688;Corinthians;São Paulo;3;2
2014;21/09/2014;09:00;23;49534;Cruzeiro;Atlético-MG;2;3
2014;21/09/2014;09:00;23;25192;Vitória;Bahia;2;1
2014;21/09/2014;11:30;23;5571;Santos;Figueirense;3;1
2014;21/09/2014;11:30;23;16759;Grêmio;Chapecoense;1;0
2014;21/09/2014;11:30;23;7845;Goiás;Palmeiras;6;0
2014;25/09/2014;12:30;24;9521;Coritiba;Cruzeiro;1;2
2014;25/09/2014;12:30;24;15701;Internacional;Criciúma;3;0
2014;25/09/2014;02:00;24;13360;Bahia;Sport;1;0
2014;25/09/2014;02:00;24;6610;Chapecoense;Atlético-PR;3;0
2014;25/09/2014;03:00;24;6840;Fluminense;Grêmio;0;0
2014;25/09/2014;03:00;24;16571;São Paulo;Flamengo;2;2
2014;25/09/2014;03:00;24;10245;Figueirense;Corinthians;1;0
2014;26/09/2014;12:30;24;7056;Botafogo;Goiás;1;0
2014;26/09/2014;12:30;24;14907;Palmeiras;Vitória;2;0
2014;26/09/2014;01:30;24;16772;Atlético-MG;Santos;3;2
2014;27/09/2014;11:30;25;22248;Sport;Cruzeiro;0;0
2014;27/09/2014;11:30;25;5364;Chapecoense;Criciúma;1;1
2014;28/09/2014;02:00;25;16076;São Paulo;Fluminense;1;3
2014;28/09/2014;09:00;25;12498;Botafogo;Grêmio;0;2
2014;28/09/2014;09:00;25;19667;Atlético-PR;Corinthians;1;0
2014;28/09/2014;09:00;25;20877;Atlético-MG;Vitória;2;0
2014;28/09/2014;09:00;25;36826;Bahia;Flamengo;2;1
2014;28/09/2014;11:30;25;9694;Santos;Goiás;2;0
2014;28/09/2014;11:30;25;24522;Internacional;Coritiba;4;2
2014;28/09/2014;11:30;25;6787;Figueirense;Palmeiras;3;1
2014;03/10/2014;12:30;26;14299;Palmeiras;Chapecoense;4;2
2014;04/10/2014;09:20;26;37204;Flamengo;Santos;0;1
2014;04/10/2014;09:20;26;9476;Fluminense;Bahia;1;1
2014;04/10/2014;09:20;26;9508;Coritiba;Atlético-PR;1;0
2014;04/10/2014;09:20;26;9505;Vitória;Botafogo;2;1
2014;04/10/2014;09:20;26;43653;Grêmio;São Paulo;0;1
2014;04/10/2014;11:30;26;29238;Corinthians;Sport;3;0
2014;04/10/2014;11:30;26;51994;Cruzeiro;Internacional;2;1
2014;04/10/2014;11:30;26;8309;Criciúma;Atlético-MG;3;1
2014;05/10/2014;02:00;26;2306;Goiás;Figueirense;1;0
2014;09/10/2014;12:30;27;10200;Botafogo;Palmeiras;0;1
2014;09/10/2014;12:30;27;9795;São Paulo;Atlético-PR;1;0
2014;09/10/2014;12:30;27;10930;Coritiba;Criciúma;1;0
2014;09/10/2014;02:00;27;8422;Vitória;Goiás;2;2
2014;09/10/2014;03:00;27;32958;Cruzeiro;Corinthians;0;1
2014;09/10/2014;03:00;27;11659;Grêmio;Sport;2;0
2014;09/10/2014;03:00;27;15727;Figueirense;Flamengo;1;2
2014;10/10/2014;12:30;27;11933;Fluminense;Atlético-MG;0;0
2014;10/10/2014;12:30;27;6184;Santos;Bahia;1;0
2014;10/10/2014;01:30;27;17230;Chapecoense;Internacional;5;0
2014;01/06/2014;07:00;28;37119;Corinthians;Botafogo;1;1
2014;11/10/2014;11:30;28;1392;Goiás;Coritiba;3;0
2014;12/10/2014;02:00;28;26940;Palmeiras;Grêmio;2;1
2014;12/10/2014;09:00;28;42171;Flamengo;Cruzeiro;3;0
2014;12/10/2014;09:00;28;15288;Atlético-MG;São Paulo;1;0
2014;12/10/2014;09:00;28;22162;Bahia;Chapecoense;0;1
2014;12/10/2014;09:00;28;24655;Internacional;Fluminense;2;1
2014;12/10/2014;11:30;28;10895;Sport;Vitória;1;2
2014;12/10/2014;11:30;28;14185;Atlético-PR;Figueirense;3;0
2014;12/10/2014;11:30;28;9076;Criciúma;Santos;3;0
2014;18/10/2014;11:30;29;13472;Fluminense;Criciúma;4;2
2014;18/10/2014;11:30;29;21961;São Paulo;Bahia;2;1
2014;18/10/2014;11:30;29;3044;Goiás;Grêmio;0;0
2014;19/10/2014;02:00;29;20558;Atlético-MG;Chapecoense;1;0
2014;19/10/2014;08:00;29;30695;Palmeiras;Santos;1;3
2014;19/10/2014;08:00;29;18908;Atlético-PR;Flamengo;2;1
2014;19/10/2014;08:00;29;33641;Internacional;Corinthians;1;2
2014;19/10/2014;08:00;29;4126;Figueirense;Coritiba;4;0
2014;19/10/2014;10:30;29;3059;Botafogo;Sport;1;1
2014;19/10/2014;10:30;29;18366;Vitória;Cruzeiro;0;1
2014;22/10/2014;01:50;30;5961;Bahia;Atlético-MG;1;1
2014;22/10/2014;11:30;30;21855;Flamengo;Internacional;2;0
2014;22/10/2014;11:30;30;7117;Corinthians;Vitória;2;1
2014;22/10/2014;11:30;30;26944;Cruzeiro;Palmeiras;1;1
2014;22/10/2014;11:30;30;7641;Criciúma;Atlético-PR;0;1
2014;23/10/2014;01:00;30;8106;Coritiba;Botafogo;2;0
2014;23/10/2014;01:00;30;16979;Grêmio;Figueirense;1;0
2014;23/10/2014;02:00;30;6178;Santos;Fluminense;0;1
2014;23/10/2014;02:00;30;15095;Chapecoense;São Paulo;0;0
2014;23/10/2014;02:30;30;7780;Sport;Goiás;0;1
2014;25/10/2014;08:20;31;22537;Fluminense;Atlético-PR;2;1
2014;25/10/2014;08:20;31;24245;Palmeiras;Corinthians;1;1
2014;25/10/2014;08:20;31;7843;Figueirense;Cruzeiro;1;1
2014;25/10/2014;10:30;31;13039;Coritiba;Grêmio;1;1
2014;25/10/2014;10:30;31;13115;Atlético-MG;Sport;3;2
2014;25/10/2014;10:30;31;8374;Vitória;Criciúma;3;1
2014;25/10/2014;10:30;31;10334;Chapecoense;Santos;1;1
2014;26/10/2014;01:00;31;42391;Botafogo;Flamengo;2;1
2014;26/10/2014;01:00;31;12825;Internacional;Bahia;2;0
2014;27/10/2014;11:30;31;31907;São Paulo;Goiás;3;0
2014;01/11/2014;10:30;32;17447;Grêmio;Vitória;1;0
2014;01/11/2014;10:30;32;3985;Goiás;Fluminense;0;2
2014;02/11/2014;12:00;32;28099;Corinthians;Coritiba;2;2
2014;02/11/2014;08:00;32;27779;Sport;Figueirense;1;0
2014;02/11/2014;08:00;32;5607;Santos;Internacional;1;2
2014;02/11/2014;08:00;32;36004;Cruzeiro;Botafogo;2;1
2014;02/11/2014;08:00;32;12388;Criciúma;São Paulo;1;2
2014;02/11/2014;10:30;32;31984;Flamengo;Chapecoense;3;0
2014;02/11/2014;10:30;32;17021;Atlético-PR;Atlético-MG;1;0
2014;02/11/2014;11:00;32;15367;Bahia;Palmeiras;0;1
2014;08/11/2014;10:30;33;24368;Palmeiras;Atlético-MG;0;2
2014;08/11/2014;10:30;33;10223;Coritiba;Fluminense;1;0
2014;09/11/2014;12:00;33;3187;Botafogo;Atlético-PR;0;2
2014;09/11/2014;08:00;33;36615;Sport;Flamengo;2;2
2014;09/11/2014;08:00;33;18035;Vitória;São Paulo;1;2
2014;09/11/2014;08:00;33;43456;Grêmio;Internacional;4;1
2014;09/11/2014;08:00;33;15102;Figueirense;Chapecoense;1;0
2014;09/11/2014;10:30;33;31089;Corinthians;Santos;1;0
2014;09/11/2014;10:30;33;28475;Cruzeiro;Criciúma;3;1
2014;09/11/2014;10:30;33;2187;Goiás;Bahia;3;0
2014;15/11/2014;10:30;34;22608;Fluminense;Botafogo;1;0
2014;15/11/2014;10:30;34;8850;Criciúma;Grêmio;0;3
2014;16/11/2014;08:00;34;28250;Flamengo;Coritiba;3;2
2014;16/11/2014;08:00;34;4094;Santos;Cruzeiro;0;1
2014;16/11/2014;08:00;34;14488;Atlético-PR;Sport;0;1
2014;16/11/2014;08:00;34;11617;Bahia;Corinthians;1;2
2014;16/11/2014;08:00;34;20786;Internacional;Goiás;1;0
2014;16/11/2014;10:30;34;36764;São Paulo;Palmeiras;2;0
2014;16/11/2014;10:30;34;17327;Atlético-MG;Figueirense;1;1
2014;16/11/2014;10:30;34;12749;Chapecoense;Vitória;0;1
2014;13/11/2014;01:00;35;22504;São Paulo;Internacional;1;1
2014;19/11/2014;10:30;35;8250;Botafogo;Figueirense;0;1
2014;19/11/2014;10:30;35;14861;Atlético-PR;Santos;1;1
2014;20/11/2014;12:00;35;7692;Vitória;Coritiba;1;1
2014;20/11/2014;12:00;35;4639;Criciúma;Bahia;0;1
2014;20/11/2014;12:00;35;24431;Goiás;Corinthians;0;1
2014;20/11/2014;01:00;35;35939;Palmeiras;Sport;0;2
2014;20/11/2014;01:00;35;10123;Atlético-MG;Flamengo;4;0
2014;20/11/2014;10:30;35;29482;Fluminense;Chapecoense;1;4
2014;21/11/2014;12:50;35;40497;Grêmio;Cruzeiro;1;2
2014;22/11/2014;10:30;36;33443;Internacional;Atlético-MG;2;1
2014;23/11/2014;12:00;36;7742;Bahia;Atlético-PR;1;2
2014;23/11/2014;08:00;36;30753;Flamengo;Criciúma;1;1
2014;23/11/2014;08:00;36;29165;Sport;Fluminense;2;2
2014;23/11/2014;08:00;36;33247;Santos;São Paulo;0;1
2014;23/11/2014;08:00;36;56769;Cruzeiro;Goiás;2;1
2014;23/11/2014;08:00;36;14718;Figueirense;Vitória;2;0
2014;23/11/2014;10:30;36;36307;Corinthians;Grêmio;1;0
2014;23/11/2014;10:30;36;18863;Coritiba;Palmeiras;2;0
2014;23/11/2014;10:30;36;14343;Chapecoense;Botafogo;2;0
2014;29/11/2014;10:30;37;41148;Internacional;Palmeiras;3;1
2014;29/11/2014;10:30;37;2498;Criciúma;Sport;2;2
2014;30/11/2014;12:01;37;20057;Flamengo;Vitória;4;0
2014;30/11/2014;08:00;37;18181;Fluminense;Corinthians;5;2
2014;30/11/2014;08:00;37;33334;São Paulo;Figueirense;1;1
2014;30/11/2014;08:00;37;4269;Santos;Botafogo;2;0
2014;30/11/2014;08:00;37;8067;Chapecoense;Cruzeiro;1;1
2014;30/11/2014;10:30;37;12807;Atlético-PR;Goiás;1;0
2014;30/11/2014;10:30;37;5539;Bahia;Grêmio;1;0
2014;30/11/2014;10:30;37;19029;Atlético-MG;Coritiba;1;2
2014;06/12/2014;07:30;38;38044;Corinthians;Criciúma;2;1
2014;06/12/2014;07:30;38;7027;Figueirense;Internacional;1;2
2014;07/12/2014;08:00;38;3694;Botafogo;Atlético-MG;0;0
2014;07/12/2014;08:00;38;33496;Sport;São Paulo;1;0
2014;07/12/2014;08:00;38;33151;Palmeiras;Atlético-PR;1;1
2014;07/12/2014;08:00;38;25550;Coritiba;Bahia;3;2
2014;07/12/2014;08:00;38;45804;Cruzeiro;Fluminense;2;1
2014;07/12/2014;08:00;38;8326;Vitória;Santos;0;1
2014;07/12/2014;08:00;38;13713;Grêmio;Flamengo;1;1
2014;07/12/2014;08:00;38;1768;Goiás;Chapecoense;4;2
2015;09/05/2015;11:30;1;28781;Palmeiras;Atlético-MG;2;2
2015;09/05/2015;11:30;1;5688;Chapecoense;Coritiba;2;1
2015;10/05/2015;02:00;1;19185;Fluminense;Joinville;1;0
2015;10/05/2015;04:00;1;11920;Grêmio;Ponte Preta;3;3
2015;10/05/2015;09:00;1;13656;São Paulo;Flamengo;2;1
2015;10/05/2015;09:00;1;11773;Cruzeiro;Corinthians;0;1
2015;10/05/2015;09:00;1;10499;Atlético-PR;Internacional;3;0
2015;10/05/2015;09:00;1;4116;Sport;Figueirense;4;1
2015;10/05/2015;11:30;1;6628;Vasco da Gama;Goiás;0;0
2015;10/05/2015;11:30;1;7677;Avaí;Santos;1;1
2015;16/05/2015;11:30;2;11785;Coritiba;Grêmio;2;0
2015;16/05/2015;11:30;2;0;Goiás;Atlético-PR;2;0
2015;17/05/2015;02:00;2;10144;Corinthians;Chapecoense;1;0
2015;17/05/2015;04:00;2;11004;Figueirense;Vasco da Gama;0;0
2015;17/05/2015;09:00;2;28794;Flamengo;Sport;2;2
2015;17/05/2015;09:00;2;7246;Santos;Cruzeiro;1;0
2015;17/05/2015;09:00;2;11958;Atlético-MG;Fluminense;4;1
2015;17/05/2015;11:30;2;0;Joinville;Palmeiras;0;0
2015;17/05/2015;11:30;2;0;Ponte Preta;São Paulo;1;0
2015;17/05/2015;11:30;2;10851;Internacional;Avaí;1;0
2015;23/05/2015;11:30;3;12690;São Paulo;Joinville;3;0
2015;23/05/2015;11:30;3;4520;Vasco da Gama;Internacional;1;1
2015;24/05/2015;02:00;3;8336;Grêmio;Figueirense;1;0
2015;24/05/2015;04:00;3;37337;Palmeiras;Goiás;0;1
2015;24/05/2015;09:00;3;14932;Fluminense;Corinthians;0;0
2015;24/05/2015;09:00;3;11918;Avaí;Flamengo;2;1
2015;24/05/2015;09:00;3;13510;Atlético-PR;Atlético-MG;1;0
2015;24/05/2015;09:00;3;6374;Chapecoense;Santos;1;0
2015;24/05/2015;11:30;3;9639;Cruzeiro;Ponte Preta;1;1
2015;24/05/2015;11:30;3;12285;Sport;Coritiba;1;0
2015;30/05/2015;11:30;4;0;Ponte Preta;Chapecoense;3;1
2015;30/05/2015;11:30;4;9906;Coritiba;Avaí;1;2
2015;31/05/2015;02:00;4;9144;Joinville;Atlético-PR;1;2
2015;31/05/2015;04:00;4;7964;Santos;Sport;2;2
2015;31/05/2015;09:00;4;29479;Corinthians;Palmeiras;0;2
2015;31/05/2015;09:00;4;30082;Internacional;São Paulo;0;0
2015;31/05/2015;09:00;4;17958;Atlético-MG;Vasco da Gama;3;0
2015;31/05/2015;09:00;4;3859;Goiás;Grêmio;1;1
2015;31/05/2015;11:30;4;25289;Flamengo;Fluminense;2;3
2015;31/05/2015;11:30;4;6211;Figueirense;Cruzeiro;2;1
2015;04/06/2015;12:30;5;2894;Vasco da Gama;Ponte Preta;0;3
2015;04/06/2015;12:30;5;13637;Atlético-PR;Figueirense;1;0
2015;04/06/2015;12:30;5;6179;Chapecoense;Joinville;2;0
2015;04/06/2015;02:00;5;13847;São Paulo;Santos;3;2
2015;04/06/2015;03:00;5;20231;Grêmio;Corinthians;3;1
2015;04/06/2015;03:00;5;13309;Cruzeiro;Flamengo;1;0
2015;04/06/2015;03:00;5;7101;Avaí;Atlético-MG;1;4
2015;04/06/2015;09:00;5;23004;Fluminense;Coritiba;2;0
2015;05/06/2015;02:00;5;12285;Sport;Goiás;1;0
2015;05/06/2015;02:00;5;36199;Palmeiras;Internacional;1;1
2015;06/06/2015;11:30;6;5508;Santos;Ponte Preta;2;2
2015;06/06/2015;11:30;6;20156;Flamengo;Chapecoense;1;0
2015;06/06/2015;11:30;6;20092;Atlético-MG;Cruzeiro;1;3
2015;07/06/2015;03:00;6;16952;São Paulo;Grêmio;2;0
2015;07/06/2015;03:00;6;16750;Atlético-PR;Vasco da Gama;2;0
2015;07/06/2015;03:00;6;14131;Joinville;Corinthians;0;1
2015;07/06/2015;04:00;6;35766;Internacional;Coritiba;2;0
2015;08/06/2015;12:30;6;13108;Fluminense;Sport;0;0
2015;08/06/2015;12:30;6;9187;Figueirense;Palmeiras;2;1
2015;08/06/2015;12:30;6;1105;Goiás;Avaí;0;1
2015;11/06/2015;12:30;7;10536;Atlético-MG;Santos;2;2
2015;13/06/2015;09:30;7;27270;Corinthians;Internacional;2;1
2015;13/06/2015;09:30;7;12043;Coritiba;Flamengo;0;1
2015;13/06/2015;09:30;7;8712;Chapecoense;São Paulo;0;1
2015;14/06/2015;02:00;7;5072;Vasco da Gama;Cruzeiro;1;3
2015;14/06/2015;02:00;7;9739;Sport;Joinville;2;1
2015;14/06/2015;04:00;7;9840;Ponte Preta;Goiás;0;0
2015;14/06/2015;09:00;7;26181;Palmeiras;Fluminense;2;1
2015;14/06/2015;09:00;7;19625;Grêmio;Atlético-PR;2;1
2015;14/06/2015;09:00;7;8041;Avaí;Figueirense;1;1
2015;19/06/2015;02:00;8;6244;Figueirense;Internacional;0;0
2015;20/06/2015;09:30;8;7674;Santos;Corinthians;1;0
2015;20/06/2015;09:30;8;36774;Flamengo;Atlético-MG;0;2
2015;20/06/2015;09:30;8;17206;Sport;Vasco da Gama;2;1
2015;21/06/2015;02:00;8;20814;Grêmio;Palmeiras;1;0
2015;21/06/2015;04:00;8;33643;Cruzeiro;Chapecoense;0;1
2015;21/06/2015;09:00;8;21364;São Paulo;Avaí;1;1
2015;21/06/2015;09:00;8;30120;Atlético-PR;Coritiba;2;2
2015;21/06/2015;09:00;8;9049;Joinville;Goiás;2;1
2015;25/06/2015;12:30;8;7033;Fluminense;Ponte Preta;2;0
2015;27/06/2015;09:00;9;11221;Avaí;Grêmio;1;2
2015;27/06/2015;09:00;9;7203;Chapecoense;Sport;1;1
2015;28/06/2015;02:00;9;24786;Corinthians;Figueirense;2;1
2015;28/06/2015;04:00;9;55987;Atlético-MG;Joinville;1;0
2015;28/06/2015;09:00;9;29233;Palmeiras;São Paulo;4;0
2015;28/06/2015;09:00;9;4858;Ponte Preta;Atlético-PR;2;1
2015;28/06/2015;09:00;9;12395;Coritiba;Cruzeiro;1;0
2015;28/06/2015;09:00;9;2419;Goiás;Fluminense;1;2
2015;28/06/2015;11:30;9;14010;Vasco da Gama;Flamengo;1;0
2015;28/06/2015;11:30;9;22475;Internacional;Santos;1;0
2015;02/07/2015;12:30;10;7333;Vasco da Gama;Avaí;1;0
2015;02/07/2015;12:30;10;23343;Sport;Internacional;3;0
2015;02/07/2015;02:00;10;32742;Palmeiras;Chapecoense;2;0
2015;02/07/2015;02:00;10;12309;Atlético-MG;Coritiba;2;0
2015;02/07/2015;03:00;10;22517;Grêmio;Cruzeiro;1;0
2015;02/07/2015;03:00;10;19971;Atlético-PR;São Paulo;2;1
2015;02/07/2015;03:00;10;15731;Joinville;Flamengo;0;1
2015;03/07/2015;12:30;10;26649;Corinthians;Ponte Preta;2;0
2015;03/07/2015;12:30;10;5425;Figueirense;Goiás;3;1
2015;03/07/2015;02:00;10;11437;Fluminense;Santos;2;1
2015;04/07/2015;08:00;11;9531;Coritiba;Joinville;0;0
2015;05/07/2015;02:00;11;8188;Cruzeiro;Atlético-PR;2;0
2015;05/07/2015;02:00;11;4349;Chapecoense;Vasco da Gama;1;0
2015;05/07/2015;04:00;11;8116;Avaí;Sport;2;2
2015;05/07/2015;09:00;11;10539;São Paulo;Fluminense;0;0
2015;05/07/2015;09:00;11;4942;Santos;Grêmio;1;3
2015;05/07/2015;09:00;11;9573;Goiás;Corinthians;0;0
2015;05/07/2015;11:30;11;11074;Ponte Preta;Palmeiras;0;2
2015;05/07/2015;11:30;11;17986;Flamengo;Figueirense;1;2
2015;05/07/2015;11:30;11;16612;Internacional;Atlético-MG;1;3
2015;09/07/2015;12:30;12;7515;Coritiba;Ponte Preta;0;0
2015;09/07/2015;12:30;12;1829;Goiás;Santos;4;1
2015;09/07/2015;12:30;12;13916;Chapecoense;Grêmio;1;0
2015;09/07/2015;02:00;12;37530;Palmeiras;Avaí;3;0
2015;09/07/2015;02:00;12;3891;Figueirense;Joinville;0;2
2015;09/07/2015;03:00;12;15812;Vasco da Gama;São Paulo;0;4
2015;09/07/2015;03:00;12;10931;Internacional;Flamengo;1;2
2015;09/07/2015;03:00;12;50684;Atlético-MG;Sport;2;1
2015;10/07/2015;12:30;12;32442;Corinthians;Atlético-PR;2;0
2015;10/07/2015;02:00;12;14339;Fluminense;Cruzeiro;1;0
2015;11/07/2015;11:30;13;8393;Santos;Figueirense;3;0
2015;11/07/2015;11:30;13;32464;Grêmio;Vasco da Gama;2;0
2015;12/07/2015;02:00;13;4733;Ponte Preta;Atlético-MG;0;2
2015;12/07/2015;04:00;13;59612;São Paulo;Coritiba;3;1
2015;12/07/2015;09:00;13;29872;Flamengo;Corinthians;0;3
2015;12/07/2015;09:00;13;10675;Cruzeiro;Goiás;1;0
2015;12/07/2015;09:00;13;15648;Atlético-PR;Fluminense;1;2
2015;12/07/2015;09:00;13;10324;Joinville;Internacional;0;2
2015;12/07/2015;11:30;13;5086;Avaí;Chapecoense;2;1
2015;12/07/2015;11:30;13;35163;Sport;Palmeiras;2;2
2015;18/07/2015;11:30;14;51055;Flamengo;Grêmio;1;0
2015;18/07/2015;11:30;14;16768;Internacional;Goiás;2;1
2015;19/07/2015;02:00;14;36280;Corinthians;Atlético-MG;1;0
2015;19/07/2015;04:00;14;15862;Atlético-PR;Chapecoense;1;0
2015;19/07/2015;09:00;14;41764;Fluminense;Vasco da Gama;1;2
2015;19/07/2015;09:00;14;8016;Figueirense;Coritiba;0;0
2015;19/07/2015;09:00;14;35853;Sport;São Paulo;2;0
2015;19/07/2015;09:00;14;38220;Palmeiras;Santos;1;0
2015;19/07/2015;11:30;14;13860;Cruzeiro;Avaí;1;1
2015;19/07/2015;11:30;14;8250;Joinville;Ponte Preta;1;1
2015;25/07/2015;11:30;15;4919;Avaí;Atlético-PR;1;2
2015;26/07/2015;12:30;15;33437;Grêmio;Sport;1;1
2015;26/07/2015;02:00;15;16056;Atlético-MG;Figueirense;1;0
2015;26/07/2015;04:00;15;12974;Santos;Joinville;2;0
2015;26/07/2015;04:00;15;8494;Chapecoense;Fluminense;2;1
2015;26/07/2015;09:00;15;29719;São Paulo;Cruzeiro;1;0
2015;26/07/2015;09:00;15;4698;Ponte Preta;Internacional;0;0
2015;26/07/2015;09:00;15;20467;Coritiba;Corinthians;1;1
2015;26/07/2015;09:00;15;12248;Goiás;Flamengo;0;1
2015;26/07/2015;11:30;15;14875;Vasco da Gama;Palmeiras;1;4
2015;30/07/2015;03:00;16;47606;Atlético-MG;São Paulo;3;1
2015;30/07/2015;03:00;16;30340;Corinthians;Vasco da Gama;3;0
2015;01/08/2015;11:30;16;33288;Fluminense;Grêmio;1;0
2015;02/08/2015;04:00;16;24595;Coritiba;Goiás;1;1
2015;02/08/2015;04:00;16;38794;Palmeiras;Atlético-PR;0;1
2015;02/08/2015;09:00;16;7369;Figueirense;Ponte Preta;3;1
2015;02/08/2015;09:00;16;61421;Flamengo;Santos;2;2
2015;02/08/2015;09:00;16;21253;Internacional;Chapecoense;0;0
2015;02/08/2015;09:00;16;11245;Joinville;Avaí;2;0
2015;02/08/2015;11:30;16;28018;Sport;Cruzeiro;0;0
2015;08/08/2015;10:30;17;11033;Avaí;Fluminense;1;0
2015;09/08/2015;01:00;17;12657;Santos;Coritiba;3;0
2015;09/08/2015;03:00;17;27327;Atlético-PR;Sport;1;1
2015;09/08/2015;03:00;17;41581;Vasco da Gama;Joinville;0;0
2015;09/08/2015;08:00;17;31248;São Paulo;Corinthians;1;1
2015;09/08/2015;08:00;17;20839;Cruzeiro;Palmeiras;2;1
2015;09/08/2015;08:00;17;7762;Goiás;Atlético-MG;0;0
2015;09/08/2015;08:00;17;11694;Ponte Preta;Flamengo;1;0
2015;09/08/2015;10:30;17;42432;Grêmio;Internacional;5;0
2015;09/08/2015;10:30;17;8728;Chapecoense;Figueirense;2;2
2015;13/08/2015;12:30;18;15721;Coritiba;Palmeiras;2;1
2015;13/08/2015;12:30;18;20881;Flamengo;Atlético-PR;3;2
2015;13/08/2015;02:00;18;12038;Santos;Vasco da Gama;1;0
2015;13/08/2015;02:00;18;1619;Goiás;Chapecoense;0;0
2015;13/08/2015;03:00;18;11415;Internacional;Fluminense;1;0
2015;13/08/2015;03:00;18;10301;Figueirense;São Paulo;0;2
2015;13/08/2015;03:00;18;30941;Corinthians;Sport;4;3
2015;14/08/2015;12:30;18;7667;Ponte Preta;Avaí;2;0
2015;14/08/2015;02:00;18;49047;Atlético-MG;Grêmio;0;2
2015;14/08/2015;02:00;18;10498;Joinville;Cruzeiro;3;0
2015;15/08/2015;11:30;19;19849;Atlético-PR;Santos;0;0
2015;15/08/2015;11:30;19;10657;Vasco da Gama;Coritiba;0;1
2015;16/08/2015;02:00;19;25452;São Paulo;Goiás;0;3
2015;16/08/2015;04:00;19;37739;Palmeiras;Flamengo;4;2
2015;16/08/2015;09:00;19;14166;Cruzeiro;Internacional;0;0
2015;16/08/2015;09:00;19;11304;Avaí;Corinthians;1;2
2015;16/08/2015;09:00;19;11967;Sport;Ponte Preta;1;1
2015;16/08/2015;09:00;19;23130;Fluminense;Figueirense;2;1
2015;16/08/2015;11:30;19;8133;Chapecoense;Atlético-MG;2;1
2015;16/08/2015;11:30;19;31183;Grêmio;Joinville;2;1
2015;22/08/2015;11:30;20;12036;Santos;Avaí;5;2
2015;22/08/2015;11:30;20;12154;Goiás;Vasco da Gama;3;0
2015;23/08/2015;02:00;20;5158;Figueirense;Sport;2;1
2015;23/08/2015;04:00;20;8612;Ponte Preta;Grêmio;0;0
2015;23/08/2015;04:00;20;23479;Coritiba;Chapecoense;1;0
2015;23/08/2015;09:00;20;41014;Corinthians;Cruzeiro;3;0
2015;23/08/2015;09:00;20;42954;Flamengo;São Paulo;2;1
2015;23/08/2015;09:00;20;22393;Internacional;Atlético-PR;2;0
2015;23/08/2015;09:00;20;12395;Joinville;Fluminense;2;1
2015;23/08/2015;11:30;20;17464;Atlético-MG;Palmeiras;2;1
2015;29/08/2015;11:30;21;17940;Vasco da Gama;Figueirense;0;1
2015;30/08/2015;02:00;21;12145;São Paulo;Ponte Preta;3;0
2015;30/08/2015;04:00;21;46000;Grêmio;Coritiba;0;0
2015;30/08/2015;04:00;21;11150;Avaí;Internacional;3;0
2015;30/08/2015;09:00;21;20533;Fluminense;Atlético-MG;1;2
2015;30/08/2015;09:00;21;28907;Palmeiras;Joinville;3;2
2015;30/08/2015;09:00;21;13222;Chapecoense;Corinthians;1;3
2015;30/08/2015;09:00;21;34939;Sport;Flamengo;0;1
2015;30/08/2015;11:30;21;14348;Atlético-PR;Goiás;3;0
2015;30/08/2015;11:30;21;8271;Cruzeiro;Santos;0;1
2015;03/09/2015;12:30;22;13064;Joinville;São Paulo;0;0
2015;03/09/2015;12:30;22;15021;Internacional;Vasco da Gama;6;0
2015;03/09/2015;12:30;22;5343;Ponte Preta;Cruzeiro;1;2
2015;03/09/2015;02:00;22;12064;Atlético-MG;Atlético-PR;0;1
2015;03/09/2015;02:00;22;22825;Flamengo;Avaí;3;0
2015;03/09/2015;03:00;22;10000;Coritiba;Sport;0;0
2015;03/09/2015;03:00;22;16024;Goiás;Palmeiras;1;0
2015;03/09/2015;03:00;22;29328;Corinthians;Fluminense;2;0
2015;04/09/2015;12:30;22;8047;Santos;Chapecoense;3;1
2015;04/09/2015;02:00;22;10823;Figueirense;Grêmio;0;2
2015;06/09/2015;12:30;23;8768;Vasco da Gama;Atlético-MG;1;2
2015;06/09/2015;12:30;23;20935;São Paulo;Internacional;2;0
2015;06/09/2015;02:00;23;14715;Atlético-PR;Joinville;0;0
2015;06/09/2015;04:00;23;5228;Chapecoense;Ponte Preta;0;0
2015;06/09/2015;04:00;23;39040;Cruzeiro;Figueirense;5;1
2015;06/09/2015;09:00;23;29184;Grêmio;Goiás;2;1
2015;06/09/2015;09:00;23;35707;Palmeiras;Corinthians;3;3
2015;06/09/2015;09:00;23;55999;Fluminense;Flamengo;1;3
2015;06/09/2015;09:00;23;4773;Avaí;Coritiba;0;2
2015;06/09/2015;11:30;23;7308;Sport;Santos;1;1
2015;10/09/2015;12:30;24;3961;Ponte Preta;Vasco da Gama;0;1
2015;10/09/2015;12:30;24;10388;Atlético-MG;Avaí;2;0
2015;10/09/2015;12:30;24;13690;Internacional;Palmeiras;1;0
2015;10/09/2015;02:00;24;5890;Figueirense;Atlético-PR;1;1
2015;10/09/2015;03:00;24;30126;Corinthians;Grêmio;1;1
2015;10/09/2015;03:00;24;5552;Santos;São Paulo;3;0
2015;10/09/2015;03:00;24;12619;Coritiba;Fluminense;1;1
2015;11/09/2015;12:30;24;2650;Goiás;Sport;1;0
2015;11/09/2015;02:00;24;7387;Joinville;Chapecoense;0;0
2015;11/09/2015;02:00;24;43017;Flamengo;Cruzeiro;2;0
2015;12/09/2015;11:30;25;14656;Coritiba;Internacional;0;1
2015;13/09/2015;02:00;25;22794;Palmeiras;Figueirense;2;0
2015;13/09/2015;04:00;25;8273;Ponte Preta;Santos;3;1
2015;13/09/2015;04:00;25;41809;Corinthians;Joinville;3;0
2015;13/09/2015;09:00;25;10805;Vasco da Gama;Atlético-PR;2;0
2015;13/09/2015;09:00;25;10800;Chapecoense;Flamengo;1;3
2015;13/09/2015;09:00;25;45991;Cruzeiro;Atlético-MG;1;1
2015;13/09/2015;09:00;25;44227;Grêmio;São Paulo;1;2
2015;13/09/2015;11:30;25;5333;Sport;Fluminense;1;0
2015;13/09/2015;11:30;25;4767;Avaí;Goiás;2;1
2015;17/09/2015;12:30;26;9512;Joinville;Sport;1;1
2015;17/09/2015;12:30;26;11063;Fluminense;Palmeiras;1;4
2015;17/09/2015;12:30;26;2885;Goiás;Ponte Preta;1;2
2015;17/09/2015;02:00;26;9618;Figueirense;Avaí;0;1
2015;17/09/2015;02:00;26;13619;Atlético-PR;Grêmio;1;2
2015;17/09/2015;03:00;26;19073;Internacional;Corinthians;2;1
2015;17/09/2015;03:00;26;6179;Santos;Atlético-MG;4;0
2015;17/09/2015;03:00;26;19888;Cruzeiro;Vasco da Gama;2;2
2015;18/09/2015;12:30;26;16502;São Paulo;Chapecoense;0;0
2015;18/09/2015;02:00;26;67011;Flamengo;Coritiba;0;2
2015;19/09/2015;11:30;27;21257;Palmeiras;Grêmio;3;2
2015;19/09/2015;11:30;27;16631;Internacional;Figueirense;1;1
2015;20/09/2015;02:00;27;5470;Ponte Preta;Fluminense;3;1
2015;20/09/2015;04:00;27;41748;Corinthians;Santos;2;0
2015;20/09/2015;04:00;27;3961;Goiás;Joinville;3;0
2015;20/09/2015;09:00;27;19128;Vasco da Gama;Sport;2;1
2015;20/09/2015;09:00;27;20203;Atlético-MG;Flamengo;4;1
2015;20/09/2015;09:00;27;9579;Avaí;São Paulo;2;1
2015;20/09/2015;11:30;27;30867;Coritiba;Atlético-PR;2;0
2015;20/09/2015;11:30;27;5915;Chapecoense;Cruzeiro;0;2
2015;26/09/2015;11:30;28;9238;Fluminense;Goiás;2;0
2015;27/09/2015;02:00;28;13251;Grêmio;Avaí;3;1
2015;27/09/2015;04:00;28;11043;Santos;Internacional;3;1
2015;27/09/2015;04:00;28;12629;Atlético-PR;Ponte Preta;1;2
2015;27/09/2015;09:00;28;25047;São Paulo;Palmeiras;1;1
2015;27/09/2015;09:00;28;40240;Flamengo;Vasco da Gama;1;2
2015;27/09/2015;09:00;28;9484;Figueirense;Corinthians;1;3
2015;27/09/2015;09:00;28;7486;Joinville;Atlético-MG;2;2
2015;27/09/2015;11:30;28;4882;Sport;Chapecoense;3;0
2015;27/09/2015;11:30;28;22897;Cruzeiro;Coritiba;2;0
2015;03/10/2015;11:30;29;14386;Internacional;Sport;2;1
2015;03/10/2015;11:30;29;14469;Coritiba;Atlético-MG;0;3
2015;04/10/2015;02:00;29;11066;São Paulo;Atlético-PR;1;0
2015;04/10/2015;04:00;29;52462;Flamengo;Joinville;2;0
2015;04/10/2015;04:00;29;14582;Avaí;Vasco da Gama;1;1
2015;04/10/2015;09:00;29;7491;Santos;Fluminense;3;1
2015;04/10/2015;09:00;29;10311;Ponte Preta;Corinthians;2;2
2015;04/10/2015;09:00;29;29294;Cruzeiro;Grêmio;0;0
2015;04/10/2015;09:00;29;3695;Goiás;Figueirense;2;3
2015;04/10/2015;11:30;29;16474;Chapecoense;Palmeiras;5;1
2015;15/10/2015;12:30;30;5049;Sport;Avaí;3;0
2015;15/10/2015;12:30;30;17671;Atlético-MG;Internacional;2;1
2015;15/10/2015;02:00;30;28981;Palmeiras;Ponte Preta;0;1
2015;15/10/2015;02:00;30;7416;Joinville;Coritiba;3;1
2015;15/10/2015;02:00;30;12820;Figueirense;Flamengo;3;0
2015;15/10/2015;03:00;30;13047;Atlético-PR;Cruzeiro;2;2
2015;15/10/2015;03:00;30;8357;Fluminense;São Paulo;2;0
2015;16/10/2015;12:30;30;41179;Corinthians;Goiás;3;0
2015;16/10/2015;12:30;30;22827;Vasco da Gama;Chapecoense;1;1
2015;16/10/2015;02:00;30;8837;Grêmio;Santos;1;0
2015;17/10/2015;11:30;31;9254;Avaí;Palmeiras;1;3
2015;18/10/2015;02:00;31;8954;Joinville;Figueirense;1;0
2015;18/10/2015;03:00;31;6535;Ponte Preta;Coritiba;3;0
2015;18/10/2015;03:00;31;38577;Cruzeiro;Fluminense;2;0
2015;18/10/2015;08:00;31;18349;São Paulo;Vasco da Gama;2;2
2015;18/10/2015;08:00;31;23850;Atlético-PR;Corinthians;1;4
2015;18/10/2015;08:00;31;24599;Flamengo;Internacional;0;1
2015;18/10/2015;09:00;31;6198;Santos;Goiás;3;1
2015;18/10/2015;09:00;31;19925;Grêmio;Chapecoense;2;3
2015;18/10/2015;10:30;31;15459;Sport;Atlético-MG;4;1
2015;24/10/2015;09:00;32;7012;Fluminense;Atlético-PR;0;1
2015;24/10/2015;10:30;32;19133;Internacional;Joinville;1;0
2015;24/10/2015;10:30;32;7634;Figueirense;Santos;0;0
2015;25/10/2015;01:00;32;19395;Palmeiras;Sport;0;2
2015;25/10/2015;08:00;32;43942;Corinthians;Flamengo;1;0
2015;25/10/2015;08:00;32;17442;Vasco da Gama;Grêmio;0;0
2015;25/10/2015;08:00;32;15002;Coritiba;São Paulo;1;2
2015;25/10/2015;08:00;32;7919;Chapecoense;Avaí;0;0
2015;25/10/2015;09:00;32;13101;Goiás;Cruzeiro;0;1
2015;25/10/2015;10:30;32;13232;Atlético-MG;Ponte Preta;2;1
2015;31/10/2015;08:00;33;14002;São Paulo;Sport;3;0
2015;31/10/2015;10:30;33;4858;Ponte Preta;Joinville;1;0
2015;31/10/2015;10:30;33;5114;Avaí;Cruzeiro;1;1
2015;01/11/2015;12:00;33;6196;Coritiba;Figueirense;1;1
2015;01/11/2015;08:00;33;11767;Santos;Palmeiras;2;1
2015;01/11/2015;08:00;33;35160;Grêmio;Flamengo;2;0
2015;01/11/2015;08:00;33;21798;Atlético-MG;Corinthians;0;3
2015;01/11/2015;08:00;33;12419;Chapecoense;Atlético-PR;0;0
2015;01/11/2015;09:00;33;11957;Vasco da Gama;Fluminense;0;1
2015;01/11/2015;10:30;33;6420;Goiás;Internacional;2;1
2015;07/11/2015;08:00;34;17431;Internacional;Ponte Preta;1;0
2015;07/11/2015;10:30;34;43688;Corinthians;Coritiba;2;1
2015;07/11/2015;10:30;34;9491;Atlético-PR;Avaí;2;1
2015;08/11/2015;12:00;34;4153;Fluminense;Chapecoense;2;3
2015;08/11/2015;08:00;34;28800;Palmeiras;Vasco da Gama;0;2
2015;08/11/2015;08:00;34;12634;Flamengo;Goiás;4;1
2015;08/11/2015;08:00;34;33417;Cruzeiro;São Paulo;2;1
2015;08/11/2015;08:00;34;11556;Figueirense;Atlético-MG;0;1
2015;08/11/2015;09:00;34;9679;Joinville;Santos;0;0
2015;08/11/2015;10:30;34;11091;Sport;Grêmio;1;0
2015;15/11/2015;08:00;35;25851;Cruzeiro;Sport;3;0
2015;18/11/2015;10:30;35;16896;Goiás;Coritiba;1;3
2015;19/11/2015;12:00;35;4152;Ponte Preta;Figueirense;0;1
2015;19/11/2015;12:00;35;8153;Avaí;Joinville;2;1
2015;19/11/2015;12:00;35;13650;Atlético-PR;Palmeiras;3;3
2015;19/11/2015;10:30;35;14241;Grêmio;Fluminense;1;0
2015;19/11/2015;10:30;35;12693;Chapecoense;Internacional;1;0
2015;20/11/2015;01:00;35;18199;São Paulo;Atlético-MG;4;2
2015;20/11/2015;01:00;35;8071;Santos;Flamengo;0;0
2015;20/11/2015;01:00;35;19225;Vasco da Gama;Corinthians;1;1
2015;21/11/2015;10:30;36;19395;Palmeiras;Cruzeiro;1;1
2015;22/11/2015;08:00;36;44976;Corinthians;São Paulo;6;1
2015;22/11/2015;08:00;36;30682;Internacional;Grêmio;1;0
2015;22/11/2015;08:00;36;9373;Atlético-MG;Goiás;2;2
2015;22/11/2015;08:00;36;9635;Figueirense;Chapecoense;0;0
2015;22/11/2015;08:00;36;7026;Joinville;Vasco da Gama;1;2
2015;22/11/2015;09:00;36;12814;Flamengo;Ponte Preta;1;1
2015;22/11/2015;10:30;36;9183;Fluminense;Avaí;3;1
2015;22/11/2015;10:30;36;0;Coritiba;Santos;1;0
2015;22/11/2015;10:30;36;0;Sport;Atlético-PR;0;0
2015;28/11/2015;08:00;37;20034;São Paulo;Figueirense;3;2
2015;28/11/2015;10:30;37;6645;Fluminense;Internacional;1;1
2015;29/11/2015;12:00;37;7150;Avaí;Ponte Preta;1;0
2015;29/11/2015;08:00;37;36862;Grêmio;Atlético-MG;2;1
2015;29/11/2015;08:00;37;24933;Cruzeiro;Joinville;3;0
2015;29/11/2015;08:00;37;19048;Sport;Corinthians;2;0
2015;29/11/2015;09:00;37;15037;Palmeiras;Coritiba;0;2
2015;29/11/2015;09:00;37;10614;Vasco da Gama;Santos;1;0
2015;29/11/2015;09:00;37;9831;Chapecoense;Goiás;1;3
2015;29/11/2015;10:30;37;25889;Atlético-PR;Flamengo;3;0
2015;06/12/2015;08:00;38;43652;Corinthians;Avaí;1;1
2015;06/12/2015;08:00;38;3836;Santos;Atlético-PR;5;1
2015;06/12/2015;08:00;38;2542;Ponte Preta;Sport;0;1
2015;06/12/2015;08:00;38;16070;Flamengo;Palmeiras;1;2
2015;06/12/2015;08:00;38;29836;Internacional;Cruzeiro;2;0
2015;06/12/2015;08:00;38;32229;Atlético-MG;Chapecoense;3;0
2015;06/12/2015;08:00;38;16047;Figueirense;Fluminense;1;0
2015;06/12/2015;08:00;38;10322;Coritiba;Vasco da Gama;0;0
2015;06/12/2015;08:00;38;34284;Goiás;São Paulo;0;1
2015;06/12/2015;08:00;38;5979;Joinville;Grêmio;0;2
2016;14/05/2016;09:00;1;7863;Flamengo;Sport;1;0
2016;14/05/2016;09:00;1;33629;Palmeiras;Atlético-PR;4;0
2016;14/05/2016;11:30;1;5403;Atlético-MG;Santos;1;0
2016;15/05/2016;02:00;1;6028;Coritiba;Cruzeiro;1;0
2016;15/05/2016;04:00;1;5465;Botafogo;São Paulo;0;1
2016;15/05/2016;04:00;1;20038;Santa Cruz;Vitória;4;1
2016;15/05/2016;09:00;1;31533;Corinthians;Grêmio;0;0
2016;15/05/2016;09:00;1;5714;Figueirense;Ponte Preta;0;0
2016;15/05/2016;09:00;1;2078;América-MG;Fluminense;0;1
2016;15/05/2016;11:30;1;12092;Internacional;Chapecoense;0;0
2016;21/05/2016;09:00;2;7061;Ponte Preta;Palmeiras;2;1
2016;21/05/2016;11:30;2;3380;Fluminense;Santa Cruz;2;2
2016;22/05/2016;02:00;2;12647;Cruzeiro;Figueirense;2;2
2016;22/05/2016;04:00;2;7472;Santos;Coritiba;2;1
2016;22/05/2016;04:00;2;11804;Atlético-PR;Atlético-MG;1;1
2016;22/05/2016;09:00;2;12693;Vitória;Corinthians;3;2
2016;22/05/2016;09:00;2;19509;São Paulo;Internacional;1;2
2016;22/05/2016;09:00;2;17866;Grêmio;Flamengo;1;0
2016;22/05/2016;09:00;2;2177;Chapecoense;América-MG;3;1
2016;22/05/2016;11:30;2;6117;Sport;Botafogo;1;1
2016;26/05/2016;12:30;3;4445;Botafogo;Atlético-PR;2;1
2016;26/05/2016;12:30;3;5849;Figueirense;Santos;2;2
2016;26/05/2016;02:00;3;1318;América-MG;Vitória;1;1
2016;26/05/2016;02:00;3;2705;Flamengo;Chapecoense;2;2
2016;26/05/2016;02:45;3;28534;Palmeiras;Fluminense;2;0
2016;26/05/2016;02:45;3;16331;Santa Cruz;Cruzeiro;4;1
2016;26/05/2016;02:45;3;10830;Coritiba;São Paulo;1;1
2016;26/05/2016;04:00;3;35573;Corinthians;Ponte Preta;3;0
2016;26/05/2016;09:00;3;28751;Internacional;Sport;1;0
2016;27/05/2016;02:00;3;17426;Atlético-MG;Grêmio;0;3
2016;28/05/2016;09:00;4;11266;Cruzeiro;América-MG;1;1
2016;28/05/2016;11:30;4;10479;Atlético-PR;Figueirense;2;1
2016;29/05/2016;02:00;4;4734;Chapecoense;Santa Cruz;1;1
2016;29/05/2016;04:00;4;14645;Sport;Corinthians;0;2
2016;29/05/2016;04:00;4;7106;Ponte Preta;Flamengo;1;2
2016;29/05/2016;09:00;4;21016;São Paulo;Palmeiras;1;0
2016;29/05/2016;09:00;4;12867;Vitória;Atlético-MG;1;1
2016;29/05/2016;09:00;4;4550;Fluminense;Botafogo;1;0
2016;29/05/2016;11:30;4;4468;Santos;Internacional;0;1
2016;29/05/2016;11:30;4;12415;Grêmio;Coritiba;2;0
2016;02/06/2016;12:30;5;20300;Internacional;Atlético-PR;1;0
2016;02/06/2016;02:00;5;2852;Coritiba;Chapecoense;3;4
2016;02/06/2016;02:00;5;30187;Corinthians;Santos;1;0
2016;02/06/2016;02:00;5;16951;Santa Cruz;Sport;0;1
2016;02/06/2016;02:45;5;7057;Botafogo;Cruzeiro;0;1
2016;02/06/2016;02:45;5;8144;Atlético-MG;Fluminense;1;1
2016;02/06/2016;02:45;5;5834;Figueirense;São Paulo;1;0
2016;03/06/2016;12:30;5;1466;América-MG;Ponte Preta;1;2
2016;03/06/2016;02:00;5;19196;Palmeiras;Grêmio;4;3
2016;03/06/2016;02:00;5;6164;Flamengo;Vitória;1;0
2016;04/06/2016;09:00;6;11863;Atlético-PR;Santa Cruz;1;0
2016;05/06/2016;01:30;6;26958;Corinthians;Coritiba;2;1
2016;05/06/2016;01:30;6;5817;Chapecoense;Fluminense;0;0
2016;05/06/2016;04:00;6;16530;Santos;Botafogo;3;0
2016;05/06/2016;04:00;6;2173;América-MG;Figueirense;1;0
2016;05/06/2016;09:00;6;16957;Grêmio;Ponte Preta;1;0
2016;05/06/2016;09:00;6;54655;Flamengo;Palmeiras;1;2
2016;05/06/2016;09:00;6;8924;Vitória;Internacional;1;0
2016;05/06/2016;09:00;6;14170;Sport;Atlético-MG;4;4
2016;05/06/2016;11:30;6;18905;Cruzeiro;São Paulo;0;1
2016;11/06/2016;09:00;7;3862;Ponte Preta;Chapecoense;2;1
2016;11/06/2016;09:00;7;18028;Internacional;América-MG;3;1
2016;11/06/2016;11:30;7;2467;Fluminense;Grêmio;1;1
2016;12/06/2016;02:00;7;12389;São Paulo;Atlético-PR;1;2
2016;12/06/2016;04:00;7;1203;Botafogo;Vitória;1;1
2016;12/06/2016;04:00;7;8221;Coritiba;Sport;3;2
2016;12/06/2016;09:00;7;11556;Figueirense;Flamengo;1;0
2016;12/06/2016;09:00;7;19484;Atlético-MG;Cruzeiro;2;3
2016;12/06/2016;09:00;7;39935;Palmeiras;Corinthians;1;0
2016;13/06/2016;12:00;7;16464;Santa Cruz;Santos;0;2
2016;16/06/2016;12:30;8;13154;Chapecoense;Grêmio;3;3
2016;16/06/2016;12:30;8;9213;São Paulo;Vitória;2;0
2016;16/06/2016;12:30;8;3090;Ponte Preta;Atlético-PR;3;2
2016;16/06/2016;02:00;8;4937;Santos;Sport;2;0
2016;16/06/2016;02:00;8;883;Botafogo;América-MG;3;1
2016;16/06/2016;02:00;8;10019;Santa Cruz;Figueirense;1;0
2016;16/06/2016;02:45;8;12794;Coritiba;Palmeiras;2;2
2016;16/06/2016;02:45;8;17593;Cruzeiro;Flamengo;0;1
2016;17/06/2016;12:30;8;21881;Internacional;Atlético-MG;2;0
2016;17/06/2016;01:00;8;21148;Fluminense;Corinthians;1;0
2016;18/06/2016;09:00;9;34162;Palmeiras;Santa Cruz;3;1
2016;18/06/2016;11:00;9;15359;Atlético-PR;Santos;1;0
2016;19/06/2016;02:00;9;796;América-MG;Coritiba;2;1
2016;19/06/2016;04:00;9;16042;Atlético-MG;Ponte Preta;3;0
2016;19/06/2016;04:00;9;7702;Vitória;Chapecoense;1;2
2016;19/06/2016;09:00;9;16361;Figueirense;Internacional;3;2
2016;19/06/2016;09:00;9;34747;Corinthians;Botafogo;3;1
2016;19/06/2016;09:00;9;27233;Flamengo;São Paulo;2;2
2016;19/06/2016;09:00;9;8065;Sport;Fluminense;2;1
2016;20/06/2016;12:00;9;16566;Grêmio;Cruzeiro;2;0
2016;22/06/2016;02:30;10;27429;Palmeiras;América-MG;2;0
2016;23/06/2016;12:30;10;4183;Ponte Preta;Cruzeiro;0;4
2016;23/06/2016;02:00;10;2797;Botafogo;Figueirense;0;0
2016;23/06/2016;02:00;10;12739;Santa Cruz;Flamengo;0;1
2016;23/06/2016;02:45;10;34426;Atlético-MG;Corinthians;2;1
2016;23/06/2016;02:45;10;4721;Fluminense;Santos;2;4
2016;23/06/2016;08:00;10;3788;Chapecoense;Atlético-PR;0;0
2016;24/06/2016;12:15;10;14382;Grêmio;Vitória;1;2
2016;24/06/2016;02:00;10;11145;São Paulo;Sport;0;0
2016;24/06/2016;02:30;10;8798;Coritiba;Internacional;1;1
2016;26/06/2016;12:00;11;18082;Cruzeiro;Palmeiras;2;1
2016;26/06/2016;02:00;11;25501;Corinthians;Santa Cruz;2;1
2016;26/06/2016;04:00;11;9516;América-MG;Atlético-MG;0;1
2016;26/06/2016;09:00;11;16838;Atlético-PR;Grêmio;2;0
2016;26/06/2016;09:00;11;19748;Santos;São Paulo;3;0
2016;26/06/2016;09:00;11;4814;Vitória;Ponte Preta;1;1
2016;26/06/2016;09:00;11;25037;Internacional;Botafogo;2;3
2016;26/06/2016;09:00;11;25941;Flamengo;Fluminense;1;2
2016;26/06/2016;11:30;11;8743;Sport;Chapecoense;5;1
2016;26/06/2016;11:30;11;5834;Figueirense;Coritiba;0;0
2016;30/06/2016;12:30;12;21000;Flamengo;Internacional;1;0
2016;30/06/2016;12:30;12;5840;Vitória;Sport;3;2
2016;30/06/2016;12:30;12;14865;Grêmio;Santos;3;2
2016;30/06/2016;02:00;12;6774;Chapecoense;Cruzeiro;3;2
2016;30/06/2016;02:00;12;12861;Coritiba;Atlético-PR;1;0
2016;30/06/2016;02:45;12;3386;América-MG;Corinthians;0;2
2016;30/06/2016;02:45;12;10323;São Paulo;Fluminense;2;1
2016;01/07/2016;12:30;12;8517;Santa Cruz;Ponte Preta;0;3
2016;01/07/2016;12:30;12;32834;Palmeiras;Figueirense;4;0
2016;01/07/2016;02:00;12;23018;Atlético-MG;Botafogo;5;3
2016;02/07/2016;09:00;13;917;Fluminense;Coritiba;0;0
2016;02/07/2016;11:30;13;10137;Atlético-PR;América-MG;1;0
2016;03/07/2016;04:00;13;43821;Cruzeiro;Vitória;2;2
2016;03/07/2016;04:00;13;40686;Internacional;Grêmio;0;1
2016;03/07/2016;09:00;13;10322;Santos;Chapecoense;3;0
2016;03/07/2016;09:00;13;5551;Ponte Preta;São Paulo;1;0
2016;03/07/2016;09:00;13;32577;Corinthians;Flamengo;4;0
2016;03/07/2016;09:00;13;5033;Botafogo;Santa Cruz;2;1
2016;04/07/2016;12:00;13;5506;Figueirense;Atlético-MG;1;1
2016;05/07/2016;01:00;13;26719;Sport;Palmeiras;1;3
2016;09/07/2016;09:30;14;11615;Chapecoense;Corinthians;0;2
2016;09/07/2016;09:30;14;10922;Coritiba;Botafogo;0;0
2016;10/07/2016;02:00;14;3086;Ponte Preta;Sport;2;1
2016;10/07/2016;04:00;14;23390;Flamengo;Atlético-MG;2;0
2016;10/07/2016;04:00;14;34013;Grêmio;Figueirense;2;1
2016;10/07/2016;09:00;14;8749;Santa Cruz;Internacional;1;0
2016;10/07/2016;09:00;14;8198;São Paulo;América-MG;3;0
2016;11/07/2016;12:30;14;6938;Vitória;Fluminense;0;0
2016;12/07/2016;01:00;14;32042;Cruzeiro;Atlético-PR;0;3
2016;13/07/2016;01:30;14;40035;Palmeiras;Santos;1;1
2016;16/07/2016;09:00;15;11692;Botafogo;Flamengo;3;3
2016;16/07/2016;11:30;15;11979;Santos;Ponte Preta;3;1
2016;17/07/2016;04:00;15;2404;América-MG;Santa Cruz;0;3
2016;17/07/2016;09:00;15;27293;Internacional;Palmeiras;0;1
2016;17/07/2016;09:00;15;9681;Fluminense;Cruzeiro;2;0
2016;17/07/2016;09:00;15;42099;Corinthians;São Paulo;1;1
2016;17/07/2016;09:00;15;6017;Figueirense;Chapecoense;1;1
2016;17/07/2016;09:00;15;15683;Atlético-PR;Vitória;1;1
2016;17/07/2016;11:30;15;10891;Sport;Grêmio;4;2
2016;19/07/2016;01:00;15;20891;Atlético-MG;Coritiba;2;1
2016;23/07/2016;09:00;16;38507;Corinthians;Figueirense;1;1
2016;23/07/2016;11:30;16;10021;Santa Cruz;Coritiba;0;1
2016;24/07/2016;04:00;16;5940;Ponte Preta;Internacional;2;2
2016;24/07/2016;04:00;16;39400;Palmeiras;Atlético-MG;0;1
2016;24/07/2016;09:00;16;18861;Cruzeiro;Sport;1;2
2016;24/07/2016;09:00;16;7012;Chapecoense;Botafogo;2;1
2016;24/07/2016;09:00;16;14959;Atlético-PR;Fluminense;1;0
2016;24/07/2016;09:00;16;37069;Grêmio;São Paulo;1;0
2016;24/07/2016;11:30;16;9244;Vitória;Santos;2;3
2016;26/07/2016;01:00;16;16523;Flamengo;América-MG;2;1
2016;30/07/2016;11:30;17;4252;Figueirense;Vitória;1;0
2016;30/07/2016;11:30;17;22491;Sport;Atlético-PR;2;0
2016;31/07/2016;02:00;17;16804;Atlético-MG;Santa Cruz;3;0
2016;31/07/2016;04:00;17;54996;São Paulo;Chapecoense;2;2
2016;31/07/2016;04:00;17;9574;Fluminense;Ponte Preta;3;0
2016;31/07/2016;09:00;17;16177;Coritiba;Flamengo;0;2
2016;31/07/2016;09:00;17;13830;Santos;Cruzeiro;2;0
2016;31/07/2016;09:00;17;30098;Internacional;Corinthians;0;1
2016;31/07/2016;11:30;17;1534;América-MG;Grêmio;0;0
2016;31/07/2016;11:30;17;8477;Botafogo;Palmeiras;3;1
2016;04/08/2016;12:30;18;15717;São Paulo;Atlético-MG;1;2
2016;04/08/2016;12:30;18;7182;Vitória;Coritiba;3;1
2016;04/08/2016;12:30;18;20987;Sport;América-MG;1;1
2016;04/08/2016;02:45;18;21814;Santos;Flamengo;0;0
2016;04/08/2016;02:45;18;25379;Atlético-PR;Corinthians;2;0
2016;05/08/2016;12:15;18;5050;Ponte Preta;Botafogo;2;0
2016;05/08/2016;12:30;18;16068;Grêmio;Santa Cruz;0;0
2016;05/08/2016;02:00;18;12454;Cruzeiro;Internacional;4;2
2016;05/08/2016;02:30;18;9167;Chapecoense;Palmeiras;1;1
2016;03/09/2016;09:00;18;6136;Fluminense;Figueirense;3;2
2016;06/08/2016;11:30;19;19036;Flamengo;Atlético-PR;1;0
2016;07/08/2016;04:00;19;2893;América-MG;Santos;1;0
2016;07/08/2016;09:00;19;7238;Coritiba;Ponte Preta;3;1
2016;07/08/2016;09:00;19;30330;Palmeiras;Vitória;2;1
2016;07/08/2016;09:15;19;12705;Santa Cruz;São Paulo;1;2
2016;07/08/2016;09:15;19;19552;Internacional;Fluminense;2;2
2016;09/08/2016;01:00;19;17484;Atlético-MG;Chapecoense;3;1
2016;09/08/2016;02:00;19;34487;Corinthians;Cruzeiro;1;1
2016;04/09/2016;09:00;19;5199;Botafogo;Grêmio;2;1
2016;04/09/2016;11:30;19;5075;Figueirense;Sport;1;1
2016;13/08/2016;09:00;20;25019;Sport;Flamengo;1;0
2016;13/08/2016;11:30;20;3753;Ponte Preta;Figueirense;2;0
2016;14/08/2016;04:00;20;46163;Grêmio;Corinthians;3;0
2016;14/08/2016;04:00;20;6775;Fluminense;América-MG;1;0
2016;14/08/2016;09:00;20;6797;Vitória;Santa Cruz;2;2
2016;14/08/2016;09:00;20;13814;Cruzeiro;Coritiba;2;2
2016;14/08/2016;09:00;20;10250;Santos;Atlético-MG;3;0
2016;14/08/2016;09:15;20;14399;São Paulo;Botafogo;0;1
2016;14/08/2016;11:30;20;23911;Atlético-PR;Palmeiras;0;1
2016;16/08/2016;01:00;20;11360;Chapecoense;Internacional;1;0
2016;20/08/2016;02:30;21;1191;América-MG;Chapecoense;1;2
2016;21/08/2016;03:00;21;4771;Botafogo;Sport;3;0
2016;21/08/2016;05:00;21;22552;Flamengo;Grêmio;2;1
2016;21/08/2016;05:00;21;29138;Palmeiras;Ponte Preta;2;2
2016;21/08/2016;10:00;21;8279;Santa Cruz;Fluminense;0;1
2016;21/08/2016;10:00;21;2578;Figueirense;Cruzeiro;1;2
2016;21/08/2016;10:00;21;17465;Atlético-MG;Atlético-PR;1;0
2016;22/08/2016;12:00;21;23079;Internacional;São Paulo;1;1
2016;22/08/2016;12:30;21;7972;Coritiba;Santos;2;1
2016;23/08/2016;02:00;21;20207;Corinthians;Vitória;2;1
2016;27/08/2016;10:00;22;8529;Ponte Preta;Corinthians;2;0
2016;28/08/2016;08:00;22;12037;Fluminense;Palmeiras;0;2
2016;28/08/2016;10:00;22;11562;Chapecoense;Flamengo;1;3
2016;28/08/2016;10:00;22;7491;Sport;Internacional;1;1
2016;28/08/2016;10:00;22;46591;Cruzeiro;Santa Cruz;2;0
2016;28/08/2016;10:00;22;30631;Grêmio;Atlético-MG;1;1
2016;28/08/2016;11:00;22;11456;Santos;Figueirense;0;1
2016;29/08/2016;12:30;22;7836;São Paulo;Coritiba;0;0
2016;29/08/2016;12:30;22;8477;Vitória;América-MG;2;1
2016;30/08/2016;02:00;22;11453;Atlético-PR;Botafogo;1;0
2016;07/09/2016;10:00;23;10156;Botafogo;Fluminense;1;0
2016;07/09/2016;10:00;23;5744;Figueirense;Atlético-PR;1;0
2016;07/09/2016;10:00;23;12266;Santa Cruz;Chapecoense;2;2
2016;08/09/2016;01:30;23;13532;Atlético-MG;Vitória;2;1
2016;08/09/2016;03:45;23;39944;Palmeiras;São Paulo;2;1
2016;08/09/2016;03:45;23;8507;Coritiba;Grêmio;4;0
2016;08/09/2016;03:45;23;16358;Flamengo;Ponte Preta;2;1
2016;09/09/2016;01:30;23;24360;Corinthians;Sport;3;0
2016;09/09/2016;03:00;23;34075;Internacional;Santos;2;1
2016;09/09/2016;03:00;23;5651;América-MG;Cruzeiro;0;2
2016;11/09/2016;12:30;24;28387;Vitória;Flamengo;1;2
2016;11/09/2016;05:00;24;27365;São Paulo;Figueirense;3;1
2016;11/09/2016;05:00;24;6101;Chapecoense;Coritiba;1;0
2016;11/09/2016;10:00;24;8610;Santos;Corinthians;2;1
2016;11/09/2016;10:00;24;26611;Cruzeiro;Botafogo;0;2
2016;11/09/2016;10:00;24;12682;Sport;Santa Cruz;5;3
2016;11/09/2016;10:00;24;12756;Atlético-PR;Internacional;2;1
2016;12/09/2016;12:30;24;19514;Grêmio;Palmeiras;0;0
2016;13/09/2016;02:00;24;9004;Fluminense;Atlético-MG;4;2
2016;12/10/2016;12:30;24;4386;Ponte Preta;América-MG;1;1
2016;15/09/2016;01:30;25;11883;Botafogo;Santos;0;1
2016;15/09/2016;01:30;25;3323;Figueirense;América-MG;2;2
2016;15/09/2016;02:45;25;32885;Palmeiras;Flamengo;1;1
2016;15/09/2016;03:00;25;3713;Ponte Preta;Grêmio;3;0
2016;15/09/2016;03:00;25;2471;Santa Cruz;Atlético-PR;1;0
2016;15/09/2016;03:45;25;11893;Coritiba;Corinthians;1;1
2016;16/09/2016;01:30;25;11389;Atlético-MG;Sport;1;0
2016;16/09/2016;01:30;25;8820;Fluminense;Chapecoense;1;2
2016;16/09/2016;03:00;25;15566;São Paulo;Cruzeiro;1;0
2016;16/09/2016;03:00;25;20942;Internacional;Vitória;0;1
2016;17/09/2016;10:00;26;39879;Corinthians;Palmeiras;0;2
2016;18/09/2016;05:00;26;29605;Flamengo;Figueirense;2;0
2016;18/09/2016;10:00;26;43381;Cruzeiro;Atlético-MG;1;1
2016;18/09/2016;10:00;26;12136;Grêmio;Fluminense;0;1
2016;18/09/2016;10:00;26;15216;Atlético-PR;São Paulo;1;0
2016;18/09/2016;10:00;26;6455;Sport;Coritiba;0;1
2016;18/09/2016;10:00;26;2709;Chapecoense;Ponte Preta;2;2
2016;19/09/2016;12:30;26;28700;Santos;Santa Cruz;3;2
2016;19/09/2016;12:30;26;9900;Vitória;Botafogo;0;1
2016;20/09/2016;01:00;26;1737;América-MG;Internacional;1;0
2016;24/09/2016;10:00;27;30962;Palmeiras;Coritiba;2;1
2016;25/09/2016;12:30;27;7934;Sport;Santos;1;0
2016;25/09/2016;03:00;27;1789;América-MG;Botafogo;1;0
2016;25/09/2016;05:00;27;11527;Atlético-PR;Ponte Preta;3;0
2016;25/09/2016;05:00;27;6860;Figueirense;Santa Cruz;3;1
2016;25/09/2016;09:00;27;11152;Grêmio;Chapecoense;1;0
2016;25/09/2016;10:00;27;13780;Flamengo;Cruzeiro;2;1
2016;25/09/2016;10:00;27;19183;Corinthians;Fluminense;0;1
2016;25/09/2016;10:00;27;5651;Vitória;São Paulo;2;0
2016;26/09/2016;12:30;27;20311;Atlético-MG;Internacional;3;1
2016;01/10/2016;05:00;28;7801;Fluminense;Sport;3;1
2016;01/10/2016;09:00;28;10363;Chapecoense;Vitória;1;4
2016;01/10/2016;10:00;28;29813;São Paulo;Flamengo;0;0
2016;01/10/2016;10:00;28;5764;Santos;Atlético-PR;2;0
2016;01/10/2016;10:30;28;9123;Botafogo;Corinthians;2;0
2016;01/10/2016;10:30;28;5779;Ponte Preta;Atlético-MG;1;2
2016;02/10/2016;12:30;28;16618;Cruzeiro;Grêmio;1;0
2016;02/10/2016;03:00;28;34036;Internacional;Figueirense;1;0
2016;04/10/2016;02:00;28;7189;Santa Cruz;Palmeiras;2;3
2016;04/10/2016;03:00;28;9734;Coritiba;América-MG;3;0
2016;06/10/2016;01:30;29;19652;Vitória;Grêmio;0;1
2016;06/10/2016;01:30;29;10553;Atlético-PR;Chapecoense;3;1
2016;06/10/2016;03:00;29;17135;Corinthians;Atlético-MG;0;0
2016;06/10/2016;03:00;29;6263;Santos;Fluminense;2;1
2016;06/10/2016;03:45;29;10301;Sport;São Paulo;1;1
2016;07/10/2016;01:30;29;31431;Internacional;Coritiba;1;0
2016;09/10/2016;03:00;29;15425;Cruzeiro;Ponte Preta;2;0
2016;09/10/2016;11:00;29;21773;Flamengo;Santa Cruz;3;0
2016;09/10/2016;11:00;29;12325;Figueirense;Botafogo;0;1
2016;09/10/2016;11:00;29;27895;América-MG;Palmeiras;0;2
2016;12/10/2016;05:00;30;6104;Chapecoense;Sport;3;0
2016;13/10/2016;01:30;30;12087;Coritiba;Figueirense;0;0
2016;13/10/2016;01:30;30;15709;Palmeiras;Cruzeiro;0;0
2016;13/10/2016;01:30;30;27737;Atlético-MG;América-MG;3;0
2016;13/10/2016;01:30;30;8915;Ponte Preta;Vitória;2;0
2016;13/10/2016;03:00;30;29314;São Paulo;Santos;0;1
2016;13/10/2016;03:00;30;9008;Fluminense;Flamengo;1;2
2016;13/10/2016;03:00;30;16123;Grêmio;Atlético-PR;1;0
2016;13/10/2016;03:45;30;10176;Botafogo;Internacional;1;0
2016;13/10/2016;03:45;30;7947;Santa Cruz;Corinthians;2;4
2016;16/10/2016;09:00;31;14761;Cruzeiro;Chapecoense;0;0
2016;16/10/2016;11:00;31;14595;Botafogo;Atlético-MG;3;2
2016;16/10/2016;11:00;31;31981;Internacional;Flamengo;2;1
2016;16/10/2016;11:00;31;16467;Figueirense;Palmeiras;1;2
2016;16/10/2016;11:00;31;6684;Atlético-PR;Coritiba;2;0
2016;17/10/2016;12:30;31;25741;Corinthians;América-MG;2;0
2016;17/10/2016;12:30;31;10912;Ponte Preta;Santa Cruz;3;0
2016;17/10/2016;01:30;31;7969;Santos;Grêmio;1;1
2016;17/10/2016;01:30;31;24138;Sport;Vitória;1;0
2016;18/10/2016;02:00;31;6664;Fluminense;São Paulo;1;2
2016;20/10/2016;03:45;32;3480;Santa Cruz;Botafogo;0;1
2016;22/10/2016;11:00;32;49673;São Paulo;Ponte Preta;2;0
2016;23/10/2016;11:00;32;54250;Flamengo;Corinthians;2;2
2016;23/10/2016;11:00;32;27489;Vitória;Cruzeiro;0;1
2016;23/10/2016;11:00;32;31107;Palmeiras;Sport;2;1
2016;23/10/2016;11:00;32;53287;Grêmio;Internacional;0;0
2016;24/10/2016;12:30;32;10461;Coritiba;Fluminense;1;1
2016;24/10/2016;01:30;32;14615;Atlético-MG;Figueirense;3;0
2016;24/10/2016;11:30;32;7459;Chapecoense;Santos;0;1
2016;25/10/2016;02:00;32;1315;América-MG;Atlético-PR;1;0
2016;28/10/2016;12:30;33;11613;Sport;Ponte Preta;1;0
2016;28/10/2016;11:30;33;20005;Fluminense;Vitória;2;2
2016;29/10/2016;08:30;33;25064;Corinthians;Chapecoense;1;1
2016;29/10/2016;08:30;33;17702;Atlético-PR;Cruzeiro;1;0
2016;29/10/2016;08:30;33;45952;Atlético-MG;Flamengo;2;2
2016;29/10/2016;10:30;33;15170;Botafogo;Coritiba;0;0
2016;29/10/2016;10:30;33;35376;Internacional;Santa Cruz;1;1
2016;29/10/2016;11:30;33;8431;Figueirense;Grêmio;0;0
2016;29/10/2016;11:30;33;13574;Santos;Palmeiras;1;0
2016;31/10/2016;11:00;33;5014;América-MG;São Paulo;1;0
2016;05/11/2016;08:00;34;49382;Flamengo;Botafogo;0;0
2016;05/11/2016;10:30;34;53781;São Paulo;Corinthians;4;0
2016;06/11/2016;02:00;34;10208;Ponte Preta;Santos;1;2
2016;06/11/2016;08:00;34;31967;Palmeiras;Internacional;1;0
2016;06/11/2016;08:00;34;10068;Cruzeiro;Fluminense;4;2
2016;06/11/2016;08:00;34;7632;Santa Cruz;América-MG;1;0
2016;06/11/2016;08:00;34;21002;Vitória;Atlético-PR;3;2
2016;06/11/2016;10:30;34;11847;Coritiba;Atlético-MG;2;0
2016;06/11/2016;10:30;34;9075;Chapecoense;Figueirense;1;0
2016;07/11/2016;11:00;34;10845;Grêmio;Sport;0;3
2016;15/11/2016;08:00;35;43691;Fluminense;Atlético-PR;1;1
2016;16/11/2016;10:30;35;10170;Botafogo;Chapecoense;0;2
2016;17/11/2016;12:00;35;8055;Coritiba;Santa Cruz;1;0
2016;17/11/2016;12:45;35;5694;Figueirense;Corinthians;1;1
2016;17/11/2016;12:45;35;7420;América-MG;Flamengo;0;1
2016;17/11/2016;12:45;35;10458;Sport;Cruzeiro;0;1
2016;17/11/2016;10:30;35;21933;São Paulo;Grêmio;1;1
2016;17/11/2016;10:30;35;9258;Santos;Vitória;3;2
2016;18/11/2016;12:00;35;14492;Atlético-MG;Palmeiras;1;1
2016;18/11/2016;12:00;35;28774;Internacional;Ponte Preta;1;1
2016;20/11/2016;08:00;36;21576;Atlético-PR;Sport;2;0
2016;20/11/2016;08:00;36;39690;Palmeiras;Botafogo;1;0
2016;20/11/2016;08:00;36;13902;Cruzeiro;Santos;2;2
2016;20/11/2016;08:00;36;4981;Ponte Preta;Fluminense;1;0
2016;20/11/2016;08:00;36;22648;Vitória;Figueirense;4;0
2016;20/11/2016;08:00;36;10765;Grêmio;América-MG;3;0
2016;20/11/2016;10:30;36;40802;Flamengo;Coritiba;2;2
2016;20/11/2016;10:30;36;8163;Chapecoense;São Paulo;2;0
2016;20/11/2016;10:30;36;3221;Santa Cruz;Atlético-MG;3;3
2016;21/11/2016;11:00;36;19493;Corinthians;Internacional;1;0
2016;26/11/2016;11:00;37;2139;América-MG;Sport;2;2
2016;26/11/2016;11:00;37;12069;Botafogo;Ponte Preta;1;1
2016;27/11/2016;12:00;37;24701;Corinthians;Atlético-PR;0;0
2016;27/11/2016;08:00;37;8901;Atlético-MG;São Paulo;1;2
2016;27/11/2016;08:00;37;37615;Flamengo;Santos;2;0
2016;27/11/2016;08:00;37;25352;Internacional;Cruzeiro;1;0
2016;27/11/2016;08:00;37;24701;Palmeiras;Chapecoense;1;0
2016;27/11/2016;10:30;37;1842;Figueirense;Fluminense;1;0
2016;27/11/2016;10:30;37;2227;Santa Cruz;Grêmio;5;1
2016;28/11/2016;11:00;37;12755;Coritiba;Vitória;0;1
2016;11/12/2016;08:00;38;34757;Vitória;Palmeiras;1;2
2016;11/12/2016;08:00;38;3847;Fluminense;Internacional;1;1
2016;11/12/2016;08:00;38;17659;São Paulo;Santa Cruz;5;0
2016;11/12/2016;08:00;38;7531;Santos;América-MG;1;0
2016;11/12/2016;08:00;38;16074;Cruzeiro;Corinthians;3;2
2016;11/12/2016;08:00;38;14101;Grêmio;Botafogo;0;1
2016;11/12/2016;08:00;38;35396;Atlético-PR;Flamengo;0;0
2016;11/12/2016;08:00;38;NULL;Chapecoense;Atlético-MG;0;0
2016;11/12/2016;08:00;38;3095;Ponte Preta;Coritiba;2;0
2016;11/12/2016;08:00;38;9033;Sport;Figueirense;2;0
2017;13/05/2017;09:00;1;50220;Flamengo;Atlético-MG;1;1
2017;14/05/2017;12:00;1;31470;Corinthians;Chapecoense;1;1
2017;14/05/2017;04:00;1;11835;Fluminense;Santos;3;2
2017;14/05/2017;09:00;1;8127;Bahia;Atlético-PR;6;2
2017;14/05/2017;09:00;1;33425;Palmeiras;Vasco da Gama;4;0
2017;14/05/2017;09:00;1;6528;Cruzeiro;São Paulo;1;0
2017;14/05/2017;09:00;1;4798;Avaí;Vitória;0;0
2017;14/05/2017;10:00;1;3104;Ponte Preta;Sport;4;0
2017;15/05/2017;12:00;1;20289;Grêmio;Botafogo;2;0
2017;16/05/2017;01:00;1;11173;Coritiba;Atlético-GO;4;1
2017;20/05/2017;09:00;2;5921;Santos;Coritiba;1;0
2017;21/05/2017;12:00;2;10323;Chapecoense;Palmeiras;1;0
2017;21/05/2017;12:00;2;10144;Atlético-GO;Flamengo;0;3
2017;21/05/2017;04:00;2;19030;Vasco da Gama;Bahia;2;1
2017;21/05/2017;09:00;2;16145;Atlético-MG;Fluminense;1;2
2017;21/05/2017;09:00;2;17244;Atlético-PR;Grêmio;0;2
2017;21/05/2017;09:00;2;16515;Vitória;Corinthians;0;1
2017;21/05/2017;11:00;2;9160;Botafogo;Ponte Preta;2;0
2017;22/05/2017;12:00;2;3484;Sport;Cruzeiro;1;1
2017;23/05/2017;01:00;2;12427;São Paulo;Avaí;2;0
2017;27/05/2017;09:00;3;19082;Vasco da Gama;Fluminense;3;2
2017;28/05/2017;12:00;3;33288;São Paulo;Palmeiras;2;0
2017;28/05/2017;02:00;3;7619;Vitória;Coritiba;0;1
2017;28/05/2017;04:00;3;19553;Atlético-MG;Ponte Preta;2;2
2017;28/05/2017;09:00;3;7025;Santos;Cruzeiro;0;1
2017;28/05/2017;09:00;3;19923;Atlético-PR;Flamengo;1;1
2017;28/05/2017;09:00;3;13712;Atlético-GO;Corinthians;0;1
2017;28/05/2017;11:00;3;3441;Sport;Grêmio;4;3
2017;29/05/2017;12:00;3;7886;Botafogo;Bahia;1;0
2017;30/05/2017;01:00;3;6188;Chapecoense;Avaí;2;0
2017;03/06/2017;10:00;4;15442;Coritiba;Atlético-PR;1;0
2017;04/06/2017;12:00;4;13801;Fluminense;Vitória;2;1
2017;04/06/2017;01:00;4;40169;Corinthians;Santos;2;0
2017;04/06/2017;05:00;4;10577;Flamengo;Botafogo;0;0
2017;04/06/2017;05:00;4;4646;Avaí;Sport;1;0
2017;04/06/2017;10:00;4;34240;Palmeiras;Atlético-MG;0;0
2017;04/06/2017;10:00;4;22579;Grêmio;Vasco da Gama;2;0
2017;04/06/2017;10:00;4;5711;Ponte Preta;São Paulo;1;0
2017;05/06/2017;01:00;4;16591;Cruzeiro;Chapecoense;0;2
2017;06/06/2017;02:00;4;13364;Bahia;Atlético-GO;3;0
2017;07/06/2017;02:00;5;13029;Fluminense;Atlético-PR;1;1
2017;08/06/2017;01:30;5;12648;Atlético-MG;Avaí;1;0
2017;08/06/2017;01:30;5;17784;Coritiba;Palmeiras;1;0
2017;08/06/2017;03:00;5;14486;Santos;Botafogo;1;0
2017;08/06/2017;03:45;5;16288;Vasco da Gama;Corinthians;2;5
2017;08/06/2017;03:45;5;12617;Sport;Flamengo;2;0
2017;09/06/2017;01:30;5;12536;São Paulo;Vitória;2;0
2017;09/06/2017;01:30;5;1818;Atlético-GO;Ponte Preta;3;0
2017;09/06/2017;02:00;5;14403;Chapecoense;Grêmio;3;6
2017;09/06/2017;03:00;5;18917;Bahia;Cruzeiro;1;0
2017;10/06/2017;09:00;6;33066;Palmeiras;Fluminense;3;1
2017;11/06/2017;12:00;6;10273;Vasco da Gama;Sport;2;1
2017;11/06/2017;04:00;6;17537;Botafogo;Coritiba;2;2
2017;11/06/2017;09:00;6;42443;Corinthians;São Paulo;3;2
2017;11/06/2017;09:00;6;6812;Vitória;Atlético-MG;2;0
2017;11/06/2017;09:00;6;4105;Ponte Preta;Chapecoense;3;2
2017;11/06/2017;09:00;6;13446;Avaí;Flamengo;1;1
2017;11/06/2017;11:30;6;7263;Cruzeiro;Atlético-GO;2;0
2017;12/06/2017;12:00;6;20493;Atlético-PR;Santos;0;2
2017;13/06/2017;01:00;6;22103;Grêmio;Bahia;1;0
2017;15/06/2017;12:30;7;10924;Atlético-MG;Atlético-PR;0;1
2017;15/06/2017;12:30;7;11904;Sport;São Paulo;0;0
2017;15/06/2017;12:30;7;8877;Vitória;Botafogo;2;2
2017;15/06/2017;12:30;7;2572;Atlético-GO;Avaí;3;1
2017;15/06/2017;02:00;7;13981;Flamengo;Ponte Preta;2;0
2017;15/06/2017;02:45;7;10143;Santos;Palmeiras;1;0
2017;15/06/2017;02:45;7;30465;Corinthians;Cruzeiro;1;0
2017;15/06/2017;02:45;7;10033;Chapecoense;Vasco da Gama;2;1
2017;15/06/2017;09:00;7;19534;Coritiba;Bahia;0;0
2017;16/06/2017;02:00;7;10273;Fluminense;Grêmio;0;2
2017;17/06/2017;09:00;8;4420;Atlético-GO;Atlético-PR;0;1
2017;18/06/2017;12:00;8;10993;Vasco da Gama;Avaí;1;0
2017;18/06/2017;02:00;8;19984;Santos;Ponte Preta;0;0
2017;18/06/2017;04:00;8;23824;Coritiba;Corinthians;0;0
2017;18/06/2017;09:00;8;14632;Fluminense;Flamengo;2;2
2017;18/06/2017;09:00;8;22704;São Paulo;Atlético-MG;1;2
2017;18/06/2017;09:00;8;33621;Bahia;Palmeiras;2;4
2017;18/06/2017;09:00;8;11603;Chapecoense;Botafogo;0;2
2017;19/06/2017;12:00;8;7135;Sport;Vitória;1;3
2017;20/06/2017;01:00;8;17327;Cruzeiro;Grêmio;3;3
2017;22/06/2017;12:30;9;8179;Vitória;Santos;0;2
2017;22/06/2017;02:00;9;29014;Palmeiras;Atlético-GO;1;0
2017;22/06/2017;02:00;9;15048;Botafogo;Vasco da Gama;3;1
2017;22/06/2017;02:45;9;12027;Atlético-MG;Sport;2;2
2017;22/06/2017;02:45;9;19150;Atlético-PR;São Paulo;1;0
2017;22/06/2017;02:45;9;5239;Avaí;Fluminense;0;3
2017;23/06/2017;12:30;9;4465;Ponte Preta;Cruzeiro;1;0
2017;23/06/2017;12:30;9;34250;Corinthians;Bahia;3;0
2017;23/06/2017;02:00;9;14632;Flamengo;Chapecoense;5;1
2017;23/06/2017;02:00;9;19035;Grêmio;Coritiba;2;0
2017;25/06/2017;12:00;10;7272;Santos;Sport;0;1
2017;25/06/2017;04:00;10;20658;Vasco da Gama;Atlético-GO;1;0
2017;25/06/2017;09:00;10;17742;São Paulo;Fluminense;1;1
2017;25/06/2017;09:00;10;11770;Cruzeiro;Coritiba;2;0
2017;25/06/2017;09:00;10;17784;Atlético-PR;Vitória;4;1
2017;25/06/2017;09:00;10;54022;Grêmio;Corinthians;0;1
2017;25/06/2017;09:00;10;6051;Ponte Preta;Palmeiras;1;2
2017;25/06/2017;11:30;10;21929;Bahia;Flamengo;0;1
2017;26/06/2017;12:00;10;8502;Chapecoense;Atlético-MG;0;1
2017;27/06/2017;01:00;10;22819;Botafogo;Avaí;0;2
2017;01/07/2017;09:00;11;29075;Palmeiras;Grêmio;1;0
2017;02/07/2017;12:00;11;5898;Atlético-GO;Santos;1;1
2017;02/07/2017;09:00;11;17302;Flamengo;São Paulo;2;0
2017;02/07/2017;09:00;11;40341;Corinthians;Botafogo;1;0
2017;02/07/2017;09:00;11;17251;Atlético-MG;Cruzeiro;3;1
2017;02/07/2017;09:00;11;11031;Sport;Atlético-PR;1;0
2017;02/07/2017;09:00;11;10741;Vitória;Bahia;0;0
2017;03/07/2017;12:00;11;5899;Avaí;Ponte Preta;0;0
2017;03/07/2017;12:00;11;8020;Coritiba;Vasco da Gama;2;2
2017;04/07/2017;01:00;11;7536;Fluminense;Chapecoense;3;3
2017;08/07/2017;09:00;12;2857;Atlético-GO;Vitória;1;2
2017;08/07/2017;11:00;12;19622;Vasco da Gama;Flamengo;0;1
2017;09/07/2017;12:00;12;32877;Corinthians;Ponte Preta;2;0
2017;09/07/2017;04:00;12;9689;Chapecoense;Atlético-PR;1;1
2017;09/07/2017;09:00;12;18267;Bahia;Fluminense;1;1
2017;09/07/2017;09:00;12;19090;Cruzeiro;Palmeiras;3;1
2017;09/07/2017;09:00;12;29268;Grêmio;Avaí;0;2
2017;10/07/2017;12:00;12;8443;Botafogo;Atlético-MG;1;1
2017;10/07/2017;12:00;12;10322;Santos;São Paulo;3;2
2017;11/07/2017;01:00;12;14084;Coritiba;Sport;0;3
2017;13/07/2017;12:30;13;12949;Atlético-MG;Santos;0;1
2017;13/07/2017;12:30;13;4181;Ponte Preta;Bahia;0;3
2017;13/07/2017;02:00;13;14851;Fluminense;Botafogo;0;1
2017;13/07/2017;02:45;13;15984;Atlético-PR;Cruzeiro;0;2
2017;13/07/2017;02:45;13;39091;Palmeiras;Corinthians;0;2
2017;13/07/2017;02:45;13;5548;Vitória;Vasco da Gama;1;4
2017;14/07/2017;12:30;13;18204;Flamengo;Grêmio;0;1
2017;14/07/2017;12:30;13;31333;São Paulo;Atlético-GO;2;2
2017;14/07/2017;12:30;13;25861;Sport;Chapecoense;3;0
2017;14/07/2017;02:00;13;6776;Avaí;Coritiba;1;4
2017;16/07/2017;12:00;14;41458;Corinthians;Atlético-PR;2;2
2017;16/07/2017;04:00;14;36263;Palmeiras;Vitória;4;2
2017;16/07/2017;09:00;14;0;Vasco da Gama;Santos;0;0
2017;16/07/2017;09:00;14;43480;Cruzeiro;Flamengo;1;1
2017;16/07/2017;09:00;14;10742;Chapecoense;São Paulo;2;0
2017;16/07/2017;09:00;14;19292;Grêmio;Ponte Preta;3;1
2017;16/07/2017;09:00;14;5235;Atlético-GO;Atlético-MG;1;2
2017;17/07/2017;12:00;14;11686;Coritiba;Fluminense;1;2
2017;17/07/2017;12:00;14;12389;Bahia;Avaí;1;1
2017;18/07/2017;01:00;14;17313;Botafogo;Sport;2;1
2017;20/07/2017;12:30;15;5533;Santos;Chapecoense;1;0
2017;20/07/2017;12:30;15;5541;Vitória;Grêmio;1;3
2017;20/07/2017;02:00;15;3832;Ponte Preta;Coritiba;4;0
2017;20/07/2017;02:00;15;10671;Avaí;Corinthians;0;0
2017;20/07/2017;02:45;15;15103;Flamengo;Palmeiras;2;2
2017;20/07/2017;02:45;15;22574;São Paulo;Vasco da Gama;1;0
2017;20/07/2017;02:45;15;12177;Atlético-MG;Bahia;0;2
2017;21/07/2017;12:30;15;4757;Fluminense;Cruzeiro;1;1
2017;21/07/2017;01:00;15;9748;Sport;Atlético-GO;4;0
2017;21/07/2017;02:00;15;15134;Atlético-PR;Botafogo;0;0
2017;22/07/2017;09:00;16;5433;Vitória;Chapecoense;1;2
2017;23/07/2017;12:00;16;13014;Flamengo;Coritiba;2;1
2017;23/07/2017;04:00;16;35769;Santos;Bahia;3;0
2017;23/07/2017;09:00;16;6773;Avaí;Cruzeiro;1;0
2017;23/07/2017;09:00;16;23863;Fluminense;Corinthians;0;1
2017;23/07/2017;09:00;16;42025;Sport;Palmeiras;0;2
2017;24/07/2017;12:00;16;5462;Atlético-GO;Botafogo;1;1
2017;24/07/2017;12:00;16;12497;Atlético-MG;Vasco da Gama;1;2
2017;24/07/2017;12:00;16;13661;Atlético-PR;Ponte Preta;0;2
2017;25/07/2017;01:00;16;51511;São Paulo;Grêmio;1;1
2017;29/07/2017;09:00;17;17139;Botafogo;São Paulo;3;4
2017;30/07/2017;12:01;17;33633;Palmeiras;Avaí;2;0
2017;30/07/2017;04:00;17;9744;Chapecoense;Atlético-GO;1;2
2017;30/07/2017;09:00;17;17869;Bahia;Sport;1;3
2017;30/07/2017;09:00;17;12498;Coritiba;Atlético-MG;0;2
2017;30/07/2017;09:00;17;45110;Corinthians;Flamengo;1;1
2017;31/07/2017;12:01;17;12471;Cruzeiro;Vitória;0;0
2017;31/07/2017;12:01;17;32251;Grêmio;Santos;1;1
2017;01/08/2017;01:00;17;7245;Vasco da Gama;Atlético-PR;0;1
2017;10/08/2017;01:00;17;5977;Ponte Preta;Fluminense;0;0
2017;03/08/2017;12:30;18;16918;Sport;Fluminense;2;2
2017;03/08/2017;12:30;18;3466;Chapecoense;Bahia;1;1
2017;03/08/2017;02:00;18;45259;Atlético-MG;Corinthians;0;2
2017;03/08/2017;02:00;18;5247;Vitória;Ponte Preta;3;1
2017;03/08/2017;02:45;18;7517;Botafogo;Palmeiras;1;2
2017;03/08/2017;02:45;18;27030;Santos;Flamengo;3;2
2017;03/08/2017;02:45;18;4142;Atlético-GO;Grêmio;0;1
2017;04/08/2017;12:30;18;53635;São Paulo;Coritiba;1;2
2017;04/08/2017;12:30;18;14040;Atlético-PR;Avaí;5;0
2017;04/08/2017;01:00;18;5780;Vasco da Gama;Cruzeiro;0;3
2017;06/08/2017;12:00;19;41279;Corinthians;Sport;3;1
2017;06/08/2017;12:00;19;27278;Fluminense;Atlético-GO;3;1
2017;06/08/2017;04:00;19;18133;Flamengo;Vitória;0;2
2017;06/08/2017;09:00;19;29778;Palmeiras;Atlético-PR;0;1
2017;06/08/2017;09:00;19;22691;Cruzeiro;Botafogo;0;0
2017;06/08/2017;09:00;19;12871;Coritiba;Chapecoense;2;0
2017;06/08/2017;09:00;19;24866;Grêmio;Atlético-MG;2;0
2017;06/08/2017;09:00;19;24517;Bahia;São Paulo;2;1
2017;07/08/2017;12:00;19;6310;Ponte Preta;Vasco da Gama;0;0
2017;07/08/2017;12:00;19;5803;Avaí;Santos;0;0
2017;12/08/2017;09:00;20;1035;Atlético-GO;Coritiba;1;0
2017;13/08/2017;12:00;20;10981;Vitória;Avaí;0;1
2017;13/08/2017;04:00;20;56052;São Paulo;Cruzeiro;3;2
2017;13/08/2017;09:00;20;5323;Vasco da Gama;Palmeiras;1;1
2017;13/08/2017;09:00;20;11031;Atlético-MG;Flamengo;2;0
2017;13/08/2017;09:00;20;12967;Sport;Ponte Preta;0;0
2017;14/08/2017;12:00;20;13963;Atlético-PR;Bahia;4;1
2017;14/08/2017;12:00;20;6352;Botafogo;Grêmio;1;0
2017;15/08/2017;01:00;20;22018;Santos;Fluminense;0;0
2017;24/08/2017;12:30;20;15831;Chapecoense;Corinthians;0;1
2017;19/08/2017;09:00;21;42075;Corinthians;Vitória;0;1
2017;20/08/2017;12:00;21;7082;Flamengo;Atlético-GO;2;0
2017;20/08/2017;04:00;21;15369;Grêmio;Atlético-PR;0;0
2017;20/08/2017;09:00;21;7765;Cruzeiro;Sport;2;0
2017;20/08/2017;09:00;21;22248;Bahia;Vasco da Gama;3;0
2017;20/08/2017;09:00;21;3208;Ponte Preta;Botafogo;2;1
2017;20/08/2017;09:00;21;9269;Avaí;São Paulo;1;1
2017;21/08/2017;12:00;21;21261;Palmeiras;Chapecoense;0;2
2017;21/08/2017;12:00;21;8426;Coritiba;Santos;0;0
2017;22/08/2017;01:00;21;10412;Fluminense;Atlético-MG;2;1
2017;26/08/2017;12:00;22;19295;Grêmio;Sport;5;0
2017;26/08/2017;09:00;22;23460;Fluminense;Vasco da Gama;0;1
2017;27/08/2017;12:00;22;40811;Corinthians;Atlético-GO;0;1
2017;27/08/2017;09:00;22;10199;Flamengo;Atlético-PR;2;0
2017;27/08/2017;09:00;22;33537;Palmeiras;São Paulo;4;2
2017;27/08/2017;09:00;22;22585;Bahia;Botafogo;1;2
2017;27/08/2017;09:00;22;5779;Ponte Preta;Atlético-MG;1;2
2017;28/08/2017;12:00;22;12055;Cruzeiro;Santos;1;1
2017;28/08/2017;12:00;22;5955;Avaí;Chapecoense;1;0
2017;29/08/2017;01:00;22;10609;Coritiba;Vitória;0;1
2017;09/09/2017;09:00;23;15672;Atlético-MG;Palmeiras;1;1
2017;09/09/2017;11:00;23;0;Vasco da Gama;Grêmio;1;0
2017;10/09/2017;12:00;23;43724;São Paulo;Ponte Preta;2;2
2017;10/09/2017;04:00;23;17420;Atlético-PR;Coritiba;1;1
2017;10/09/2017;09:00;23;12567;Santos;Corinthians;2;0
2017;10/09/2017;09:00;23;9870;Sport;Avaí;0;1
2017;10/09/2017;09:00;23;12444;Vitória;Fluminense;2;2
2017;11/09/2017;12:00;23;6311;Botafogo;Flamengo;2;0
2017;11/09/2017;12:00;23;9676;Chapecoense;Cruzeiro;1;2
2017;12/09/2017;01:00;23;3818;Atlético-GO;Bahia;1;1
2017;17/09/2017;12:00;24;5780;Botafogo;Santos;2;0
2017;17/09/2017;02:00;24;5264;Ponte Preta;Atlético-GO;1;3
2017;17/09/2017;04:00;24;9527;Avaí;Atlético-MG;1;1
2017;17/09/2017;09:00;24;9029;Flamengo;Sport;2;0
2017;17/09/2017;09:00;24;41235;Corinthians;Vasco da Gama;1;0
2017;17/09/2017;09:00;24;13404;Atlético-PR;Fluminense;3;1
2017;17/09/2017;09:00;24;14618;Grêmio;Chapecoense;0;1
2017;17/09/2017;09:00;24;12805;Vitória;São Paulo;1;2
2017;18/09/2017;12:00;24;14384;Cruzeiro;Bahia;1;0
2017;19/09/2017;01:00;24;26621;Palmeiras;Coritiba;1;0
2017;24/09/2017;12:00;25;9584;Flamengo;Avaí;1;1
2017;24/09/2017;02:00;25;4257;Santos;Atlético-PR;1;0
2017;24/09/2017;04:00;25;61142;São Paulo;Corinthians;1;1
2017;24/09/2017;09:00;25;13145;Fluminense;Palmeiras;0;1
2017;24/09/2017;09:00;25;9045;Coritiba;Botafogo;2;3
2017;24/09/2017;09:00;25;5237;Atlético-GO;Cruzeiro;1;2
2017;24/09/2017;09:00;25;9980;Chapecoense;Ponte Preta;1;0
2017;25/09/2017;12:00;25;10865;Atlético-MG;Vitória;1;3
2017;25/09/2017;12:00;25;13102;Bahia;Grêmio;1;0
2017;26/09/2017;01:00;25;17190;Sport;Vasco da Gama;1;1
2017;30/09/2017;09:00;26;21327;Bahia;Coritiba;1;1
2017;30/09/2017;09:00;26;0;Vasco da Gama;Chapecoense;1;1
2017;01/10/2017;12:00;26;37527;Palmeiras;Santos;0;1
2017;01/10/2017;09:00;26;43071;São Paulo;Sport;1;0
2017;01/10/2017;09:00;26;14780;Botafogo;Vitória;2;3
2017;01/10/2017;09:00;26;7872;Avaí;Atlético-GO;0;2
2017;01/10/2017;09:00;26;29556;Cruzeiro;Corinthians;1;1
2017;01/10/2017;09:00;26;15727;Grêmio;Fluminense;1;0
2017;02/10/2017;12:00;26;13177;Atlético-PR;Atlético-MG;0;2
2017;03/10/2017;01:00;26;11133;Ponte Preta;Flamengo;1;0
2017;12/10/2017;12:30;27;7537;Atlético-PR;Atlético-GO;2;2
2017;12/10/2017;12:30;27;7613;Botafogo;Chapecoense;2;1
2017;12/10/2017;02:00;27;36439;Corinthians;Coritiba;3;1
2017;12/10/2017;02:45;27;17606;Atlético-MG;São Paulo;1;0
2017;12/10/2017;02:45;27;8952;Avaí;Vasco da Gama;1;2
2017;12/10/2017;02:45;27;9217;Grêmio;Cruzeiro;0;1
2017;12/10/2017;10:00;27;38629;Flamengo;Fluminense;1;1
2017;12/10/2017;10:00;27;13983;Ponte Preta;Santos;1;1
2017;12/10/2017;10:00;27;17538;Vitória;Sport;1;2
2017;13/10/2017;02:00;27;25331;Palmeiras;Bahia;2;2
2017;07/10/2017;09:00;28;15397;Cruzeiro;Ponte Preta;2;1
2017;15/10/2017;12:00;28;31406;Vasco da Gama;Botafogo;1;0
2017;15/10/2017;02:00;28;26833;São Paulo;Atlético-PR;2;1
2017;15/10/2017;09:00;28;12619;Atlético-GO;Palmeiras;1;3
2017;15/10/2017;09:00;28;10484;Chapecoense;Flamengo;0;1
2017;15/10/2017;09:00;28;18006;Fluminense;Avaí;1;0
2017;15/10/2017;09:00;28;20273;Sport;Atlético-MG;1;1
2017;15/10/2017;11:00;28;23413;Bahia;Corinthians;2;0
2017;15/10/2017;11:00;28;14802;Coritiba;Grêmio;0;1
2017;17/10/2017;12:00;28;19007;Santos;Vitória;2;2
2017;18/10/2017;12:00;29;6470;Coritiba;Cruzeiro;1;0
2017;18/10/2017;12:00;29;9046;Atlético-GO;Vasco da Gama;0;1
2017;18/10/2017;12:00;29;11927;Atlético-MG;Chapecoense;2;3
2017;18/10/2017;12:00;29;22999;Fluminense;São Paulo;3;1
2017;18/10/2017;12:00;29;40008;Corinthians;Grêmio;0;0
2017;18/10/2017;12:00;29;5156;Avaí;Botafogo;1;1
2017;20/10/2017;12:00;29;17778;Palmeiras;Ponte Preta;2;0
2017;20/10/2017;12:00;29;8311;Vitória;Atlético-PR;2;3
2017;20/10/2017;01:00;29;8282;Flamengo;Bahia;4;1
2017;20/10/2017;01:00;29;16377;Sport;Santos;1;1
2017;21/10/2017;09:00;30;30351;Vasco da Gama;Coritiba;1;1
2017;22/10/2017;09:00;30;4245;Santos;Atlético-GO;1;0
2017;22/10/2017;09:00;30;32965;São Paulo;Flamengo;2;0
2017;22/10/2017;09:00;30;35921;Cruzeiro;Atlético-MG;1;3
2017;22/10/2017;09:00;30;10407;Atlético-PR;Sport;2;1
2017;22/10/2017;09:00;30;18388;Grêmio;Palmeiras;1;3
2017;22/10/2017;09:00;30;31185;Bahia;Vitória;2;1
2017;22/10/2017;11:00;30;4009;Ponte Preta;Avaí;1;2
2017;22/10/2017;11:00;30;10010;Chapecoense;Fluminense;2;0
2017;24/10/2017;12:00;30;8466;Botafogo;Corinthians;2;1
2017;28/10/2017;09:00;31;40004;São Paulo;Santos;2;1
2017;28/10/2017;11:00;31;24800;Flamengo;Vasco da Gama;0;0
2017;29/10/2017;01:00;31;10529;Atlético-PR;Chapecoense;0;0
2017;29/10/2017;08:00;31;12841;Fluminense;Bahia;1;1
2017;29/10/2017;08:00;31;17086;Atlético-MG;Botafogo;0;0
2017;29/10/2017;08:00;31;13121;Ponte Preta;Corinthians;1;0
2017;29/10/2017;09:00;31;13686;Vitória;Atlético-GO;1;1
2017;29/10/2017;09:00;31;9982;Sport;Coritiba;3;4
2017;29/10/2017;10:00;31;9880;Avaí;Grêmio;2;2
2017;30/10/2017;11:00;31;37961;Palmeiras;Cruzeiro;2;2
2017;04/11/2017;08:00;32;11418;Santos;Atlético-MG;3;1
2017;04/11/2017;10:00;32;11776;Botafogo;Fluminense;1;2
2017;04/11/2017;10:00;32;17697;Atlético-GO;São Paulo;0;1
2017;05/11/2017;12:00;32;20068;Coritiba;Avaí;4;0
2017;05/11/2017;08:00;32;46493;Corinthians;Palmeiras;3;2
2017;05/11/2017;08:00;32;10845;Cruzeiro;Atlético-PR;1;0
2017;05/11/2017;08:00;32;19963;Grêmio;Flamengo;3;1
2017;05/11/2017;09:00;32;20539;Bahia;Ponte Preta;2;0
2017;05/11/2017;10:00;32;10654;Chapecoense;Sport;1;1
2017;05/11/2017;10:00;32;15811;Vasco da Gama;Vitória;1;1
2017;08/11/2017;10:30;33;4412;Avaí;Bahia;1;2
2017;08/11/2017;10:30;33;6226;Ponte Preta;Grêmio;0;1
2017;09/11/2017;12:00;33;19394;Atlético-PR;Corinthians;0;1
2017;09/11/2017;12:00;33;24119;Sport;Botafogo;1;2
2017;09/11/2017;12:45;33;7111;Flamengo;Cruzeiro;2;0
2017;09/11/2017;12:45;33;7841;Santos;Vasco da Gama;1;2
2017;09/11/2017;12:45;33;15514;Vitória;Palmeiras;3;1
2017;09/11/2017;11:00;33;8204;Atlético-MG;Atlético-GO;3;2
2017;09/11/2017;11:00;33;35037;São Paulo;Chapecoense;2;2
2017;10/11/2017;12:00;33;10908;Fluminense;Coritiba;2;2
2017;11/11/2017;08:00;34;8399;Botafogo;Atlético-PR;0;1
2017;11/11/2017;10:00;34;42732;Corinthians;Avaí;1;0
2017;12/11/2017;08:00;34;338;Atlético-GO;Sport;2;0
2017;12/11/2017;08:00;34;14021;Grêmio;Vitória;1;1
2017;12/11/2017;08:00;34;27831;Palmeiras;Flamengo;2;0
2017;12/11/2017;08:00;34;16439;Vasco da Gama;São Paulo;1;1
2017;12/11/2017;09:00;34;29769;Bahia;Atlético-MG;2;2
2017;12/11/2017;10:00;34;8644;Cruzeiro;Fluminense;3;1
2017;12/11/2017;10:00;34;20596;Coritiba;Ponte Preta;1;1
2017;13/11/2017;11:00;34;11301;Chapecoense;Santos;2;0
2017;15/11/2017;08:00;35;5997;Ponte Preta;Atlético-PR;2;1
2017;15/11/2017;10:30;35;22644;Grêmio;São Paulo;1;0
2017;15/11/2017;10:30;35;9259;Cruzeiro;Avaí;2;2
2017;16/11/2017;12:45;35;46189;Corinthians;Fluminense;3;1
2017;16/11/2017;12:45;35;11486;Vasco da Gama;Atlético-MG;1;1
2017;16/11/2017;11:00;35;10118;Botafogo;Atlético-GO;1;2
2017;16/11/2017;11:00;35;7546;Chapecoense;Vitória;2;1
2017;16/11/2017;11:00;35;18744;Palmeiras;Sport;5;1
2017;17/11/2017;12:00;35;22896;Bahia;Santos;3;1
2017;17/11/2017;12:00;35;15820;Coritiba;Flamengo;1;0
2017;19/11/2017;08:00;36;2280;Atlético-GO;Chapecoense;1;1
2017;19/11/2017;08:00;36;13491;Flamengo;Corinthians;3;0
2017;19/11/2017;08:00;36;25771;São Paulo;Botafogo;0;0
2017;19/11/2017;08:00;36;14697;Sport;Bahia;1;0
2017;19/11/2017;08:00;36;14315;Vitória;Cruzeiro;1;1
2017;19/11/2017;10:00;36;19719;Atlético-MG;Coritiba;3;0
2017;19/11/2017;10:00;36;9991;Atlético-PR;Vasco da Gama;3;1
2017;19/11/2017;10:00;36;4206;Santos;Grêmio;1;0
2017;20/11/2017;08:00;36;17606;Fluminense;Ponte Preta;2;0
2017;20/11/2017;11:00;36;11082;Avaí;Palmeiras;2;1
2017;25/11/2017;08:00;37;12819;Fluminense;Sport;1;2
2017;26/11/2017;08:00;37;13394;Avaí;Atlético-PR;1;0
2017;26/11/2017;08:00;37;46369;Corinthians;Atlético-MG;2;2
2017;26/11/2017;08:00;37;38059;Coritiba;São Paulo;1;2
2017;26/11/2017;08:00;37;14930;Cruzeiro;Vasco da Gama;0;1
2017;26/11/2017;08:00;37;8259;Grêmio;Atlético-GO;1;1
2017;26/11/2017;08:00;37;12862;Ponte Preta;Vitória;2;3
2017;26/11/2017;10:00;37;35437;Bahia;Chapecoense;0;1
2017;26/11/2017;10:00;37;15456;Flamengo;Santos;1;2
2017;27/11/2017;11:00;37;23562;Palmeiras;Botafogo;2;0
2017;03/12/2017;08:00;38;2996;Atlético-GO;Fluminense;1;1
2017;03/12/2017;08:00;38;19116;Atlético-MG;Grêmio;4;3
2017;03/12/2017;08:00;38;12879;Atlético-PR;Palmeiras;3;0
2017;03/12/2017;08:00;38;18354;Botafogo;Cruzeiro;2;2
2017;03/12/2017;08:00;38;12913;Chapecoense;Coritiba;2;1
2017;03/12/2017;08:00;38;7539;Santos;Avaí;1;1
2017;03/12/2017;08:00;38;60485;São Paulo;Bahia;1;1
2017;03/12/2017;08:00;38;29977;Sport;Corinthians;1;0
2017;03/12/2017;08:00;38;22076;Vasco da Gama;Ponte Preta;2;1
2017;03/12/2017;08:00;38;30140;Vitória;Flamengo;1;2
2018;14/04/2018;09:00;1;19285;Cruzeiro;Grêmio;0;1
2018;15/04/2018;12:01;1;13142;Vitória;Flamengo;2;2
2018;15/04/2018;02:00;1;15513;Santos;Ceará ;2;0
2018;15/04/2018;04:00;1;8662;América-MG;Sport;3;0
2018;15/04/2018;09:00;1;28777;Corinthians;Fluminense;2;1
2018;15/04/2018;09:00;1;22235;Internacional;Bahia;2;0
2018;15/04/2018;09:00;1;7197;Vasco da Gama;Atlético-MG;2;1
2018;16/04/2018;12:01;1;9258;Atlético-PR;Chapecoense;5;1
2018;17/04/2018;01:00;1;8033;Botafogo;Palmeiras;1;1
2018;17/04/2018;01:00;1;11327;São Paulo;Paraná;1;0
2018;21/04/2018;09:00;2;15588;Bahia;Santos;1;0
2018;22/04/2018;12:00;2;52106;Flamengo;América-MG;2;0
2018;22/04/2018;04:00;2;16772;Paraná;Corinthians;0;4
2018;22/04/2018;09:00;2;10423;Atlético-MG;Vitória;2;1
2018;22/04/2018;09:00;2;8675;Chapecoense;Vasco da Gama;1;1
2018;22/04/2018;09:00;2;10018;Fluminense;Cruzeiro;1;0
2018;22/04/2018;09:00;2;30186;Ceará ;São Paulo;0;0
2018;22/04/2018;09:00;2;25504;Palmeiras;Internacional;1;0
2018;23/04/2018;12:00;2;23894;Grêmio;Atlético-PR;0;0
2018;24/04/2018;01:00;2;7083;Sport;Botafogo;1;1
2018;28/04/2018;09:00;3;10748;Botafogo;Grêmio;2;1
2018;29/04/2018;09:00;3;19825;Atlético-MG;Corinthians;1;0
2018;29/04/2018;09:00;3;8490;Paraná;Sport;1;2
2018;29/04/2018;09:00;3;16313;Bahia;Atlético-PR;0;0
2018;29/04/2018;09:00;3;19235;Fluminense;São Paulo;1;1
2018;29/04/2018;09:00;3;52952;Ceará ;Flamengo;0;3
2018;29/04/2018;09:00;3;30617;Palmeiras;Chapecoense;0;0
2018;30/04/2018;12:00;3;18470;Internacional;Cruzeiro;0;0
2018;01/05/2018;01:00;3;9453;América-MG;Vitória;2;1
2018;28/09/2018;01:00;3;12985;Santos;Vasco da Gama;1;1
2018;06/05/2018;12:00;4;3311;Vasco da Gama;América-MG;4;1
2018;06/05/2018;12:00;4;31976;São Paulo;Atlético-MG;2;2
2018;06/05/2018;04:00;4;40350;Corinthians;Ceará ;1;1
2018;06/05/2018;09:00;4;20908;Cruzeiro;Botafogo;1;0
2018;06/05/2018;09:00;4;20417;Atlético-PR;Palmeiras;1;3
2018;06/05/2018;09:00;4;7030;Vitória;Fluminense;1;2
2018;06/05/2018;09:00;4;60182;Flamengo;Internacional;2;0
2018;07/05/2018;12:00;4;15165;Sport;Bahia;2;0
2018;07/05/2018;12:01;4;27844;Grêmio;Santos;5;1
2018;08/05/2018;01:00;4;7838;Chapecoense;Paraná;1;1
2018;12/05/2018;09:00;5;51870;Grêmio;Internacional;0;0
2018;13/05/2018;04:00;5;21907;Cruzeiro;Sport;2;0
2018;13/05/2018;09:00;5;35246;Corinthians;Palmeiras;1;0
2018;13/05/2018;09:00;5;3542;Vasco da Gama;Vitória;2;3
2018;13/05/2018;09:00;5;10931;Chapecoense;Flamengo;3;2
2018;13/05/2018;09:00;5;8400;Atlético-PR;Atlético-MG;1;2
2018;13/05/2018;09:00;5;20847;Bahia;São Paulo;2;2
2018;14/05/2018;12:00;5;3971;Santos;Paraná;3;1
2018;15/05/2018;01:00;5;10382;Botafogo;Fluminense;2;1
2018;15/05/2018;01:00;5;13898;Ceará ;América-MG;2;2
2018;19/05/2018;09:00;6;15384;Atlético-MG;Cruzeiro;1;0
2018;20/05/2018;12:00;6;35208;Flamengo;Vasco da Gama;1;1
2018;20/05/2018;02:00;6;26351;Palmeiras;Bahia;3;0
2018;20/05/2018;04:00;6;8371;Vitória;Ceará ;2;1
2018;20/05/2018;09:00;6;8639;Paraná;Grêmio;0;0
2018;20/05/2018;09:00;6;4689;América-MG;Botafogo;1;0
2018;20/05/2018;09:00;6;40465;São Paulo;Santos;1;0
2018;20/05/2018;09:00;6;28942;Sport;Corinthians;1;1
2018;21/05/2018;12:00;6;9172;Fluminense;Atlético-PR;2;0
2018;22/05/2018;01:00;6;17740;Internacional;Chapecoense;3;0
2018;26/05/2018;09:00;7;14541;Fluminense;Chapecoense;3;1
2018;27/05/2018;12:00;7;25947;Palmeiras;Sport;2;3
2018;27/05/2018;02:00;7;15797;Atlético-MG;Flamengo;0;1
2018;27/05/2018;04:00;7;7450;Paraná;Atlético-PR;0;0
2018;27/05/2018;09:00;7;5857;Botafogo;Vitória;1;1
2018;27/05/2018;09:00;7;15031;Bahia;Vasco da Gama;3;0
2018;27/05/2018;09:00;7;10670;Santos;Cruzeiro;0;1
2018;27/05/2018;09:00;7;30791;Internacional;Corinthians;2;1
2018;28/05/2018;12:00;7;14012;Ceará ;Grêmio;0;1
2018;28/05/2018;12:00;7;4360;América-MG;São Paulo;1;3
2018;31/05/2018;12:30;8;4584;Vasco da Gama;Paraná;1;0
2018;31/05/2018;12:30;8;15605;Sport;Atlético-MG;3;2
2018;31/05/2018;12:30;8;5749;Vitória;Internacional;2;3
2018;31/05/2018;02:00;8;25427;São Paulo;Botafogo;3;2
2018;31/05/2018;02:00;8;7015;Chapecoense;Ceará ;2;0
2018;31/05/2018;02:45;8;19679;Cruzeiro;Palmeiras;1;0
2018;31/05/2018;02:45;8;20044;Grêmio;Fluminense;0;0
2018;31/05/2018;09:00;8;55382;Flamengo;Bahia;2;0
2018;31/05/2018;11:00;8;34921;Corinthians;América-MG;1;0
2018;01/06/2018;02:00;8;9173;Atlético-PR;Santos;2;0
2018;02/06/2018;09:00;9;10298;Atlético-MG;Chapecoense;3;3
2018;02/06/2018;09:00;9;31327;Internacional;Sport;0;0
2018;03/06/2018;12:00;9;9454;Vasco da Gama;Botafogo;1;2
2018;03/06/2018;02:00;9;32841;Palmeiras;São Paulo;3;1
2018;03/06/2018;09:00;9;15990;Bahia;Grêmio;0;2
2018;03/06/2018;09:00;9;4679;América-MG;Atlético-PR;3;1
2018;03/06/2018;09:00;9;49222;Flamengo;Corinthians;1;0
2018;03/06/2018;09:00;9;3887;Santos;Vitória;5;2
2018;04/06/2018;12:00;9;15234;Ceará ;Cruzeiro;0;1
2018;05/06/2018;01:00;9;4353;Paraná;Fluminense;2;1
2018;06/06/2018;02:30;10;14730;São Paulo;Internacional;0;0
2018;07/06/2018;12:30;10;5459;Vitória;Chapecoense;1;0
2018;07/06/2018;12:30;10;8825;Botafogo;Ceará ;0;0
2018;07/06/2018;02:00;10;17841;Sport;Atlético-PR;1;0
2018;07/06/2018;02:00;10;27586;Corinthians;Santos;1;1
2018;07/06/2018;02:45;10;23725;Cruzeiro;Vasco da Gama;1;1
2018;07/06/2018;02:45;10;28664;Grêmio;Palmeiras;0;2
2018;08/06/2018;01:00;10;4927;Paraná;Bahia;1;0
2018;08/06/2018;01:00;10;60000;Fluminense;Flamengo;0;2
2018;08/06/2018;02:00;10;7776;América-MG;Atlético-MG;1;3
2018;09/06/2018;09:00;11;9323;Atlético-PR;São Paulo;0;1
2018;10/06/2018;12:00;11;6637;Chapecoense;Cruzeiro;2;0
2018;10/06/2018;12:00;11;8418;Vasco da Gama;Sport;3;2
2018;10/06/2018;02:00;11;27990;Corinthians;Vitória;0;0
2018;10/06/2018;09:00;11;14476;Atlético-MG;Fluminense;5;2
2018;10/06/2018;09:00;11;12806;Bahia;Botafogo;3;3
2018;10/06/2018;09:00;11;32732;Ceará ;Palmeiras;2;2
2018;10/06/2018;09:00;11;14460;Grêmio;América-MG;1;0
2018;11/06/2018;12:00;11;59488;Flamengo;Paraná;2;0
2018;11/06/2018;12:00;11;8124;Santos;Internacional;1;2
2018;13/06/2018;02:30;12;20456;São Paulo;Vitória;3;0
2018;13/06/2018;09:00;12;4894;América-MG;Chapecoense;0;0
2018;14/06/2018;12:00;12;7438;Fluminense;Santos;0;1
2018;14/06/2018;12:30;12;5131;Paraná;Cruzeiro;1;1
2018;14/06/2018;12:30;12;19497;Sport;Grêmio;0;0
2018;14/06/2018;02:00;12;10965;Botafogo;Atlético-PR;2;0
2018;14/06/2018;02:00;12;36882;Palmeiras;Flamengo;1;1
2018;14/06/2018;02:45;12;22119;Atlético-MG;Ceará ;2;1
2018;14/06/2018;02:45;12;15041;Bahia;Corinthians;1;0
2018;14/06/2018;02:45;12;21589;Internacional;Vasco da Gama;3;1
2018;19/07/2018;12:30;13;15197;Ceará ;Sport;1;0
2018;19/07/2018;02:00;13;6598;Vitória;Paraná;1;0
2018;19/07/2018;02:45;13;51777;Flamengo;São Paulo;0;1
2018;19/07/2018;02:45;13;19830;Corinthians;Botafogo;2;0
2018;19/07/2018;02:45;13;22063;Grêmio;Atlético-MG;2;0
2018;20/07/2018;12:30;13;17958;Cruzeiro;América-MG;3;1
2018;20/07/2018;12:30;13;7534;Chapecoense;Bahia;1;1
2018;20/07/2018;01:00;13;11901;Vasco da Gama;Fluminense;1;1
2018;20/07/2018;01:00;13;26417;Santos;Palmeiras;1;1
2018;20/07/2018;02:00;13;9176;Atlético-PR;Internacional;2;2
2018;22/07/2018;12:00;14;42182;Flamengo;Botafogo;2;0
2018;22/07/2018;02:00;14;58624;São Paulo;Corinthians;3;1
2018;22/07/2018;09:00;14;4044;Paraná;América-MG;1;0
2018;22/07/2018;09:00;14;24312;Bahia;Vitória;4;1
2018;22/07/2018;09:00;14;8242;Vasco da Gama;Grêmio;1;0
2018;22/07/2018;09:00;14;11119;Sport;Fluminense;1;2
2018;22/07/2018;09:00;14;29246;Palmeiras;Atlético-MG;3;2
2018;23/07/2018;12:00;14;15023;Cruzeiro;Atlético-PR;2;1
2018;23/07/2018;12:00;14;7100;Chapecoense;Santos;0;0
2018;24/07/2018;01:00;14;23595;Internacional;Ceará ;1;0
2018;26/07/2018;12:30;15;22827;Fluminense;Palmeiras;1;0
2018;26/07/2018;02:00;15;17244;Atlético-MG;Paraná;2;0
2018;26/07/2018;02:45;15;11843;Santos;Flamengo;1;1
2018;26/07/2018;02:45;15;21031;Corinthians;Cruzeiro;2;0
2018;27/07/2018;12:30;15;5706;Vitória;Sport;1;0
2018;27/07/2018;12:30;15;7602;Botafogo;Chapecoense;1;0
2018;27/07/2018;12:30;15;19865;Grêmio;São Paulo;2;1
2018;27/07/2018;01:00;15;4625;América-MG;Internacional;2;1
2018;30/08/2018;12:30;15;10755;Ceará ;Bahia;0;2
2018;30/08/2018;12:30;15;12907;Atlético-PR;Vasco da Gama;1;0
2018;28/07/2018;09:00;16;11322;Ceará ;Fluminense;1;0
2018;29/07/2018;04:00;16;33516;Vasco da Gama;Corinthians;1;4
2018;29/07/2018;04:00;16;35776;Palmeiras;Paraná;3;0
2018;29/07/2018;09:00;16;21566;Cruzeiro;São Paulo;0;2
2018;29/07/2018;09:00;16;9795;Atlético-PR;Vitória;4;0
2018;29/07/2018;09:00;16;58000;Flamengo;Sport;4;1
2018;29/07/2018;09:00;16;29351;Internacional;Botafogo;3;0
2018;30/07/2018;12:00;16;14382;Chapecoense;Grêmio;1;1
2018;30/07/2018;12:00;16;8691;Santos;América-MG;0;1
2018;31/07/2018;01:00;16;15993;Bahia;Atlético-MG;2;2
2018;04/08/2018;09:00;17;6940;Botafogo;Santos;0;0
2018;05/08/2018;12:00;17;16588;Grêmio;Flamengo;2;0
2018;05/08/2018;02:00;17;28662;Corinthians;Atlético-PR;0;0
2018;05/08/2018;09:00;17;8639;Paraná;Ceará ;0;1
2018;05/08/2018;09:00;17;8077;América-MG;Palmeiras;0;0
2018;05/08/2018;09:00;17;7193;Vitória;Cruzeiro;1;1
2018;05/08/2018;09:00;17;53437;São Paulo;Vasco da Gama;2;1
2018;06/08/2018;12:00;17;15461;Fluminense;Bahia;1;1
2018;06/08/2018;12:00;17;6787;Sport;Chapecoense;1;1
2018;07/08/2018;01:00;17;22035;Atlético-MG;Internacional;0;1
2018;11/08/2018;09:00;18;13772;Ceará ;Atlético-PR;0;0
2018;12/08/2018;12:00;18;19100;Bahia;América-MG;1;0
2018;12/08/2018;04:00;18;22062;Atlético-MG;Santos;3;1
2018;12/08/2018;04:00;18;5443;Paraná;Botafogo;1;1
2018;12/08/2018;09:00;18;10070;Chapecoense;Corinthians;2;1
2018;12/08/2018;09:00;18;55276;Flamengo;Cruzeiro;1;0
2018;12/08/2018;09:00;18;16050;Sport;São Paulo;1;3
2018;13/08/2018;12:00;18;30012;Palmeiras;Vasco da Gama;1;0
2018;13/08/2018;12:00;18;16146;Grêmio;Vitória;4;0
2018;14/08/2018;01:00;18;13735;Fluminense;Internacional;0;3
2018;18/08/2018;09:00;19;10991;Santos;Sport;3;0
2018;19/08/2018;12:00;19;32848;Corinthians;Grêmio;0;1
2018;19/08/2018;04:00;19;22061;Atlético-PR;Flamengo;3;0
2018;19/08/2018;04:00;19;44959;Internacional;Paraná;1;0
2018;19/08/2018;09:00;19;24367;Cruzeiro;Bahia;1;1
2018;19/08/2018;09:00;19;8822;Vitória;Palmeiras;0;3
2018;19/08/2018;09:00;19;8470;Botafogo;Atlético-MG;0;3
2018;20/08/2018;12:00;19;4851;América-MG;Fluminense;0;0
2018;20/08/2018;12:00;19;41075;São Paulo;Chapecoense;2;0
2018;21/08/2018;01:00;19;15539;Vasco da Gama;Ceará ;1;1
2018;09/08/2018;12:30;20;18047;Ceará ;Santos;1;1
2018;23/08/2018;12:30;20;8561;Paraná;São Paulo;1;1
2018;23/08/2018;12:30;20;18671;Bahia;Internacional;0;1
2018;23/08/2018;02:00;20;16425;Sport;América-MG;0;2
2018;23/08/2018;02:00;20;24882;Palmeiras;Botafogo;2;0
2018;23/08/2018;02:45;20;7856;Fluminense;Corinthians;1;0
2018;23/08/2018;02:45;20;14559;Grêmio;Cruzeiro;1;1
2018;24/08/2018;12:30;20;51878;Flamengo;Vitória;1;0
2018;24/08/2018;01:00;20;22452;Atlético-MG;Vasco da Gama;0;0
2018;14/09/2018;01:00;20;4146;Chapecoense;Atlético-PR;2;1
2018;25/08/2018;09:00;21;11564;Santos;Bahia;2;0
2018;26/08/2018;12:00;21;13577;Atlético-PR;Grêmio;2;1
2018;26/08/2018;12:00;21;28375;Corinthians;Paraná;1;0
2018;26/08/2018;02:00;21;11453;Cruzeiro;Fluminense;2;1
2018;26/08/2018;02:00;21;6031;Botafogo;Sport;2;0
2018;26/08/2018;04:00;21;57723;São Paulo;Ceará ;1;0
2018;26/08/2018;09:00;21;12887;América-MG;Flamengo;2;2
2018;26/08/2018;09:00;21;6412;Vitória;Atlético-MG;1;0
2018;26/08/2018;09:00;21;43743;Internacional;Palmeiras;0;0
2018;27/08/2018;12:00;21;8782;Vasco da Gama;Chapecoense;3;1
2018;01/09/2018;09:00;22;12603;Vitória;América-MG;1;0
2018;01/09/2018;09:00;22;16589;Grêmio;Botafogo;4;0
2018;02/09/2018;12:00;22;33646;Vasco da Gama;Santos;0;3
2018;02/09/2018;02:00;22;29609;Corinthians;Atlético-MG;1;1
2018;02/09/2018;04:00;22;61277;Flamengo;Ceará ;0;1
2018;02/09/2018;09:00;22;13433;Atlético-PR;Bahia;2;0
2018;02/09/2018;09:00;22;49348;São Paulo;Fluminense;1;1
2018;02/09/2018;09:00;22;13966;Sport;Paraná;1;0
2018;03/09/2018;12:00;22;16247;Cruzeiro;Internacional;0;0
2018;03/09/2018;12:00;22;4546;Chapecoense;Palmeiras;1;2
2018;06/09/2018;12:30;23;13816;Bahia;Sport;2;0
2018;06/09/2018;12:30;23;5749;Botafogo;Cruzeiro;1;1
2018;06/09/2018;01:00;23;39785;Ceará ;Corinthians;2;1
2018;06/09/2018;02:00;23;2829;Paraná;Chapecoense;1;1
2018;06/09/2018;02:00;23;24601;Palmeiras;Atlético-PR;2;0
2018;06/09/2018;02:45;23;20852;Atlético-MG;São Paulo;1;0
2018;06/09/2018;02:45;23;33633;Internacional;Flamengo;2;1
2018;07/09/2018;12:00;23;8952;Fluminense;Vitória;0;0
2018;07/09/2018;12:00;23;16083;Santos;Grêmio;0;0
2018;07/09/2018;01:00;23;5061;América-MG;Vasco da Gama;2;1
2018;08/09/2018;09:00;24;9525;Sport;Cruzeiro;0;0
2018;09/09/2018;12:00;24;43550;São Paulo;Bahia;1;0
2018;09/09/2018;02:00;24;28983;Flamengo;Chapecoense;2;0
2018;09/09/2018;09:00;24;4348;América-MG;Ceará ;0;0
2018;09/09/2018;09:00;24;10969;Fluminense;Botafogo;1;0
2018;09/09/2018;09:00;24;38568;Palmeiras;Corinthians;1;0
2018;09/09/2018;09:00;24;44176;Internacional;Grêmio;1;0
2018;10/09/2018;12:00;24;4504;Paraná;Santos;0;2
2018;10/09/2018;12:00;24;10092;Vitória;Vasco da Gama;1;0
2018;11/09/2018;01:00;24;20922;Atlético-MG;Atlético-PR;3;1
2018;15/09/2018;09:00;25;32136;Ceará ;Vitória;2;0
2018;15/09/2018;09:00;25;20198;Grêmio;Paraná;2;0
2018;16/09/2018;12:00;25;54288;Vasco da Gama;Flamengo;1;1
2018;16/09/2018;04:00;25;25382;Botafogo;América-MG;1;0
2018;16/09/2018;09:00;25;24999;Cruzeiro;Atlético-MG;0;0
2018;16/09/2018;09:00;25;10343;Atlético-PR;Fluminense;3;1
2018;16/09/2018;09:00;25;24951;Bahia;Palmeiras;1;1
2018;16/09/2018;09:00;25;13488;Santos;São Paulo;0;0
2018;17/09/2018;12:00;25;21112;Corinthians;Sport;2;1
2018;18/09/2018;01:00;25;16981;Chapecoense;Internacional;2;1
2018;22/09/2018;09:00;26;47846;São Paulo;América-MG;1;1
2018;23/09/2018;04:00;26;38924;Grêmio;Ceará ;3;2
2018;23/09/2018;09:00;26;15831;Atlético-PR;Paraná;3;0
2018;23/09/2018;09:00;26;39462;Flamengo;Atlético-MG;2;1
2018;23/09/2018;09:00;26;27199;Corinthians;Internacional;1;1
2018;23/09/2018;11:00;26;9994;Vitória;Botafogo;3;4
2018;23/09/2018;11:00;26;18681;Sport;Palmeiras;0;1
2018;24/09/2018;12:00;26;9029;Cruzeiro;Santos;2;1
2018;25/09/2018;01:00;26;5170;Chapecoense;Fluminense;1;2
2018;25/09/2018;01:00;26;13293;Vasco da Gama;Bahia;2;1
2018;29/09/2018;09:00;27;8721;Fluminense;Grêmio;0;1
2018;30/09/2018;12:00;27;8012;América-MG;Corinthians;0;0
2018;30/09/2018;02:00;27;31626;Bahia;Flamengo;0;0
2018;30/09/2018;04:00;27;35654;Palmeiras;Cruzeiro;3;1
2018;30/09/2018;09:00;27;22654;Atlético-MG;Sport;5;2
2018;30/09/2018;09:00;27;19976;Botafogo;São Paulo;2;2
2018;30/09/2018;09:00;27;7802;Santos;Atlético-PR;1;0
2018;30/09/2018;09:00;27;37070;Internacional;Vitória;2;1
2018;01/10/2018;12:00;27;27485;Ceará ;Chapecoense;3;1
2018;02/10/2018;01:00;27;3894;Paraná;Vasco da Gama;1;1
2018;06/10/2018;12:00;28;9979;Sport;Internacional;2;1
2018;06/10/2018;02:00;28;41943;Corinthians;Flamengo;0;3
2018;06/10/2018;02:30;28;7478;Vitória;Santos;0;1
2018;06/10/2018;09:00;28;11443;Atlético-PR;América-MG;4;0
2018;06/10/2018;09:00;28;10074;Chapecoense;Atlético-MG;1;0
2018;06/10/2018;11:00;28;56694;São Paulo;Palmeiras;0;2
2018;07/10/2018;02:00;28;31516;Grêmio;Bahia;2;2
2018;09/10/2018;01:00;28;6715;Fluminense;Paraná;4;0
2018;10/10/2018;02:00;28;10059;Botafogo;Vasco da Gama;1;1
2018;25/10/2018;12:30;28;30814;Cruzeiro;Ceará ;0;2
2018;13/10/2018;10:00;29;52924;Flamengo;Fluminense;3;0
2018;14/10/2018;12:00;29;26428;Santos;Corinthians;1;0
2018;14/10/2018;02:00;29;29328;Bahia;Paraná;2;0
2018;14/10/2018;04:00;29;6280;Chapecoense;Vitória;0;1
2018;14/10/2018;09:00;29;11376;Vasco da Gama;Cruzeiro;2;0
2018;14/10/2018;09:00;29;35812;Palmeiras;Grêmio;2;0
2018;14/10/2018;09:00;29;45263;Internacional;São Paulo;3;1
2018;15/10/2018;12:00;29;20526;Atlético-MG;América-MG;0;0
2018;15/10/2018;12:00;29;13481;Atlético-PR;Sport;4;0
2018;16/10/2018;01:00;29;29946;Ceará ;Botafogo;0;0
2018;20/10/2018;09:00;30;5821;América-MG;Grêmio;1;1
2018;20/10/2018;09:00;30;8180;Botafogo;Bahia;0;1
2018;21/10/2018;12:00;30;13053;São Paulo;Atlético-PR;0;0
2018;21/10/2018;12:00;30;13860;Sport;Vasco da Gama;2;1
2018;21/10/2018;09:00;30;18663;Vitória;Corinthians;2;2
2018;21/10/2018;09:00;30;4762;Fluminense;Atlético-MG;1;0
2018;21/10/2018;09:00;30;36323;Palmeiras;Ceará ;2;1
2018;22/10/2018;12:00;30;12666;Cruzeiro;Chapecoense;3;0
2018;22/10/2018;12:00;30;4271;Paraná;Flamengo;0;4
2018;23/10/2018;01:00;30;43159;Internacional;Santos;2;2
2018;27/10/2018;12:30;31;11714;Vitória;São Paulo;0;1
2018;27/10/2018;02:30;31;8301;Vasco da Gama;Internacional;1;1
2018;27/10/2018;09:30;31;8680;Santos;Fluminense;3;0
2018;27/10/2018;09:30;31;13842;Grêmio;Sport;3;4
2018;28/10/2018;12:00;31;13278;Chapecoense;América-MG;1;0
2018;28/10/2018;12:00;31;65102;Flamengo;Palmeiras;1;1
2018;28/10/2018;12:00;31;35577;Corinthians;Bahia;2;1
2018;28/10/2018;02:00;31;18783;Cruzeiro;Paraná;3;1
2018;28/10/2018;02:00;31;8186;Atlético-PR;Botafogo;2;1
2018;30/10/2018;12:00;31;37394;Ceará ;Atlético-MG;2;1
2018;03/11/2018;09:00;32;16758;Atlético-MG;Grêmio;0;1
2018;03/11/2018;09:00;32;14275;Fluminense;Vasco da Gama;0;1
2018;03/11/2018;11:00;32;38938;Palmeiras;Santos;3;2
2018;04/11/2018;08:00;32;1328;Paraná;Vitória;1;1
2018;04/11/2018;08:00;32;9423;América-MG;Cruzeiro;1;2
2018;04/11/2018;08:00;32;21463;Botafogo;Corinthians;1;0
2018;04/11/2018;08:00;32;32612;São Paulo;Flamengo;2;2
2018;04/11/2018;10:00;32;17448;Bahia;Chapecoense;1;0
2018;04/11/2018;10:00;32;32007;Internacional;Atlético-PR;2;1
2018;05/11/2018;11:00;32;25002;Sport;Ceará ;1;0
2018;10/11/2018;08:00;33;5074;América-MG;Paraná;0;1
2018;10/11/2018;08:00;33;43122;Corinthians;São Paulo;1;1
2018;10/11/2018;10:00;33;8641;Atlético-PR;Cruzeiro;2;0
2018;10/11/2018;10:00;33;19267;Botafogo;Flamengo;2;1
2018;11/11/2018;08:00;33;20488;Atlético-MG;Palmeiras;1;1
2018;11/11/2018;08:00;33;22332;Vitória;Bahia;2;2
2018;11/11/2018;08:00;33;42149;Ceará ;Internacional;1;1
2018;11/11/2018;08:00;33;22622;Grêmio;Vasco da Gama;2;1
2018;11/11/2018;10:00;33;12256;Fluminense;Sport;0;0
2018;12/11/2018;11:00;33;12659;Santos;Chapecoense;0;1
2018;14/11/2018;10:30;34;20917;Vasco da Gama;Atlético-PR;1;1
2018;15/11/2018;12:00;34;1610;Paraná;Atlético-MG;0;1
2018;15/11/2018;12:00;34;17825;Bahia;Ceará ;2;1
2018;15/11/2018;12:45;34;15520;Cruzeiro;Corinthians;1;0
2018;15/11/2018;12:45;34;22652;Sport;Vitória;0;0
2018;15/11/2018;12:45;34;37430;Palmeiras;Fluminense;3;0
2018;15/11/2018;08:00;34;17261;Chapecoense;Botafogo;0;1
2018;15/11/2018;08:00;34;46067;Flamengo;Santos;1;0
2018;15/11/2018;10:00;34;24757;São Paulo;Grêmio;1;1
2018;16/11/2018;12:00;34;28973;Internacional;América-MG;2;0
2018;17/11/2018;10:00;35;8440;Vitória;Atlético-PR;1;2
2018;17/11/2018;10:00;35;38605;Corinthians;Vasco da Gama;1;0
2018;18/11/2018;12:00;35;17313;Atlético-MG;Bahia;1;0
2018;18/11/2018;08:00;35;25076;Paraná;Palmeiras;1;1
2018;18/11/2018;08:00;35;4652;América-MG;Santos;2;1
2018;18/11/2018;08:00;35;19006;Botafogo;Internacional;1;0
2018;18/11/2018;08:00;35;26005;Sport;Flamengo;0;1
2018;18/11/2018;10:00;35;14058;São Paulo;Cruzeiro;1;0
2018;18/11/2018;10:00;35;14982;Grêmio;Chapecoense;2;0
2018;19/11/2018;11:00;35;6435;Fluminense;Ceará ;0;0
2018;21/11/2018;10:30;36;25067;Internacional;Atlético-MG;1;2
2018;22/11/2018;12:00;36;3620;Santos;Botafogo;1;1
2018;22/11/2018;12:45;36;4036;Cruzeiro;Vitória;3;0
2018;22/11/2018;12:45;36;16332;Atlético-PR;Corinthians;1;0
2018;22/11/2018;12:45;36;36013;Flamengo;Grêmio;2;0
2018;22/11/2018;12:45;36;39429;Palmeiras;América-MG;4;0
2018;22/11/2018;11:00;36;14917;Vasco da Gama;São Paulo;2;0
2018;23/11/2018;12:00;36;12384;Chapecoense;Sport;2;1
2018;23/11/2018;12:00;36;16437;Bahia;Fluminense;2;0
2018;23/11/2018;12:00;36;48824;Ceará ;Paraná;1;0
2018;24/11/2018;11:00;37;4591;Santos;Atlético-MG;3;2
2018;25/11/2018;08:00;37;27616;Cruzeiro;Flamengo;0;2
2018;25/11/2018;08:00;37;9632;Atlético-PR;Ceará ;2;2
2018;25/11/2018;08:00;37;3759;Vitória;Grêmio;0;0
2018;25/11/2018;08:00;37;21066;Vasco da Gama;Palmeiras;0;1
2018;25/11/2018;10:00;37;4398;América-MG;Bahia;1;0
2018;25/11/2018;10:00;37;36110;Corinthians;Chapecoense;0;0
2018;25/11/2018;10:00;37;31395;Internacional;Fluminense;2;0
2018;26/11/2018;11:00;37;28972;Botafogo;Paraná;2;1
2018;26/11/2018;11:00;37;15235;São Paulo;Sport;0;0
2018;01/12/2018;10:00;38;22365;Atlético-MG;Botafogo;1;0
2018;01/12/2018;10:00;38;66046;Flamengo;Atlético-PR;1;2
2018;02/12/2018;08:00;38;2975;Paraná;Internacional;1;1
2018;02/12/2018;08:00;38;19992;Chapecoense;São Paulo;1;0
2018;02/12/2018;08:00;38;27776;Bahia;Cruzeiro;0;0
2018;02/12/2018;08:00;38;34870;Fluminense;América-MG;1;0
2018;02/12/2018;08:00;38;57223;Ceará ;Vasco da Gama;0;0
2018;02/12/2018;08:00;38;23451;Sport;Santos;2;1
2018;02/12/2018;08:00;38;41256;Palmeiras;Vitória;3;2
2018;02/12/2018;08:00;38;41330;Grêmio;Corinthians;1;0
2019;27/04/2019;09:00;1;26533;São Paulo;Botafogo;2;0
2019;28/04/2019;12:00;1;10531;Atlético-MG;Avaí;2;1
2019;28/04/2019;12:00;1;8231;Chapecoense;Internacional;2;0
2019;28/04/2019;02:00;1;29459;Flamengo;Cruzeiro;3;1
2019;28/04/2019;04:00;1;34291;Grêmio;Santos;1;2
2019;28/04/2019;09:00;1;12550;Ceará ;CSA;4;0
2019;28/04/2019;09:00;1;29215;Bahia;Corinthians;3;2
2019;28/04/2019;09:00;1;12839;Athletico-PR;Vasco da Gama;4;1
2019;29/04/2019;12:00;1;26701;Palmeiras;Fortaleza;4;0
2019;29/04/2019;12:00;1;17420;Fluminense;Goiás;0;1
2019;01/05/2019;09:00;2;15735;CSA;Palmeiras;1;1
2019;01/05/2019;09:00;2;30442;Corinthians;Chapecoense;1;0
2019;01/05/2019;09:00;2;40588;Internacional;Flamengo;2;1
2019;02/05/2019;12:15;2;22677;Cruzeiro;Ceará ;1;0
2019;02/05/2019;12:15;2;12181;Avaí;Grêmio;1;1
2019;02/05/2019;02:30;2;6745;Vasco da Gama;Atlético-MG;1;2
2019;02/05/2019;02:30;2;29644;Goiás;São Paulo;1;2
2019;02/05/2019;02:30;2;20578;Fortaleza;Athletico-PR;2;1
2019;03/05/2019;12:15;2;10564;Santos;Fluminense;2;1
2019;03/05/2019;01:00;2;7568;Botafogo;Bahia;3;2
2019;05/05/2019;12:00;3;31549;Palmeiras;Internacional;1;0
2019;05/05/2019;12:00;3;25779;Vasco da Gama;Corinthians;1;1
2019;05/05/2019;02:00;3;16815;Ceará ;Atlético-MG;1;2
2019;05/05/2019;04:00;3;6433;Chapecoense;Athletico-PR;1;1
2019;05/05/2019;09:00;3;38749;São Paulo;Flamengo;1;1
2019;05/05/2019;09:00;3;13749;Botafogo;Fortaleza;1;0
2019;05/05/2019;09:00;3;10313;CSA;Santos;0;0
2019;05/05/2019;09:00;3;19735;Cruzeiro;Goiás;2;1
2019;06/05/2019;12:00;3;9734;Grêmio;Fluminense;4;5
2019;06/05/2019;12:00;3;18673;Bahia;Avaí;1;0
2019;11/05/2019;09:00;4;24600;Fluminense;Botafogo;0;1
2019;12/05/2019;12:00;4;36624;Corinthians;Grêmio;0;0
2019;12/05/2019;02:00;4;9493;Goiás;Ceará ;2;1
2019;12/05/2019;04:00;4;61023;Flamengo;Chapecoense;2;1
2019;12/05/2019;09:00;4;23416;Internacional;Cruzeiro;3;1
2019;12/05/2019;09:00;4;12952;Santos;Vasco da Gama;3;0
2019;12/05/2019;09:00;4;24368;Atlético-MG;Palmeiras;0;2
2019;13/05/2019;12:00;4;11087;Athletico-PR;Bahia;1;0
2019;13/05/2019;12:00;4;4852;Avaí;CSA;0;0
2019;13/05/2019;12:00;4;40877;Fortaleza;São Paulo;0;1
2019;18/05/2019;11:00;5;11437;Fluminense;Cruzeiro;4;1
2019;19/05/2019;12:00;5;13616;Atlético-MG;Flamengo;2;1
2019;19/05/2019;12:00;5;32501;Palmeiras;Santos;4;0
2019;19/05/2019;04:00;5;44640;São Paulo;Bahia;0;0
2019;19/05/2019;09:00;5;6765;Chapecoense;Fortaleza;1;3
2019;19/05/2019;09:00;5;16347;Goiás;Botafogo;1;0
2019;19/05/2019;09:00;5;19409;Athletico-PR;Corinthians;0;2
2019;19/05/2019;09:00;5;27194;Internacional;CSA;2;0
2019;20/05/2019;12:00;5;13924;Vasco da Gama;Avaí;1;1
2019;20/05/2019;12:00;5;17506;Ceará ;Grêmio;2;1
2019;25/05/2019;09:00;6;33143;Botafogo;Palmeiras;0;1
2019;26/05/2019;12:00;6;15540;Grêmio;Atlético-MG;1;0
2019;26/05/2019;09:00;6;12756;Santos;Internacional;0;0
2019;26/05/2019;09:00;6;52667;Flamengo;Athletico-PR;3;2
2019;27/05/2019;12:00;6;28148;Fortaleza;Vasco da Gama;1;1
2019;27/05/2019;12:00;6;39670;Corinthians;São Paulo;1;0
2019;27/05/2019;12:00;6;18039;Cruzeiro;Chapecoense;1;2
2019;27/05/2019;12:00;6;21969;Bahia;Fluminense;3;2
2019;28/05/2019;01:00;6;5543;Avaí;Ceará ;1;2
2019;28/05/2019;01:00;6;9168;CSA;Goiás;1;0
2019;01/06/2019;09:00;7;37658;Flamengo;Fortaleza;2;0
2019;02/06/2019;12:00;7;26930;Bahia;Grêmio;1;0
2019;02/06/2019;04:00;7;19503;Botafogo;Vasco da Gama;1;0
2019;02/06/2019;09:00;7;50809;Ceará ;Santos;0;1
2019;02/06/2019;09:00;7;8517;São Paulo;Cruzeiro;1;1
2019;02/06/2019;09:00;7;12548;Athletico-PR;Fluminense;3;0
2019;03/06/2019;12:00;7;10615;Chapecoense;Palmeiras;1;2
2019;03/06/2019;12:00;7;14116;Atlético-MG;CSA;4;0
2019;03/06/2019;12:00;7;21596;Internacional;Avaí;2;0
2019;08/08/2019;12:15;7;34790;Corinthians;Goiás;2;0
2019;08/06/2019;01:30;8;11046;Vasco da Gama;Internacional;2;1
2019;08/06/2019;09:30;8;37086;Palmeiras;Athletico-PR;1;0
2019;09/06/2019;12:00;8;14429;Grêmio;Fortaleza;1;0
2019;09/06/2019;12:00;8;21370;Cruzeiro;Corinthians;0;0
2019;09/06/2019;12:30;8;15566;Ceará ;Bahia;0;0
2019;09/06/2019;02:00;8;8084;Avaí;São Paulo;0;0
2019;10/06/2019;12:00;8;5794;Santos;Atlético-MG;3;1
2019;10/06/2019;12:00;8;42726;Fluminense;Flamengo;0;0
2019;10/06/2019;12:00;8;11602;CSA;Botafogo;1;2
2019;11/06/2019;01:00;8;7756;Goiás;Chapecoense;3;1
2019;13/06/2019;12:15;9;17757;Botafogo;Grêmio;0;1
2019;13/06/2019;02:00;9;17099;Fortaleza;Cruzeiro;2;1
2019;13/06/2019;02:30;9;17153;Internacional;Bahia;3;1
2019;13/06/2019;02:30;9;37673;CSA;Flamengo;0;2
2019;13/06/2019;02:30;9;11831;Santos;Corinthians;1;0
2019;14/06/2019;12:15;9;19587;Vasco da Gama;Ceará ;1;0
2019;14/06/2019;01:00;9;19761;Atlético-MG;São Paulo;1;1
2019;14/06/2019;01:00;9;10468;Goiás;Athletico-PR;2;1
2019;14/06/2019;01:00;9;31946;Palmeiras;Avaí;2;0
2019;14/06/2019;01:00;9;6257;Chapecoense;Fluminense;1;1
2019;13/07/2019;10:00;10;11281;Grêmio;Vasco da Gama;2;1
2019;13/07/2019;10:00;10;24864;Fortaleza;Avaí;2;0
2019;14/07/2019;12:00;10;38267;São Paulo;Palmeiras;1;1
2019;14/07/2019;12:00;10;18853;Bahia;Santos;0;1
2019;14/07/2019;04:00;10;65154;Flamengo;Goiás;6;1
2019;14/07/2019;09:00;10;18012;Cruzeiro;Botafogo;0;0
2019;14/07/2019;09:00;10;34238;Corinthians;CSA;1;0
2019;14/07/2019;09:00;10;14063;Athletico-PR;Internacional;1;0
2019;15/07/2019;12:00;10;2600;Chapecoense;Atlético-MG;1;2
2019;16/07/2019;01:00;10;23484;Fluminense;Ceará ;1;1
2019;20/07/2019;04:00;11;20904;Vasco da Gama;Fluminense;2;1
2019;20/07/2019;10:00;11;19040;Bahia;Cruzeiro;0;0
2019;21/07/2019;12:00;11;38201;Internacional;Grêmio;1;1
2019;21/07/2019;12:00;11;32287;Ceará ;Palmeiras;2;0
2019;21/07/2019;12:00;11;7845;CSA;Athletico-PR;0;4
2019;21/07/2019;04:00;11;16248;Botafogo;Santos;0;1
2019;21/07/2019;09:00;11;16043;Atlético-MG;Fortaleza;2;2
2019;21/07/2019;09:00;11;34737;Corinthians;Flamengo;1;1
2019;22/07/2019;12:00;11;5447;Avaí;Goiás;0;0
2019;23/07/2019;01:00;11;35558;São Paulo;Chapecoense;4;0
2019;27/07/2019;10:00;12;37754;Palmeiras;Vasco da Gama;1;1
2019;28/07/2019;12:00;12;21741;Fluminense;São Paulo;1;2
2019;28/07/2019;12:00;12;12536;Internacional;Ceará ;1;0
2019;28/07/2019;12:00;12;20869;Cruzeiro;Athletico-PR;0;2
2019;28/07/2019;04:00;12;5780;Chapecoense;Bahia;0;0
2019;28/07/2019;09:00;12;12787;Santos;Avaí;3;1
2019;28/07/2019;09:00;12;45622;Flamengo;Botafogo;3;2
2019;29/07/2019;12:00;12;10439;Goiás;Atlético-MG;0;0
2019;29/07/2019;12:00;12;41546;Fortaleza;Corinthians;1;3
2019;30/07/2019;01:00;12;11918;CSA;Grêmio;0;0
2019;04/08/2019;12:00;13;38421;Ceará ;Fortaleza;2;1
2019;04/08/2019;12:00;13;16485;Fluminense;Internacional;2;1
2019;04/08/2019;04:00;13;13462;Santos;Goiás;6;1
2019;04/08/2019;09:00;13;7140;Avaí;Botafogo;0;2
2019;04/08/2019;09:00;13;43642;Bahia;Flamengo;3;0
2019;05/08/2019;12:00;13;9631;Vasco da Gama;CSA;0;0
2019;05/08/2019;12:00;13;13181;Atlético-MG;Cruzeiro;2;0
2019;05/08/2019;12:00;13;43045;Corinthians;Palmeiras;1;1
2019;06/08/2019;01:00;13;15171;Grêmio;Chapecoense;3;3
2019;22/08/2019;12:15;13;21526;Athletico-PR;São Paulo;0;1
2019;10/08/2019;10:00;14;21428;Ceará ;Chapecoense;4;1
2019;10/08/2019;10:00;14;47277;São Paulo;Santos;3;2
2019;11/08/2019;12:00;14;57644;Flamengo;Grêmio;3;1
2019;11/08/2019;02:00;14;19081;Atlético-MG;Fluminense;2;1
2019;11/08/2019;04:00;14;36166;Internacional;Corinthians;0;0
2019;11/08/2019;09:00;14;34275;Palmeiras;Bahia;2;2
2019;11/08/2019;09:00;14;7992;Botafogo;Athletico-PR;2;1
2019;11/08/2019;09:00;14;4921;Avaí;Cruzeiro;2;2
2019;12/08/2019;12:00;14;14529;Goiás;Vasco da Gama;0;1
2019;13/08/2019;01:00;14;9924;CSA;Fortaleza;0;2
2019;17/08/2019;10:00;15;38519;Fortaleza;Internacional;0;1
2019;17/08/2019;10:00;15;39122;Corinthians;Botafogo;2;0
2019;18/08/2019;12:00;15;65418;Vasco da Gama;Flamengo;1;4
2019;18/08/2019;12:00;15;28866;Bahia;Goiás;1;1
2019;18/08/2019;12:00;15;15644;Athletico-PR;Atlético-MG;1;0
2019;18/08/2019;02:00;15;14777;Grêmio;Palmeiras;1;1
2019;18/08/2019;09:00;15;36975;Cruzeiro;Santos;2;0
2019;18/08/2019;09:00;15;47775;São Paulo;Ceará ;1;0
2019;18/08/2019;09:00;15;25049;Fluminense;CSA;0;1
2019;19/08/2019;12:00;15;7027;Chapecoense;Avaí;1;0
2019;24/08/2019;04:00;16;22401;Atlético-MG;Bahia;0;1
2019;24/08/2019;10:00;16;12748;Grêmio;Athletico-PR;2;1
2019;25/08/2019;09:00;16;12515;Santos;Fortaleza;3;3
2019;25/08/2019;09:00;16;20404;Vasco da Gama;São Paulo;2;0
2019;25/08/2019;09:00;16;8634;Goiás;Internacional;2;1
2019;26/08/2019;12:00;16;49986;Ceará ;Flamengo;0;3
2019;26/08/2019;12:00;16;9753;Avaí;Corinthians;1;1
2019;26/08/2019;12:00;16;8715;CSA;Cruzeiro;1;1
2019;27/08/2019;01:00;16;8241;Botafogo;Chapecoense;0;0
2019;11/09/2019;02:00;16;27956;Palmeiras;Fluminense;3;0
2019;31/08/2019;04:00;17;46997;São Paulo;Grêmio;0;0
2019;31/08/2019;10:00;17;32483;Bahia;CSA;1;0
2019;01/09/2019;12:00;17;9053;Chapecoense;Santos;0;1
2019;01/09/2019;12:00;17;10075;Athletico-PR;Ceará ;1;0
2019;01/09/2019;02:00;17;9652;Internacional;Botafogo;3;2
2019;01/09/2019;09:00;17;65969;Flamengo;Palmeiras;3;0
2019;01/09/2019;09:00;17;32643;Fortaleza;Goiás;2;0
2019;02/09/2019;12:00;17;32205;Corinthians;Atlético-MG;1;0
2019;02/09/2019;12:00;17;26052;Cruzeiro;Vasco da Gama;1;0
2019;03/09/2019;01:00;17;16811;Fluminense;Avaí;0;1
2019;07/09/2019;04:00;18;20282;Vasco da Gama;Bahia;0;2
2019;07/09/2019;04:00;18;43449;Corinthians;Ceará ;2;2
2019;07/09/2019;10:00;18;47575;Avaí;Flamengo;0;3
2019;07/09/2019;10:00;18;35474;Fortaleza;Fluminense;0;1
2019;08/09/2019;12:00;18;16048;Internacional;São Paulo;1;0
2019;08/09/2019;02:00;18;17115;Goiás;Palmeiras;1;2
2019;08/09/2019;04:00;18;14208;Cruzeiro;Grêmio;1;4
2019;08/09/2019;09:00;18;12098;Botafogo;Atlético-MG;2;1
2019;08/09/2019;09:00;18;12569;Santos;Athletico-PR;1;1
2019;09/09/2019;12:00;18;9311;CSA;Chapecoense;2;0
2019;14/09/2019;10:00;19;68243;Flamengo;Santos;1;0
2019;15/09/2019;12:00;19;8808;Chapecoense;Vasco da Gama;1;2
2019;15/09/2019;12:00;19;35578;Palmeiras;Cruzeiro;1;0
2019;15/09/2019;02:00;19;20906;Ceará ;Botafogo;0;0
2019;15/09/2019;04:00;19;13784;Athletico-PR;Avaí;0;1
2019;15/09/2019;04:00;19;18966;Atlético-MG;Internacional;1;3
2019;15/09/2019;09:00;19;41733;Grêmio;Goiás;3;0
2019;15/09/2019;09:00;19;38977;Bahia;Fortaleza;1;1
2019;15/09/2019;09:00;19;15733;Fluminense;Corinthians;1;0
2019;16/09/2019;12:00;19;29779;São Paulo;CSA;1;1
2019;21/09/2019;04:00;20;18471;Botafogo;São Paulo;1;2
2019;21/09/2019;10:00;20;40333;Cruzeiro;Flamengo;1;2
2019;22/09/2019;12:00;20;29811;Corinthians;Bahia;2;1
2019;22/09/2019;02:00;20;10898;Santos;Grêmio;0;3
2019;22/09/2019;04:00;20;24362;Internacional;Chapecoense;1;0
2019;22/09/2019;09:00;20;35514;Fortaleza;Palmeiras;0;1
2019;22/09/2019;09:00;20;17427;Vasco da Gama;Athletico-PR;1;1
2019;22/09/2019;09:00;20;10566;CSA;Ceará ;1;0
2019;23/09/2019;12:00;20;6806;Goiás;Fluminense;3;0
2019;24/09/2019;01:00;20;7463;Avaí;Atlético-MG;1;0
2019;26/09/2019;12:30;21;18595;Ceará ;Cruzeiro;0;0
2019;26/09/2019;02:30;21;19769;Bahia;Botafogo;2;0
2019;26/09/2019;02:30;21;64548;Flamengo;Internacional;3;1
2019;26/09/2019;02:30;21;12505;São Paulo;Goiás;0;1
2019;27/09/2019;12:15;21;21537;Palmeiras;CSA;6;2
2019;27/09/2019;01:00;21;11032;Fluminense;Santos;1;1
2019;27/09/2019;01:00;21;16910;Grêmio;Avaí;6;1
2019;27/09/2019;02:30;21;12970;Athletico-PR;Fortaleza;4;1
2019;03/10/2019;12:15;21;10485;Atlético-MG;Vasco da Gama;1;2
2019;03/10/2019;12:15;21;5036;Chapecoense;Corinthians;0;1
2019;29/09/2019;12:00;22;67051;Flamengo;São Paulo;0;0
2019;29/09/2019;04:00;22;37360;Corinthians;Vasco da Gama;1;0
2019;29/09/2019;09:00;22;23114;Internacional;Palmeiras;1;1
2019;29/09/2019;09:00;22;17991;Fluminense;Grêmio;2;1
2019;29/09/2019;09:00;22;6615;Santos;CSA;2;0
2019;30/09/2019;12:00;22;6131;Atlético-MG;Ceará ;2;1
2019;30/09/2019;12:00;22;13669;Athletico-PR;Chapecoense;1;1
2019;01/10/2019;01:00;22;20884;Goiás;Cruzeiro;1;0
2019;01/10/2019;01:00;22;7052;Avaí;Bahia;0;2
2019;01/10/2019;01:00;22;0;Fortaleza;Botafogo;1;0
2019;05/10/2019;10:00;23;34962;São Paulo;Fortaleza;2;1
2019;05/10/2019;10:00;23;17083;Vasco da Gama;Santos;0;1
2019;06/10/2019;12:00;23;16542;Grêmio;Corinthians;0;0
2019;06/10/2019;12:00;23;38571;Bahia;Athletico-PR;1;2
2019;06/10/2019;02:00;23;22561;Cruzeiro;Internacional;1;1
2019;06/10/2019;04:00;23;12152;Chapecoense;Flamengo;0;1
2019;06/10/2019;09:00;23;32659;Palmeiras;Atlético-MG;1;1
2019;06/10/2019;09:00;23;12404;Botafogo;Fluminense;0;1
2019;06/10/2019;09:00;23;18054;Ceará ;Goiás;0;1
2019;07/10/2019;12:00;23;8346;CSA;Avaí;3;1
2019;10/10/2019;12:15;24;5574;Botafogo;Goiás;3;1
2019;10/10/2019;12:15;24;9927;CSA;Internacional;1;0
2019;10/10/2019;01:30;24;25425;Fortaleza;Chapecoense;2;0
2019;10/10/2019;02:00;24;7193;Grêmio;Ceará ;2;1
2019;10/10/2019;02:00;24;32021;Bahia;São Paulo;0;0
2019;10/10/2019;02:30;24;38133;Cruzeiro;Fluminense;0;0
2019;10/10/2019;02:30;24;11408;Santos;Palmeiras;2;0
2019;11/10/2019;12:15;24;22964;Corinthians;Athletico-PR;2;2
2019;11/10/2019;12:15;24;7401;Avaí;Vasco da Gama;0;0
2019;11/10/2019;01:00;24;63385;Flamengo;Atlético-MG;3;1
2019;12/10/2019;10:00;25;7420;Goiás;CSA;1;0
2019;13/10/2019;12:00;25;17637;Fluminense;Bahia;2;0
2019;13/10/2019;02:00;25;19028;Palmeiras;Botafogo;1;0
2019;13/10/2019;09:00;25;13572;Internacional;Santos;0;0
2019;13/10/2019;09:00;25;12285;Vasco da Gama;Fortaleza;1;0
2019;13/10/2019;09:00;25;25473;Athletico-PR;Flamengo;0;2
2019;13/10/2019;09:00;25;16892;Ceará ;Avaí;1;0
2019;13/10/2019;11:00;25;37561;São Paulo;Corinthians;1;0
2019;14/10/2019;12:00;25;4399;Chapecoense;Cruzeiro;1;1
2019;14/10/2019;12:00;25;12974;Atlético-MG;Grêmio;1;4
2019;17/10/2019;12:15;26;13614;Grêmio;Bahia;0;1
2019;17/10/2019;12:15;26;13075;CSA;Atlético-MG;2;2
2019;17/10/2019;01:00;26;50101;Fortaleza;Flamengo;1;2
2019;17/10/2019;02:00;26;30969;Cruzeiro;São Paulo;1;0
2019;17/10/2019;02:00;26;22738;Palmeiras;Chapecoense;1;0
2019;17/10/2019;02:30;26;17577;Goiás;Corinthians;2;2
2019;17/10/2019;02:30;26;16604;Vasco da Gama;Botafogo;2;1
2019;18/10/2019;12:15;26;7804;Santos;Ceará ;2;1
2019;18/10/2019;12:15;26;6377;Avaí;Internacional;0;2
2019;18/10/2019;02:00;26;16109;Fluminense;Athletico-PR;1;2
2019;19/10/2019;10:00;27;26801;Fortaleza;Grêmio;2;1
2019;20/10/2019;12:00;27;31882;Corinthians;Cruzeiro;1;2
2019;20/10/2019;09:00;27;21771;Atlético-MG;Santos;2;0
2019;20/10/2019;09:00;27;21273;Internacional;Vasco da Gama;0;1
2019;20/10/2019;09:00;27;20763;São Paulo;Avaí;1;0
2019;20/10/2019;11:00;27;52279;Flamengo;Fluminense;2;0
2019;21/10/2019;12:00;27;4042;Chapecoense;Goiás;2;2
2019;21/10/2019;12:00;27;18732;Athletico-PR;Palmeiras;1;1
2019;22/10/2019;12:30;27;28830;Bahia;Ceará ;1;2
2019;22/10/2019;01:00;27;18199;Botafogo;CSA;2;1
2019;26/10/2019;10:00;28;32416;Corinthians;Santos;0;0
2019;26/10/2019;10:00;28;35178;Ceará ;Vasco da Gama;1;1
2019;27/10/2019;12:00;28;27542;Bahia;Internacional;2;3
2019;27/10/2019;12:30;28;18751;Fluminense;Chapecoense;1;1
2019;27/10/2019;02:00;28;32268;Cruzeiro;Fortaleza;1;1
2019;27/10/2019;08:00;28;18815;São Paulo;Atlético-MG;2;0
2019;27/10/2019;08:00;28;11819;Athletico-PR;Goiás;4;1
2019;27/10/2019;08:00;28;9786;Grêmio;Botafogo;3;0
2019;27/10/2019;10:00;28;8815;Avaí;Palmeiras;1;2
2019;27/10/2019;11:00;28;69846;Flamengo;CSA;1;0
2019;30/10/2019;11:30;29;19058;Atlético-MG;Chapecoense;0;2
2019;30/10/2019;11:30;29;29481;Palmeiras;São Paulo;3;0
2019;30/10/2019;11:30;29;2949;Avaí;Fortaleza;1;3
2019;31/10/2019;01:30;29;19660;Ceará ;Fluminense;2;0
2019;31/10/2019;01:30;29;15428;CSA;Corinthians;2;1
2019;31/10/2019;01:30;29;15254;Vasco da Gama;Grêmio;1;3
2019;31/10/2019;11:15;29;5634;Santos;Bahia;1;0
2019;01/11/2019;12:00;29;38345;Goiás;Flamengo;2;2
2019;01/11/2019;01:30;29;20900;Internacional;Athletico-PR;1;1
2019;01/11/2019;01:30;29;22412;Botafogo;Cruzeiro;0;2
2019;02/11/2019;09:00;30;31503;Fortaleza;Atlético-MG;2;2
2019;02/11/2019;11:00;30;29019;Palmeiras;Ceará ;1;0
2019;02/11/2019;11:00;30;16056;Fluminense;Vasco da Gama;0;0
2019;03/11/2019;01:00;30;9533;Chapecoense;São Paulo;0;3
2019;03/11/2019;08:00;30;64985;Flamengo;Corinthians;4;1
2019;03/11/2019;10:00;30;44376;Grêmio;Internacional;2;0
2019;03/11/2019;10:30;30;12933;Athletico-PR;CSA;1;0
2019;03/11/2019;11:00;30;25913;Cruzeiro;Bahia;1;1
2019;03/11/2019;11:00;30;7525;Santos;Botafogo;4;1
2019;03/11/2019;11:30;30;10006;Goiás;Avaí;2;0
2019;06/11/2019;12:00;31;4820;Avaí;Santos;1;2
2019;06/11/2019;12:00;31;8492;Vasco da Gama;Palmeiras;1;2
2019;06/11/2019;12:00;31;13047;Athletico-PR;Cruzeiro;0;0
2019;06/11/2019;12:00;31;16836;Bahia;Chapecoense;1;1
2019;06/11/2019;11:30;31;22453;Corinthians;Fortaleza;3;2
2019;06/11/2019;11:30;31;38937;Atlético-MG;Goiás;2;0
2019;07/11/2019;12:00;31;20513;Ceará ;Internacional;2;0
2019;07/11/2019;12:00;31;17650;São Paulo;Fluminense;0;2
2019;07/11/2019;12:00;31;23092;Botafogo;Flamengo;0;1
2019;07/11/2019;12:00;31;13244;Grêmio;CSA;2;1
2019;09/11/2019;12:00;32;13226;Goiás;Santos;0;3
2019;09/11/2019;12:00;32;36290;Palmeiras;Corinthians;1;1
2019;10/11/2019;12:00;32;13251;Internacional;Fluminense;2;1
2019;10/11/2019;12:00;32;43205;Cruzeiro;Atlético-MG;0;0
2019;10/11/2019;12:00;32;13795;São Paulo;Athletico-PR;0;1
2019;10/11/2019;12:00;32;65930;Flamengo;Bahia;3;1
2019;10/11/2019;12:00;32;13335;Chapecoense;Grêmio;0;1
2019;10/11/2019;12:00;32;46093;Fortaleza;Ceará ;1;0
2019;10/11/2019;12:00;32;14690;CSA;Vasco da Gama;0;3
2019;11/11/2019;12:00;32;19075;Botafogo;Avaí;2;0
2019;16/11/2019;09:00;33;14062;Santos;São Paulo;1;1
2019;16/11/2019;11:00;33;24405;Fluminense;Atlético-MG;1;1
2019;17/11/2019;12:00;33;34231;Fortaleza;CSA;3;0
2019;17/11/2019;12:00;33;18091;Athletico-PR;Botafogo;1;0
2019;17/11/2019;12:00;33;23194;Bahia;Palmeiras;1;1
2019;17/11/2019;12:00;33;30980;Grêmio;Flamengo;0;1
2019;17/11/2019;12:00;33;29423;Corinthians;Internacional;0;0
2019;17/11/2019;12:00;33;3431;Chapecoense;Ceará ;1;0
2019;18/11/2019;12:00;33;18620;Vasco da Gama;Goiás;1;1
2019;18/11/2019;12:00;33;21217;Cruzeiro;Avaí;0;0
2019;14/11/2019;01:30;34;52757;Flamengo;Vasco da Gama;4;4
2019;24/11/2019;01:00;34;7905;Santos;Cruzeiro;4;1
2019;24/11/2019;08:00;34;10259;Goiás;Bahia;4;3
2019;24/11/2019;08:00;34;34432;Atlético-MG;Athletico-PR;0;1
2019;24/11/2019;08:00;34;22767;Palmeiras;Grêmio;1;2
2019;24/11/2019;10:00;34;22548;Botafogo;Corinthians;1;0
2019;24/11/2019;11:00;34;2316;Avaí;Chapecoense;0;1
2019;24/11/2019;11:00;34;28684;Internacional;Fortaleza;2;2
2019;24/11/2019;11:00;34;29001;Ceará ;São Paulo;1;1
2019;25/11/2019;12:00;34;8916;CSA;Fluminense;0;1
2019;27/11/2019;12:00;35;3582;Chapecoense;Botafogo;0;1
2019;27/11/2019;12:00;35;21302;Internacional;Goiás;1;2
2019;27/11/2019;12:00;35;13126;Bahia;Atlético-MG;1;1
2019;27/11/2019;12:00;35;21709;Athletico-PR;Grêmio;2;0
2019;27/11/2019;12:00;35;17441;Corinthians;Avaí;3;0
2019;27/11/2019;12:00;35;67539;Flamengo;Ceará ;4;1
2019;28/11/2019;12:00;35;33925;Fortaleza;Santos;2;1
2019;28/11/2019;12:00;35;30947;Fluminense;Palmeiras;1;0
2019;28/11/2019;12:00;35;11970;São Paulo;Vasco da Gama;1;0
2019;28/11/2019;12:00;35;34290;Cruzeiro;CSA;0;1
2019;30/11/2019;12:00;36;30596;Botafogo;Internacional;0;1
2019;30/11/2019;12:00;36;24262;Ceará ;Athletico-PR;1;1
2019;01/12/2019;12:00;36;22219;Palmeiras;Flamengo;1;3
2019;01/12/2019;12:00;36;27781;Goiás;Fortaleza;1;2
2019;01/12/2019;12:00;36;7371;CSA;Bahia;1;2
2019;01/12/2019;12:00;36;18062;Atlético-MG;Corinthians;2;1
2019;01/12/2019;12:00;36;24464;Grêmio;São Paulo;3;0
2019;01/12/2019;12:00;36;6961;Santos;Chapecoense;2;0
2019;01/12/2019;12:00;36;3237;Avaí;Fluminense;1;1
2019;02/12/2019;12:00;36;19796;Vasco da Gama;Cruzeiro;1;0
2019;04/12/2019;12:00;37;31988;Athletico-PR;Santos;1;0
2019;04/12/2019;12:00;37;27924;Atlético-MG;Botafogo;2;0
2019;04/12/2019;12:00;37;49200;Ceará ;Corinthians;0;1
2019;04/12/2019;12:00;37;2411;Chapecoense;CSA;3;0
2019;04/12/2019;12:00;37;30822;São Paulo;Internacional;2;1
2019;04/12/2019;12:00;37;39965;Fluminense;Fortaleza;0;0
2019;05/12/2019;12:00;37;7229;Palmeiras;Goiás;5;1
2019;05/12/2019;12:00;37;25148;Bahia;Vasco da Gama;1;1
2019;05/12/2019;12:00;37;18306;Grêmio;Cruzeiro;2;0
2019;05/12/2019;12:00;37;69090;Flamengo;Avaí;6;1
2019;08/12/2019;08:00;38;18616;Internacional;Atlético-MG;2;1
2019;08/12/2019;08:00;38;27229;Cruzeiro;Palmeiras;0;2
2019;08/12/2019;08:00;38;52552;Fortaleza;Bahia;2;1
2019;08/12/2019;08:00;38;36316;Corinthians;Fluminense;1;2
2019;08/12/2019;08:00;38;13310;Santos;Flamengo;4;0
2019;08/12/2019;08:00;38;67395;Vasco da Gama;Chapecoense;1;1
2019;08/12/2019;08:00;38;25900;Botafogo;Ceará ;1;1
2019;08/12/2019;08:00;38;2445;Avaí;Athletico-PR;0;0
2019;08/12/2019;08:00;38;7456;Goiás;Grêmio;3;2
2019;08/12/2019;08:00;38;9498;CSA;São Paulo;1;2
2020;09/08/2020;12:30;1;0;Coritiba;Internacional;0;1
2020;09/08/2020;02:00;1;0;Sport;Ceará ;3;2
2020;09/08/2020;09:00;1;0;Flamengo;Atlético-MG;0;1
2020;09/08/2020;09:00;1;0;Santos;RB Bragantino;1;1
2020;10/08/2020;12:00;1;0;Grêmio;Fluminense;1;0
2020;10/08/2020;12:00;1;0;Fortaleza;Athletico-PR;0;2
2020;01/10/2020;02:30;1;0;Botafogo;Bahia;1;2
2020;01/10/2020;02:30;1;0;Corinthians;Atlético-GO;0;0
2020;03/12/2020;11:00;1;0;Goiás;São Paulo;0;3
2020;27/01/2021;12:00;1;0;Palmeiras;Vasco da Gama;1;1
2020;12/08/2020;12:15;2;0;Atlético-MG;Corinthians;3;2
2020;12/08/2020;12:15;2;0;Athletico-PR;Goiás;2;1
2020;12/08/2020;12:15;2;0;RB Bragantino;Botafogo;1;1
2020;12/08/2020;01:30;2;0;Atlético-GO;Flamengo;3;0
2020;13/08/2020;01:30;2;0;Bahia;Coritiba;1;0
2020;13/08/2020;02:30;2;0;Fluminense;Palmeiras;1;1
2020;13/08/2020;02:30;2;0;Ceará ;Grêmio;1;1
2020;14/08/2020;12:15;2;0;São Paulo;Fortaleza;1;0
2020;14/08/2020;12:30;2;0;Internacional;Santos;2;0
2020;14/08/2020;01:00;2;0;Vasco da Gama;Sport;2;0
2020;16/08/2020;12:00;3;0;Grêmio;Corinthians;0;0
2020;16/08/2020;12:30;3;0;Coritiba;Flamengo;0;1
2020;16/08/2020;02:30;3;0;Palmeiras;Goiás;1;1
2020;16/08/2020;04:00;3;0;Atlético-MG;Ceará ;2;0
2020;16/08/2020;09:00;3;0;Vasco da Gama;São Paulo;2;1
2020;16/08/2020;09:00;3;0;Bahia;RB Bragantino;2;1
2020;16/08/2020;11:00;3;0;Fluminense;Internacional;2;1
2020;17/08/2020;12:00;3;0;Atlético-GO;Sport;1;1
2020;17/08/2020;12:30;3;0;Fortaleza;Botafogo;0;0
2020;17/08/2020;12:45;3;0;Santos;Athletico-PR;3;1
2020;20/08/2020;12:15;4;0;Flamengo;Grêmio;1;1
2020;20/08/2020;12:15;4;0;RB Bragantino;Fluminense;2;1
2020;20/08/2020;12:30;4;0;Athletico-PR;Palmeiras;0;1
2020;20/08/2020;01:30;4;0;Internacional;Atlético-GO;3;0
2020;20/08/2020;01:30;4;0;Goiás;Fortaleza;1;3
2020;20/08/2020;02:30;4;0;Botafogo;Atlético-MG;2;1
2020;20/08/2020;02:30;4;0;Corinthians;Coritiba;3;1
2020;21/08/2020;12:15;4;0;Sport;Santos;0;1
2020;21/08/2020;01:00;4;0;São Paulo;Bahia;1;1
2020;21/08/2020;01:00;4;0;Ceará ;Vasco da Gama;0;3
2020;22/08/2020;09:00;5;0;Athletico-PR;Fluminense;0;1
2020;23/08/2020;12:00;5;0;Internacional;Atlético-MG;1;0
2020;23/08/2020;02:00;5;0;Goiás;Atlético-GO;2;0
2020;23/08/2020;04:00;5;0;Flamengo;Botafogo;1;1
2020;23/08/2020;09:00;5;0;Vasco da Gama;Grêmio;0;0
2020;23/08/2020;09:00;5;0;Palmeiras;Santos;2;1
2020;23/08/2020;09:00;5;0;RB Bragantino;Coritiba;1;2
2020;24/08/2020;12:00;5;0;Sport;São Paulo;0;1
2020;24/08/2020;01:00;5;0;Ceará ;Bahia;2;0
2020;27/08/2020;02:30;5;0;Corinthians;Fortaleza;1;1
2020;29/08/2020;10:00;6;0;Botafogo;Internacional;0;2
2020;30/08/2020;12:00;6;0;Fluminense;Vasco da Gama;2;1
2020;30/08/2020;12:00;6;0;Bahia;Palmeiras;1;1
2020;30/08/2020;02:00;6;0;Fortaleza;RB Bragantino;3;0
2020;30/08/2020;04:00;6;0;São Paulo;Corinthians;2;1
2020;30/08/2020;09:00;6;0;Santos;Flamengo;0;1
2020;30/08/2020;09:00;6;0;Coritiba;Sport;1;0
2020;30/08/2020;11:00;6;0;Atlético-GO;Ceará ;0;2
2020;18/11/2020;11:00;6;0;Atlético-MG;Athletico-PR;0;2
2020;30/11/2020;10:00;6;0;Grêmio;Goiás;2;1
2020;03/09/2020;12:00;7;0;Ceará ;Fortaleza;1;0
2020;03/09/2020;12:15;7;0;Goiás;Corinthians;1;2
2020;03/09/2020;12:15;7;0;Fluminense;Atlético-GO;1;1
2020;03/09/2020;01:30;7;0;Botafogo;Coritiba;0;0
2020;03/09/2020;01:30;7;0;Athletico-PR;RB Bragantino;1;1
2020;03/09/2020;01:30;7;0;Bahia;Flamengo;3;5
2020;03/09/2020;02:30;7;0;Palmeiras;Internacional;1;1
2020;03/09/2020;02:30;7;0;Santos;Vasco da Gama;2;2
2020;04/09/2020;12:00;7;0;Grêmio;Sport;1;2
2020;04/09/2020;01:00;7;0;Atlético-MG;São Paulo;3;0
2020;05/09/2020;10:00;8;0;Flamengo;Fortaleza;2;1
2020;06/09/2020;12:00;8;0;Corinthians;Botafogo;2;2
2020;06/09/2020;02:00;8;0;Ceará ;Santos;0;1
2020;06/09/2020;04:00;8;0;RB Bragantino;Palmeiras;1;2
2020;06/09/2020;09:00;8;0;São Paulo;Fluminense;3;1
2020;06/09/2020;09:00;8;0;Internacional;Bahia;2;2
2020;06/09/2020;11:00;8;0;Vasco da Gama;Athletico-PR;1;0
2020;07/09/2020;12:00;8;0;Atlético-GO;Grêmio;1;1
2020;07/09/2020;01:30;8;0;Sport;Goiás;2;1
2020;07/09/2020;01:30;8;0;Coritiba;Atlético-MG;0;1
2020;09/09/2020;10:30;9;0;Athletico-PR;Botafogo;1;1
2020;09/09/2020;11:00;9;0;Goiás;Coritiba;3;3
2020;09/09/2020;11:00;9;0;Fortaleza;Sport;1;0
2020;10/09/2020;12:15;9;0;São Paulo;RB Bragantino;1;1
2020;10/09/2020;02:30;9;0;Fluminense;Flamengo;1;2
2020;10/09/2020;02:30;9;0;Santos;Atlético-MG;3;1
2020;11/09/2020;12:15;9;0;Internacional;Ceará ;2;0
2020;11/09/2020;12:15;9;0;Corinthians;Palmeiras;0;2
2020;11/09/2020;12:15;9;0;Bahia;Grêmio;0;2
2020;11/09/2020;02:00;9;0;Vasco da Gama;Atlético-GO;1;2
2020;12/09/2020;09:30;10;0;Athletico-PR;Coritiba;1;0
2020;13/09/2020;12:00;10;0;Santos;São Paulo;2;2
2020;13/09/2020;09:00;10;0;Fluminense;Corinthians;2;1
2020;13/09/2020;09:00;10;0;Grêmio;Fortaleza;1;1
2020;13/09/2020;11:00;10;0;Ceará ;Flamengo;2;0
2020;13/09/2020;11:00;10;0;Atlético-MG;RB Bragantino;2;1
2020;13/09/2020;11:00;10;0;Goiás;Internacional;1;0
2020;13/09/2020;11:00;10;0;Bahia;Atlético-GO;0;1
2020;14/09/2020;12:45;10;0;Palmeiras;Sport;2;2
2020;14/09/2020;01:30;10;0;Botafogo;Vasco da Gama;2;3
2020;27/08/2020;12:00;11;0;São Paulo;Athletico-PR;1;0
2020;17/09/2020;02:30;11;0;Corinthians;Bahia;3;2
2020;20/09/2020;12:00;11;0;RB Bragantino;Ceará ;4;2
2020;20/09/2020;12:00;11;0;Fortaleza;Internacional;1;0
2020;20/09/2020;02:00;11;0;Atlético-GO;Atlético-MG;3;4
2020;20/09/2020;09:00;11;0;Grêmio;Palmeiras;1;1
2020;20/09/2020;09:00;11;0;Coritiba;Vasco da Gama;1;0
2020;20/09/2020;11:15;11;0;Botafogo;Santos;0;0
2020;21/09/2020;01:30;11;0;Sport;Fluminense;1;0
2020;13/10/2020;11:00;11;0;Flamengo;Goiás;2;1
2020;24/09/2020;02:30;12;0;Sport;Corinthians;1;0
2020;27/09/2020;12:00;12;0;Internacional;São Paulo;1;1
2020;27/09/2020;12:00;12;0;Athletico-PR;Bahia;1;0
2020;27/09/2020;02:00;12;0;Atlético-MG;Grêmio;3;1
2020;27/09/2020;04:00;12;0;Vasco da Gama;RB Bragantino;1;1
2020;27/09/2020;09:00;12;0;Palmeiras;Flamengo;1;1
2020;27/09/2020;11:15;12;0;Ceará ;Goiás;2;2
2020;27/09/2020;11:15;12;0;Atlético-GO;Botafogo;1;1
2020;28/09/2020;01:30;12;0;Santos;Fortaleza;1;1
2020;29/09/2020;01:00;12;0;Fluminense;Coritiba;4;0
2020;03/10/2020;10:00;13;0;Grêmio;Internacional;1;1
2020;04/10/2020;12:00;13;0;Palmeiras;Ceará ;2;1
2020;04/10/2020;02:00;13;0;RB Bragantino;Corinthians;0;0
2020;04/10/2020;04:00;13;0;Botafogo;Fluminense;1;1
2020;04/10/2020;09:00;13;0;Flamengo;Athletico-PR;3;1
2020;04/10/2020;09:00;13;0;Coritiba;São Paulo;1;1
2020;04/10/2020;11:15;13;0;Bahia;Sport;1;2
2020;04/10/2020;11:15;13;0;Fortaleza;Atlético-GO;0;0
2020;04/10/2020;11:15;13;0;Goiás;Santos;2;3
2020;05/10/2020;01:30;13;0;Atlético-MG;Vasco da Gama;4;1
2020;08/10/2020;12:00;14;0;Corinthians;Santos;1;1
2020;08/10/2020;12:15;14;0;Flamengo;Sport;3;0
2020;08/10/2020;12:15;14;0;Grêmio;Coritiba;2;1
2020;08/10/2020;12:15;14;0;Bahia;Vasco da Gama;3;0
2020;08/10/2020;01:30;14;0;São Paulo;Atlético-GO;3;0
2020;08/10/2020;01:30;14;0;Goiás;Fluminense;2;4
2020;08/10/2020;02:30;14;0;Botafogo;Palmeiras;2;1
2020;08/10/2020;02:30;14;0;Fortaleza;Atlético-MG;2;1
2020;09/10/2020;12:00;14;0;Athletico-PR;Ceará ;0;0
2020;09/10/2020;02:00;14;0;RB Bragantino;Internacional;0;2
2020;10/10/2020;10:00;15;0;Vasco da Gama;Flamengo;1;2
2020;11/10/2020;12:00;15;0;Palmeiras;São Paulo;0;2
2020;11/10/2020;12:00;15;0;Coritiba;Fortaleza;0;0
2020;11/10/2020;02:00;15;0;Atlético-MG;Goiás;3;0
2020;11/10/2020;09:00;15;0;Fluminense;Bahia;1;0
2020;11/10/2020;09:00;15;0;Santos;Grêmio;2;1
2020;11/10/2020;11:15;15;0;Sport;Botafogo;1;2
2020;11/10/2020;11:15;15;0;Atlético-GO;RB Bragantino;2;1
2020;12/10/2020;01:30;15;0;Internacional;Athletico-PR;2;1
2020;12/10/2020;01:30;15;0;Ceará ;Corinthians;2;1
2020;14/10/2020;11:00;16;0;Palmeiras;Coritiba;1;3
2020;15/10/2020;12:15;16;0;Grêmio;Botafogo;3;1
2020;15/10/2020;01:30;16;0;Santos;Atlético-GO;0;1
2020;15/10/2020;02:30;16;0;Atlético-MG;Fluminense;1;1
2020;15/10/2020;02:30;16;0;Sport;Internacional;3;5
2020;15/10/2020;02:30;16;0;Athletico-PR;Corinthians;0;1
2020;16/10/2020;01:00;16;0;Flamengo;RB Bragantino;1;1
2020;17/10/2020;01:00;16;0;Goiás;Bahia;1;1
2020;19/11/2020;11:00;16;0;Vasco da Gama;Fortaleza;0;0
2020;25/11/2020;11:15;16;0;Ceará ;São Paulo;1;1
2020;18/10/2020;12:00;17;0;Coritiba;Santos;1;2
2020;18/10/2020;12:00;17;0;Atlético-GO;Athletico-PR;1;1
2020;18/10/2020;12:00;17;0;Fluminense;Ceará ;2;2
2020;18/10/2020;02:00;17;0;São Paulo;Grêmio;0;0
2020;18/10/2020;09:00;17;0;Corinthians;Flamengo;1;5
2020;18/10/2020;11:15;17;0;Internacional;Vasco da Gama;2;0
2020;19/10/2020;01:30;17;0;Fortaleza;Palmeiras;2;0
2020;19/10/2020;01:30;17;0;RB Bragantino;Sport;2;0
2020;20/10/2020;01:00;17;0;Bahia;Atlético-MG;3;1
2020;20/10/2020;01:00;17;0;Botafogo;Goiás;0;0
2020;22/10/2020;02:30;18;0;Vasco da Gama;Corinthians;1;2
2020;24/10/2020;10:00;18;0;RB Bragantino;Goiás;2;0
2020;25/10/2020;12:00;18;0;Ceará ;Coritiba;2;1
2020;25/10/2020;02:00;18;0;Atlético-MG;Sport;0;0
2020;25/10/2020;08:00;18;0;Fluminense;Santos;3;1
2020;25/10/2020;08:00;18;0;Atlético-GO;Palmeiras;0;3
2020;25/10/2020;10:15;18;0;Internacional;Flamengo;2;2
2020;25/10/2020;10:15;18;0;Athletico-PR;Grêmio;1;2
2020;11/11/2020;10:45;18;0;Bahia;Fortaleza;2;1
2020;10/12/2020;01:30;18;0;São Paulo;Botafogo;4;0
2020;31/10/2020;09:00;19;0;Botafogo;Ceará ;2;2
2020;31/10/2020;11:00;19;0;Corinthians;Internacional;1;0
2020;31/10/2020;11:00;19;0;Coritiba;Atlético-GO;1;0
2020;01/11/2020;01:00;19;0;Fortaleza;Fluminense;0;1
2020;01/11/2020;08:00;19;0;Flamengo;São Paulo;1;4
2020;01/11/2020;08:00;19;0;Sport;Athletico-PR;1;0
2020;01/11/2020;10:15;19;0;Santos;Bahia;3;1
2020;02/11/2020;12:30;19;0;Goiás;Vasco da Gama;1;1
2020;02/11/2020;09:00;19;0;Palmeiras;Atlético-MG;3;0
2020;03/11/2020;12:00;19;0;Grêmio;RB Bragantino;2;1
2020;07/11/2020;09:00;20;0;Ceará ;Sport;0;0
2020;07/11/2020;09:00;20;0;Athletico-PR;Fortaleza;2;1
2020;07/11/2020;09:00;20;0;São Paulo;Goiás;2;1
2020;08/11/2020;01:00;20;0;Atlético-GO;Corinthians;1;1
2020;08/11/2020;08:00;20;0;Vasco da Gama;Palmeiras;0;1
2020;08/11/2020;08:00;20;0;Internacional;Coritiba;2;2
2020;08/11/2020;10:15;20;0;Atlético-MG;Flamengo;4;0
2020;08/11/2020;10:15;20;0;Bahia;Botafogo;1;0
2020;08/11/2020;10:15;20;0;RB Bragantino;Santos;1;1
2020;09/11/2020;12:30;20;0;Fluminense;Grêmio;0;1
2020;14/11/2020;08:30;21;0;Sport;Vasco da Gama;0;2
2020;14/11/2020;08:30;21;0;Santos;Internacional;2;0
2020;14/11/2020;09:00;21;0;Goiás;Athletico-PR;0;1
2020;14/11/2020;11:00;21;0;Fortaleza;São Paulo;2;3
2020;14/11/2020;11:00;21;0;Corinthians;Atlético-MG;1;2
2020;14/11/2020;11:00;21;0;Coritiba;Bahia;1;2
2020;14/11/2020;11:00;21;0;Grêmio;Ceará ;4;2
2020;15/11/2020;01:30;21;0;Palmeiras;Fluminense;2;0
2020;15/11/2020;01:30;21;0;Flamengo;Atlético-GO;1;1
2020;17/11/2020;12:00;21;0;Botafogo;RB Bragantino;1;2
2020;20/11/2020;11:00;22;0;RB Bragantino;Bahia;4;0
2020;21/11/2020;10:00;22;0;Athletico-PR;Santos;1;0
2020;21/11/2020;10:00;22;0;Flamengo;Coritiba;3;1
2020;22/11/2020;12:00;22;0;Goiás;Palmeiras;1;0
2020;22/11/2020;07:00;22;0;São Paulo;Vasco da Gama;1;1
2020;22/11/2020;07:00;22;0;Ceará ;Atlético-MG;2;2
2020;22/11/2020;09:15;22;0;Internacional;Fluminense;1;2
2020;22/11/2020;09:15;22;0;Botafogo;Fortaleza;1;2
2020;22/11/2020;11:30;22;0;Corinthians;Grêmio;0;0
2020;23/11/2020;11:00;22;0;Sport;Atlético-GO;0;1
2020;26/11/2020;12:30;23;0;Atlético-MG;Botafogo;2;1
2020;26/11/2020;12:30;23;0;Coritiba;Corinthians;0;1
2020;26/11/2020;11:00;23;0;Fortaleza;Goiás;1;1
2020;28/11/2020;08:00;23;0;Santos;Sport;4;2
2020;28/11/2020;08:00;23;0;Palmeiras;Athletico-PR;3;0
2020;28/11/2020;10:00;23;0;Bahia;São Paulo;1;3
2020;29/11/2020;12:00;23;0;Atlético-GO;Internacional;0;0
2020;30/11/2020;10:00;23;0;Vasco da Gama;Ceará ;1;4
2020;30/11/2020;11:00;23;0;Fluminense;RB Bragantino;0;0
2020;29/01/2021;12:00;23;0;Grêmio;Flamengo;2;4
2020;03/12/2020;12:30;24;0;Fortaleza;Corinthians;0;0
2020;05/12/2020;08:00;24;0;Botafogo;Flamengo;0;1
2020;05/12/2020;09:00;24;0;Santos;Palmeiras;2;2
2020;05/12/2020;10:00;24;0;Fluminense;Athletico-PR;3;1
2020;05/12/2020;10:00;24;0;Bahia;Ceará ;0;2
2020;06/12/2020;12:00;24;0;Coritiba;RB Bragantino;0;0
2020;06/12/2020;07:00;24;0;Grêmio;Vasco da Gama;4;0
2020;06/12/2020;08:00;24;0;São Paulo;Sport;1;0
2020;06/12/2020;09:15;24;0;Atlético-MG;Internacional;2;2
2020;07/12/2020;11:00;24;0;Atlético-GO;Goiás;0;1
2020;12/12/2020;08:00;25;0;Athletico-PR;Atlético-MG;0;1
2020;12/12/2020;08:00;25;0;RB Bragantino;Fortaleza;2;1
2020;12/12/2020;10:00;25;0;Internacional;Botafogo;2;1
2020;12/12/2020;10:00;25;0;Palmeiras;Bahia;3;0
2020;13/12/2020;12:00;25;0;Ceará ;Atlético-GO;1;2
2020;13/12/2020;01:00;25;0;Goiás;Grêmio;0;0
2020;13/12/2020;07:00;25;0;Flamengo;Santos;4;1
2020;13/12/2020;09:15;25;0;Corinthians;São Paulo;1;0
2020;13/12/2020;09:15;25;0;Sport;Coritiba;1;0
2020;14/12/2020;12:30;25;0;Vasco da Gama;Fluminense;1;1
2020;17/12/2020;01:30;26;0;Atlético-GO;Fluminense;2;1
2020;17/12/2020;01:30;26;0;São Paulo;Atlético-MG;3;0
2020;19/12/2020;11:00;26;0;Sport;Grêmio;1;1
2020;20/12/2020;12:30;26;0;Fortaleza;Ceará ;0;2
2020;20/12/2020;01:00;26;0;Coritiba;Botafogo;1;2
2020;20/12/2020;01:00;26;0;Internacional;Palmeiras;2;0
2020;20/12/2020;08:00;26;0;Vasco da Gama;Santos;1;0
2020;20/12/2020;08:00;26;0;RB Bragantino;Athletico-PR;0;1
2020;20/12/2020;10:15;26;0;Flamengo;Bahia;4;3
2020;21/12/2020;11:00;26;0;Corinthians;Goiás;2;1
2020;26/12/2020;09:00;27;0;Atlético-MG;Coritiba;2;0
2020;26/12/2020;11:00;27;0;Fortaleza;Flamengo;0;0
2020;26/12/2020;11:00;27;0;Goiás;Sport;1;0
2020;27/12/2020;12:30;27;0;Grêmio;Atlético-GO;2;1
2020;27/12/2020;01:00;27;0;Fluminense;São Paulo;1;2
2020;27/12/2020;08:00;27;0;Botafogo;Corinthians;0;2
2020;27/12/2020;08:00;27;0;Bahia;Internacional;1;2
2020;27/12/2020;10:15;27;0;Athletico-PR;Vasco da Gama;3;0
2020;27/12/2020;10:15;27;0;Palmeiras;RB Bragantino;1;0
2020;27/12/2020;10:15;27;0;Santos;Ceará ;1;1
2020;06/01/2021;10:15;28;0;Botafogo;Athletico-PR;0;2
2020;06/01/2021;10:15;28;0;Grêmio;Bahia;2;1
2020;06/01/2021;11:30;28;0;Sport;Fortaleza;1;0
2020;06/01/2021;11:30;28;0;Coritiba;Goiás;1;2
2020;07/01/2021;12:30;28;0;Flamengo;Fluminense;1;2
2020;07/01/2021;12:30;28;0;RB Bragantino;São Paulo;4;2
2020;07/01/2021;10:00;28;0;Ceará ;Internacional;0;2
2020;08/01/2021;12:00;28;0;Atlético-GO;Vasco da Gama;0;0
2020;18/01/2021;10:00;28;0;Palmeiras;Corinthians;4;0
2020;27/01/2021;12:00;28;0;Atlético-MG;Santos;2;0
2020;09/01/2021;10:00;29;0;Sport;Palmeiras;0;1
2020;09/01/2021;10:00;29;0;Coritiba;Athletico-PR;0;0
2020;10/01/2021;12:00;29;0;Fortaleza;Grêmio;0;0
2020;10/01/2021;07:00;29;0;Flamengo;Ceará ;0;2
2020;10/01/2021;07:00;29;0;São Paulo;Santos;0;1
2020;10/01/2021;09:15;29;0;Internacional;Goiás;1;0
2020;10/01/2021;09:15;29;0;Atlético-GO;Bahia;1;1
2020;10/01/2021;11:30;29;0;Vasco da Gama;Botafogo;3;0
2020;11/01/2021;11:00;29;0;RB Bragantino;Atlético-MG;2;2
2020;14/01/2021;12:30;29;0;Corinthians;Fluminense;5;0
2020;16/01/2021;01:30;30;0;Palmeiras;Grêmio;1;1
2020;16/01/2021;11:00;30;0;Fluminense;Sport;1;0
2020;17/01/2021;01:00;30;0;Vasco da Gama;Coritiba;0;1
2020;17/01/2021;08:00;30;0;Santos;Botafogo;2;1
2020;17/01/2021;08:00;30;0;Athletico-PR;São Paulo;1;1
2020;17/01/2021;10:15;30;0;Atlético-MG;Atlético-GO;3;1
2020;18/01/2021;12:30;30;0;Internacional;Fortaleza;4;2
2020;18/01/2021;12:30;30;0;Ceará ;RB Bragantino;1;2
2020;19/01/2021;12:00;30;0;Goiás;Flamengo;0;3
2020;28/01/2021;11:00;30;0;Bahia;Corinthians;2;1
2020;20/01/2021;09:00;31;0;Botafogo;Atlético-GO;1;3
2020;20/01/2021;10:00;31;0;Bahia;Athletico-PR;1;0
2020;20/01/2021;11:15;31;0;Grêmio;Atlético-MG;1;1
2020;21/01/2021;12:30;31;0;Coritiba;Fluminense;3;3
2020;21/01/2021;01:30;31;0;São Paulo;Internacional;1;5
2020;21/01/2021;01:30;31;0;RB Bragantino;Vasco da Gama;4;1
2020;21/01/2021;11:00;31;0;Flamengo;Palmeiras;2;0
2020;21/01/2021;11:00;31;0;Fortaleza;Santos;2;0
2020;21/01/2021;11:00;31;0;Goiás;Ceará ;0;4
2020;22/01/2021;01:00;31;0;Corinthians;Sport;3;0
2020;23/01/2021;11:00;32;0;São Paulo;Coritiba;1;1
2020;24/01/2021;01:00;32;0;Vasco da Gama;Atlético-MG;3;2
2020;24/01/2021;08:00;32;0;Internacional;Grêmio;2;1
2020;24/01/2021;08:00;32;0;Athletico-PR;Flamengo;2;1
2020;24/01/2021;08:00;32;0;Ceará ;Palmeiras;2;1
2020;24/01/2021;10:15;32;0;Sport;Bahia;2;0
2020;24/01/2021;10:15;32;0;Atlético-GO;Fortaleza;2;0
2020;24/01/2021;10:15;32;0;Santos;Goiás;3;4
2020;25/01/2021;12:30;32;0;Fluminense;Botafogo;2;0
2020;26/01/2021;12:00;32;0;Corinthians;RB Bragantino;0;2
2020;31/01/2021;08:00;33;0;Vasco da Gama;Bahia;0;0
2020;31/01/2021;08:00;33;0;Coritiba;Grêmio;1;1
2020;31/01/2021;08:00;33;0;Atlético-GO;São Paulo;2;1
2020;31/01/2021;09:00;33;0;Atlético-MG;Fortaleza;2;0
2020;31/01/2021;10:15;33;0;Internacional;RB Bragantino;2;1
2020;31/01/2021;11:00;33;0;Ceará ;Athletico-PR;0;2
2020;01/02/2021;12:30;33;0;Fluminense;Goiás;3;0
2020;02/02/2021;12:00;33;0;Sport;Flamengo;0;3
2020;02/02/2021;07:00;33;0;Palmeiras;Botafogo;1;1
2020;17/02/2021;10:00;33;0;Santos;Corinthians;1;0
2020;03/02/2021;07:00;34;0;Grêmio;Santos;3;3
2020;03/02/2021;10:15;34;0;RB Bragantino;Atlético-GO;2;0
2020;04/02/2021;12:30;34;0;Corinthians;Ceará ;2;1
2020;04/02/2021;12:30;34;0;Bahia;Fluminense;0;1
2020;04/02/2021;01:30;34;0;Goiás;Atlético-MG;1;0
2020;04/02/2021;09:30;34;0;Fortaleza;Coritiba;3;1
2020;05/02/2021;12:00;34;0;Flamengo;Vasco da Gama;2;0
2020;05/02/2021;12:00;34;0;Athletico-PR;Internacional;0;0
2020;05/02/2021;11:00;34;0;Botafogo;Sport;0;1
2020;20/02/2021;01:30;34;0;São Paulo;Palmeiras;1;1
2020;06/02/2021;10:00;35;0;Bahia;Goiás;3;3
2020;07/02/2021;12:00;35;0;Atlético-GO;Santos;1;1
2020;07/02/2021;11:30;35;0;RB Bragantino;Flamengo;1;1
2020;08/02/2021;11:00;35;0;Botafogo;Grêmio;2;5
2020;10/02/2021;10:00;35;0;Internacional;Sport;1;2
2020;10/02/2021;10:15;35;0;Fortaleza;Vasco da Gama;3;0
2020;11/02/2021;12:00;35;0;São Paulo;Ceará ;1;1
2020;11/02/2021;12:30;35;0;Fluminense;Atlético-MG;0;0
2020;11/02/2021;12:30;35;0;Corinthians;Athletico-PR;3;3
2020;17/02/2021;11:30;35;0;Coritiba;Palmeiras;1;0
2020;13/02/2021;09:00;36;0;Goiás;Botafogo;2;0
2020;13/02/2021;11:00;36;0;Santos;Coritiba;2;0
2020;13/02/2021;11:00;36;0;Atlético-MG;Bahia;1;1
2020;14/02/2021;08:00;36;0;Flamengo;Corinthians;2;1
2020;14/02/2021;08:00;36;0;Vasco da Gama;Internacional;0;2
2020;14/02/2021;10:15;36;0;Palmeiras;Fortaleza;3;0
2020;14/02/2021;10:15;36;0;Athletico-PR;Atlético-GO;2;1
2020;15/02/2021;12:30;36;0;Grêmio;São Paulo;1;2
2020;15/02/2021;10:00;36;0;Ceará ;Fluminense;1;3
2020;16/02/2021;12:00;36;0;Sport;RB Bragantino;0;0
2020;20/02/2021;10:30;37;0;Coritiba;Ceará ;0;2
2020;21/02/2021;01:00;37;0;Fortaleza;Bahia;0;4
2020;21/02/2021;08:00;37;0;Sport;Atlético-MG;2;3
2020;21/02/2021;08:00;37;0;Flamengo;Internacional;2;1
2020;21/02/2021;08:00;37;0;Corinthians;Vasco da Gama;0;0
2020;21/02/2021;10:15;37;0;Santos;Fluminense;1;1
2020;21/02/2021;10:15;37;0;Grêmio;Athletico-PR;1;0
2020;22/02/2021;12:30;37;0;Goiás;RB Bragantino;0;0
2020;22/02/2021;10:00;37;0;Palmeiras;Atlético-GO;1;1
2020;23/02/2021;12:00;37;0;Botafogo;São Paulo;1;0
2020;25/02/2021;11:30;38;0;São Paulo;Flamengo;2;1
2020;26/02/2021;01:30;38;0;Fluminense;Fortaleza;2;0
2020;26/02/2021;01:30;38;0;Vasco da Gama;Goiás;3;2
2020;26/02/2021;01:30;38;0;RB Bragantino;Grêmio;1;0
2020;26/02/2021;01:30;38;0;Atlético-MG;Palmeiras;2;0
2020;26/02/2021;01:30;38;0;Internacional;Corinthians;0;0
2020;26/02/2021;01:30;38;0;Bahia;Santos;2;0
2020;26/02/2021;01:30;38;0;Athletico-PR;Sport;2;0
2020;26/02/2021;01:30;38;0;Ceará ;Botafogo;2;1
2020;26/02/2021;01:30;38;0;Atlético-GO;Coritiba;3;1
